candidate_id,candidate_name,target_role,skills_match_count,skills_match_ratio,tech_skills_count,projects_count,certifications_count,experience_years,education_level,education_degree,prog_languages_count,missing_skills_count,has_internship,resume_word_count,matched_skills,missing_skills,suitability_score_raw,suitable
CAND_1000,Sneha Sharma,Mobile Application Developer,8,0.6667,9,0,2,2.0,1,B.Tech / B.E / B.S,1,4,0,368,Kotlin; Android; Git; React Native; Dart; Swift; Java; UI/UX,Flutter; Firebase; REST API; SQLite,50.0,0
CAND_1001,Rohan Anderson,Cloud & DevOps Engineer,7,0.5385,10,1,0,1.3,1,B.Tech / B.E / B.S,2,6,1,360,Linux; Git; Docker; AWS; Python; Prometheus; Terraform,Kubernetes; CI/CD; Jenkins; GitHub Actions; Ansible; Bash,50.75,0
CAND_1002,Rahul Miller,Cloud & DevOps Engineer,3,0.2308,6,3,0,0.3,1,B.Tech / B.E / B.S,1,10,0,510,AWS; GitHub Actions; Python,Linux; Docker; Kubernetes; Terraform; CI/CD; Jenkins; Ansible; Bash; Prometheus; Git,33.6,0
CAND_1003,Karthik Sharma,Backend Java Developer,13,0.9286,20,0,0,1.1,1,B.Tech / B.E / B.S,4,1,1,457,AWS; MySQL; PostgreSQL; SQL; Microservices; REST API; Maven; Java; Git; Redis; Hibernate; Spring Boot; Kafka,Docker,56.19,0
CAND_1004,Maya Kumar,Fullstack Software Engineer,9,0.6429,11,3,1,2.9,1,B.Tech / B.E / B.S,1,5,1,254,Docker; PostgreSQL; MongoDB; JavaScript; SQL; Git; Java; REST API; Spring Boot,React; TypeScript; Node.js; HTML5; CSS3,78.79,1
CAND_1005,Maya Smith,Python / AI Engineer,8,0.6154,12,3,1,3.2,1,B.Tech / B.E / B.S,3,5,1,429,Scikit-Learn; REST API; PyTorch; Python; Git; Pandas; NLP; Computer Vision,TensorFlow; NumPy; SQL; FastAPI; Docker,77.42,1
CAND_1006,Sneha Johnson,Frontend React Engineer,12,0.9231,15,1,0,5.8,1,B.Tech / B.E / B.S,3,1,0,361,Redux; Webpack; CSS3; TypeScript; Vite; REST API; JavaScript; Git; GraphQL; React; HTML5; Next.js,Tailwind CSS,79.23,1
CAND_1007,Chloe Singh,Backend Java Developer,5,0.3571,7,2,2,4.3,0,Diploma / Associate,3,9,1,376,Hibernate; MySQL; SQL; Docker; Redis,Java; Spring Boot; Microservices; REST API; PostgreSQL; Kafka; AWS; Git; Maven,58.02,1
CAND_1008,Ananya Chen,Fullstack Software Engineer,9,0.6429,14,2,0,0.1,1,B.Tech / B.E / B.S,3,5,1,472,Node.js; React; Spring Boot; SQL; Java; JavaScript; CSS3; REST API; Docker,TypeScript; PostgreSQL; MongoDB; Git; HTML5,59.19,1
CAND_1009,Alex Gupta,Mobile Application Developer,6,0.5,9,3,0,2.2,1,B.Tech / B.E / B.S,3,6,1,365,Firebase; Java; UI/UX; React Native; Kotlin; Dart,Flutter; Android; Swift; REST API; SQLite; Git,69.45,1
CAND_1010,Ananya Miller,Python / AI Engineer,8,0.6154,10,3,0,6.1,1,B.Tech / B.E / B.S,2,5,1,509,Pandas; REST API; NLP; SQL; Computer Vision; NumPy; PyTorch; Docker,Python; TensorFlow; Scikit-Learn; FastAPI; Git,70.54,1
CAND_1011,Daniel Wilson,Fullstack Software Engineer,5,0.3571,9,2,1,5.0,2,M.Tech / M.S / Ph.D,3,9,0,444,HTML5; React; JavaScript; TypeScript; Git,Node.js; Java; Spring Boot; SQL; PostgreSQL; MongoDB; REST API; Docker; CSS3,65.2,1
CAND_1012,Sarah Thomas,Fullstack Software Engineer,11,0.7857,14,3,1,4.2,1,B.Tech / B.E / B.S,3,3,1,269,SQL; CSS3; REST API; PostgreSQL; MongoDB; Java; React; Spring Boot; HTML5; Git; TypeScript,JavaScript; Node.js; Docker,84.3,1
CAND_1013,Alex Reddy,Frontend React Engineer,9,0.6923,12,3,0,0.1,1,B.Tech / B.E / B.S,2,4,0,406,Tailwind CSS; TypeScript; Redux; React; HTML5; Vite; REST API; GraphQL; Webpack,JavaScript; Next.js; CSS3; Git,64.23,1
CAND_1014,Daniel Thomas,Backend Java Developer,4,0.2857,6,4,1,1.9,1,B.Tech / B.E / B.S,3,10,0,426,Microservices; PostgreSQL; Maven; Redis,Java; Spring Boot; REST API; SQL; MySQL; Hibernate; Kafka; Docker; AWS; Git,46.94,0
CAND_1015,Daniel Sharma,Python / AI Engineer,6,0.4615,12,2,2,2.3,1,B.Tech / B.E / B.S,3,7,0,293,NumPy; FastAPI; Python; PyTorch; Git; Pandas,TensorFlow; Scikit-Learn; SQL; Docker; NLP; Computer Vision; REST API,53.44,0
CAND_1016,Ananya Verma,Backend Java Developer,10,0.7143,13,0,2,1.0,1,B.Tech / B.E / B.S,3,4,0,480,Kafka; Spring Boot; Git; Hibernate; AWS; Redis; Microservices; Maven; PostgreSQL; REST API,Java; SQL; MySQL; Docker,47.15,0
CAND_1017,Chloe Nair,Frontend React Engineer,8,0.6154,13,0,0,7.2,2,M.Tech / M.S / Ph.D,3,5,1,383,REST API; GraphQL; Tailwind CSS; Next.js; Git; Vite; CSS3; TypeScript,React; JavaScript; HTML5; Redux; Webpack,58.73,1
CAND_1018,David Smith,Cloud & DevOps Engineer,11,0.8462,16,1,0,3.1,0,Diploma / Associate,1,2,1,393,Ansible; GitHub Actions; Docker; AWS; Python; Bash; Kubernetes; Linux; Terraform; Prometheus; Jenkins,CI/CD; Git,76.42,1
CAND_1019,Ananya Sharma,Fullstack Software Engineer,10,0.7143,14,2,1,1.5,2,M.Tech / M.S / Ph.D,3,4,1,441,Docker; Git; React; Node.js; JavaScript; CSS3; Spring Boot; MongoDB; Java; REST API,TypeScript; SQL; PostgreSQL; HTML5,70.03,1
CAND_1020,Karthik Wilson,Backend Java Developer,9,0.6429,14,4,3,0.5,0,Diploma / Associate,1,5,1,450,Redis; Microservices; AWS; Kafka; Docker; Hibernate; REST API; MySQL; Maven,Java; Spring Boot; SQL; PostgreSQL; Git,65.92,1
CAND_1021,Sarah Gupta,Fullstack Software Engineer,8,0.5714,10,3,1,4.6,1,B.Tech / B.E / B.S,4,6,1,480,JavaScript; Git; SQL; Spring Boot; Docker; REST API; PostgreSQL; MongoDB,React; TypeScript; Node.js; Java; HTML5; CSS3,75.51,1
CAND_1022,Aditi Reddy,Fullstack Software Engineer,5,0.3571,10,4,1,3.9,1,B.Tech / B.E / B.S,4,9,1,390,SQL; Docker; Spring Boot; JavaScript; Node.js,React; TypeScript; Java; PostgreSQL; MongoDB; REST API; Git; HTML5; CSS3,66.85,1
CAND_1023,Rahul Gupta,Python / AI Engineer,8,0.6154,13,2,0,1.8,1,B.Tech / B.E / B.S,4,5,1,487,FastAPI; TensorFlow; SQL; REST API; Pandas; Git; PyTorch; Python,Scikit-Learn; NumPy; Docker; NLP; Computer Vision,69.81,1
CAND_1024,Michael Miller,Fullstack Software Engineer,6,0.4286,7,5,0,1.0,1,B.Tech / B.E / B.S,5,8,0,346,React; Git; MongoDB; CSS3; JavaScript; Node.js,TypeScript; Java; Spring Boot; SQL; PostgreSQL; REST API; Docker; HTML5,60.06,1
CAND_1025,Priya Brown,Cloud & DevOps Engineer,10,0.7692,11,1,1,3.0,1,B.Tech / B.E / B.S,5,3,1,419,GitHub Actions; AWS; Jenkins; Linux; Kubernetes; Bash; Python; Prometheus; Ansible; CI/CD,Docker; Terraform; Git,73.59,1
CAND_1026,Pooja Brown,Mobile Application Developer,5,0.4167,8,2,1,1.3,1,B.Tech / B.E / B.S,3,7,0,528,UI/UX; REST API; Firebase; React Native; Android,Flutter; Dart; Kotlin; Swift; Java; SQLite; Git,56.48,0
CAND_1027,Pooja Gupta,Fullstack Software Engineer,6,0.4286,11,2,2,2.5,1,B.Tech / B.E / B.S,4,8,0,270,REST API; Docker; MongoDB; React; Spring Boot; Git,JavaScript; TypeScript; Node.js; Java; SQL; PostgreSQL; HTML5; CSS3,53.71,0
CAND_1028,Aditi Anderson,Cloud & DevOps Engineer,10,0.7692,15,3,1,1.2,1,B.Tech / B.E / B.S,1,3,0,388,Ansible; Git; Kubernetes; Linux; Prometheus; Docker; Jenkins; GitHub Actions; Python; Terraform,AWS; CI/CD; Bash,71.14,1
CAND_1029,Ananya Johnson,Fullstack Software Engineer,8,0.5714,13,1,1,1.6,1,B.Tech / B.E / B.S,3,6,0,244,REST API; Node.js; CSS3; Docker; React; JavaScript; SQL; Spring Boot,TypeScript; Java; PostgreSQL; MongoDB; Git; HTML5,59.64,1
CAND_1030,James Anderson,Python / AI Engineer,12,0.9231,16,0,0,2.0,1,B.Tech / B.E / B.S,2,1,0,390,NumPy; Pandas; Scikit-Learn; Git; Computer Vision; REST API; Docker; PyTorch; TensorFlow; SQL; NLP; Python,FastAPI,60.67,1
CAND_1031,Aarav Taylor,Python / AI Engineer,1,0.0769,5,2,4,1.5,1,B.Tech / B.E / B.S,3,12,1,268,NLP,Python; PyTorch; TensorFlow; Scikit-Learn; Pandas; NumPy; SQL; FastAPI; Docker; Computer Vision; REST API; Git,42.15,0
CAND_1032,Sneha Patel,Python / AI Engineer,3,0.2308,5,0,0,0.7,1,B.Tech / B.E / B.S,1,10,1,388,Scikit-Learn; Docker; Pandas,Python; PyTorch; TensorFlow; NumPy; SQL; FastAPI; NLP; Computer Vision; REST API; Git,19.09,0
CAND_1033,Vikram Smith,Fullstack Software Engineer,3,0.2143,8,1,2,3.0,1,B.Tech / B.E / B.S,2,11,1,423,Node.js; Spring Boot; Java,React; JavaScript; TypeScript; SQL; PostgreSQL; MongoDB; REST API; Git; Docker; HTML5; CSS3,53.98,0
CAND_1034,Priya Taylor,Python / AI Engineer,3,0.2308,8,2,1,0.6,1,B.Tech / B.E / B.S,2,10,1,392,REST API; Pandas; NLP,Python; PyTorch; TensorFlow; Scikit-Learn; NumPy; SQL; FastAPI; Docker; Computer Vision; Git,38.67,0
CAND_1035,Daniel Sharma,Mobile Application Developer,2,0.1667,4,2,1,1.2,1,B.Tech / B.E / B.S,2,10,1,516,REST API; Kotlin,Flutter; Dart; React Native; Android; Swift; Java; Firebase; SQLite; Git; UI/UX,42.7,0
CAND_1036,Sneha Iyer,Frontend React Engineer,10,0.7692,11,1,0,0.5,1,B.Tech / B.E / B.S,2,3,0,434,JavaScript; Git; REST API; TypeScript; HTML5; Webpack; Redux; Vite; GraphQL; CSS3,React; Next.js; Tailwind CSS,52.54,0
CAND_1037,Karthik Davis,Cloud & DevOps Engineer,4,0.3077,7,4,1,1.9,1,B.Tech / B.E / B.S,3,9,1,410,Terraform; Linux; Docker; Jenkins,Kubernetes; AWS; CI/CD; GitHub Actions; Ansible; Python; Bash; Prometheus; Git,55.19,0
CAND_1038,Karthik Verma,Fullstack Software Engineer,3,0.2143,5,2,1,0.1,1,B.Tech / B.E / B.S,1,11,1,386,Spring Boot; HTML5; TypeScript,React; JavaScript; Node.js; Java; SQL; PostgreSQL; MongoDB; REST API; Git; Docker; CSS3,34.49,0
CAND_1039,Karthik Nair,Mobile Application Developer,7,0.5833,12,3,3,0.4,0,Diploma / Associate,3,5,1,578,Firebase; REST API; Java; Git; Flutter; UI/UX; SQLite,Dart; React Native; Android; Kotlin; Swift,66.62,1
CAND_1040,Vikram Miller,Fullstack Software Engineer,9,0.6429,15,2,0,1.4,1,B.Tech / B.E / B.S,3,5,1,372,CSS3; Spring Boot; REST API; MongoDB; TypeScript; SQL; Docker; React; PostgreSQL,JavaScript; Node.js; Java; Git; HTML5,65.92,1
CAND_1041,Emily Verma,Frontend React Engineer,4,0.3077,7,1,2,2.1,1,B.Tech / B.E / B.S,4,9,0,430,Next.js; Webpack; Git; JavaScript,React; TypeScript; HTML5; CSS3; Tailwind CSS; Redux; REST API; GraphQL; Vite,41.74,0
CAND_1042,Emily Miller,Cloud & DevOps Engineer,2,0.1538,5,1,0,3.5,1,B.Tech / B.E / B.S,2,11,0,464,Python; Prometheus,Linux; Docker; Kubernetes; AWS; Terraform; CI/CD; Jenkins; GitHub Actions; Ansible; Bash; Git,36.77,0
CAND_1043,Vikram Singh,Backend Java Developer,13,0.9286,17,4,0,1.9,1,B.Tech / B.E / B.S,3,1,1,450,Git; Maven; Microservices; MySQL; Java; AWS; PostgreSQL; Docker; REST API; Spring Boot; Redis; Kafka; Hibernate,SQL,91.48,1
CAND_1044,David Verma,Cloud & DevOps Engineer,10,0.7692,16,5,2,0.3,2,M.Tech / M.S / Ph.D,4,3,1,471,AWS; Git; GitHub Actions; CI/CD; Terraform; Prometheus; Docker; Linux; Jenkins; Bash,Kubernetes; Ansible; Python,72.86,1
CAND_1045,Alex Kumar,Fullstack Software Engineer,8,0.5714,12,2,1,1.3,1,B.Tech / B.E / B.S,2,6,1,355,HTML5; Java; Spring Boot; Git; MongoDB; SQL; Docker; React,JavaScript; TypeScript; Node.js; PostgreSQL; REST API; CSS3,61.59,1
CAND_1046,Sneha Kumar,Backend Java Developer,4,0.2857,5,3,0,7.1,1,B.Tech / B.E / B.S,2,10,1,496,Kafka; SQL; Java; Spring Boot,Microservices; REST API; PostgreSQL; MySQL; Hibernate; Redis; Docker; AWS; Git; Maven,58.0,1
CAND_1047,Maya Brown,Frontend React Engineer,7,0.5385,10,2,1,0.1,1,B.Tech / B.E / B.S,2,6,1,417,Vite; CSS3; Tailwind CSS; GraphQL; REST API; JavaScript; Next.js,React; TypeScript; HTML5; Redux; Webpack; Git,47.44,0
CAND_1048,James Gupta,Frontend React Engineer,4,0.3077,8,0,0,2.8,1,B.Tech / B.E / B.S,1,9,1,379,React; Vite; Tailwind CSS; Git,JavaScript; TypeScript; Next.js; HTML5; CSS3; Redux; REST API; GraphQL; Webpack,39.23,0
CAND_1049,Daniel Miller,Mobile Application Developer,3,0.25,5,1,1,4.3,2,M.Tech / M.S / Ph.D,2,9,0,405,UI/UX; Git; Android,Flutter; Dart; React Native; Kotlin; Swift; Java; Firebase; REST API; SQLite,42.35,0
CAND_1050,Emily Brown,Fullstack Software Engineer,4,0.2857,8,2,0,2.2,1,B.Tech / B.E / B.S,3,10,1,282,Git; Spring Boot; REST API; HTML5,React; JavaScript; TypeScript; Node.js; Java; SQL; PostgreSQL; MongoDB; Docker; CSS3,50.69,0
CAND_1051,Sneha Rao,Python / AI Engineer,5,0.3846,6,1,1,2.2,1,B.Tech / B.E / B.S,1,8,0,416,Pandas; Computer Vision; SQL; NumPy; REST API,Python; PyTorch; TensorFlow; Scikit-Learn; FastAPI; Docker; NLP; Git,39.9,0
CAND_1052,Pooja Miller,Backend Java Developer,12,0.8571,15,1,3,4.6,1,B.Tech / B.E / B.S,3,2,0,480,REST API; MySQL; Docker; Git; Microservices; SQL; AWS; Redis; Java; Kafka; Hibernate; PostgreSQL,Spring Boot; Maven,70.78,1
CAND_1053,Sarah Anderson,Python / AI Engineer,4,0.3077,6,2,1,0.8,1,B.Tech / B.E / B.S,2,9,0,441,Computer Vision; NumPy; FastAPI; Git,Python; PyTorch; TensorFlow; Scikit-Learn; Pandas; SQL; Docker; NLP; REST API,40.07,0
CAND_1054,Michael Gupta,Python / AI Engineer,9,0.6923,12,0,1,1.5,1,B.Tech / B.E / B.S,2,4,1,433,FastAPI; REST API; TensorFlow; PyTorch; Pandas; NumPy; Python; NLP; Computer Vision,Scikit-Learn; SQL; Docker; Git,55.83,0
CAND_1055,Ananya Gupta,Backend Java Developer,7,0.5,9,4,0,0.5,1,B.Tech / B.E / B.S,4,7,0,247,Java; Maven; REST API; Hibernate; Kafka; Spring Boot; Docker,Microservices; SQL; PostgreSQL; MySQL; Redis; AWS; Git,58.16,1
CAND_1056,Sarah Anderson,Backend Java Developer,11,0.7857,14,3,3,0.4,1,B.Tech / B.E / B.S,4,3,1,489,AWS; Maven; MySQL; Hibernate; Git; REST API; Microservices; PostgreSQL; Kafka; Java; SQL,Spring Boot; Redis; Docker,74.06,1
CAND_1057,Sarah Singh,Backend Java Developer,7,0.5,9,2,0,0.3,1,B.Tech / B.E / B.S,3,7,1,411,Git; AWS; Redis; Hibernate; Java; Maven; REST API,Spring Boot; Microservices; SQL; PostgreSQL; MySQL; Kafka; Docker,51.8,0
CAND_1058,Sneha Taylor,Backend Java Developer,5,0.3571,9,4,0,4.6,1,B.Tech / B.E / B.S,5,9,0,441,Git; Hibernate; Docker; Redis; AWS,Java; Spring Boot; Microservices; REST API; SQL; PostgreSQL; MySQL; Kafka; Maven,63.75,1
CAND_1059,Maya Chen,Cloud & DevOps Engineer,8,0.6154,12,1,0,0.7,1,B.Tech / B.E / B.S,2,5,1,454,Python; Prometheus; Ansible; Jenkins; Bash; GitHub Actions; Docker; CI/CD,Linux; Kubernetes; AWS; Terraform; Git,45.87,0
CAND_1060,Elena Taylor,Frontend React Engineer,2,0.1538,6,4,1,2.1,1,B.Tech / B.E / B.S,2,11,1,396,Git; Next.js,React; JavaScript; TypeScript; HTML5; CSS3; Tailwind CSS; Redux; REST API; GraphQL; Webpack; Vite,47.84,0
CAND_1061,Karthik Davis,Cloud & DevOps Engineer,7,0.5385,13,1,2,0.6,1,B.Tech / B.E / B.S,3,6,1,401,Bash; AWS; Terraform; GitHub Actions; Docker; Git; Ansible,Linux; Kubernetes; CI/CD; Jenkins; Python; Prometheus,51.9,0
CAND_1062,Karthik Chen,Frontend React Engineer,9,0.6923,14,2,0,0.7,1,B.Tech / B.E / B.S,2,4,1,377,REST API; JavaScript; TypeScript; Webpack; Next.js; Tailwind CSS; CSS3; Vite; Redux,React; HTML5; GraphQL; Git,66.16,1
CAND_1063,Rohan Brown,Cloud & DevOps Engineer,4,0.3077,9,4,2,2.4,2,M.Tech / M.S / Ph.D,4,9,0,550,CI/CD; Ansible; GitHub Actions; Jenkins,Linux; Docker; Kubernetes; AWS; Terraform; Python; Bash; Prometheus; Git,62.72,1
CAND_1064,Aditi Gupta,Cloud & DevOps Engineer,6,0.4615,8,3,0,0.9,1,B.Tech / B.E / B.S,2,7,0,491,Jenkins; Python; Linux; Prometheus; Git; GitHub Actions,Docker; Kubernetes; AWS; Terraform; CI/CD; Ansible; Bash,52.52,0
CAND_1065,Aarav Smith,Frontend React Engineer,8,0.6154,13,3,1,7.3,1,B.Tech / B.E / B.S,3,5,0,256,Git; Tailwind CSS; Vite; REST API; GraphQL; Next.js; Redux; JavaScript,React; TypeScript; HTML5; CSS3; Webpack,78.28,1
CAND_1066,Karthik Brown,Cloud & DevOps Engineer,8,0.6154,10,4,4,7.6,1,B.Tech / B.E / B.S,1,5,0,439,Linux; Jenkins; CI/CD; Prometheus; Kubernetes; GitHub Actions; Docker; Terraform,AWS; Ansible; Python; Bash; Git,76.89,1
CAND_1067,Chloe Sharma,Cloud & DevOps Engineer,2,0.1538,6,3,0,0.2,1,B.Tech / B.E / B.S,3,11,1,626,Python; Git,Linux; Docker; Kubernetes; AWS; Terraform; CI/CD; Jenkins; GitHub Actions; Ansible; Bash; Prometheus,44.96,0
CAND_1068,Aarav Patel,Mobile Application Developer,9,0.75,13,0,1,1.0,2,M.Tech / M.S / Ph.D,2,3,0,602,Java; React Native; Firebase; Git; Flutter; REST API; Android; UI/UX; Dart,Kotlin; Swift; SQLite,52.84,0
CAND_1069,Michael Chen,Frontend React Engineer,5,0.3846,7,4,1,3.5,1,B.Tech / B.E / B.S,1,8,1,469,Git; Tailwind CSS; HTML5; Vite; Webpack,React; JavaScript; TypeScript; Next.js; CSS3; Redux; REST API; GraphQL,61.49,1
CAND_1070,Rohan Wilson,Fullstack Software Engineer,12,0.8571,16,0,0,1.4,1,B.Tech / B.E / B.S,2,2,0,418,Docker; MongoDB; React; Spring Boot; Node.js; JavaScript; CSS3; SQL; PostgreSQL; HTML5; Java; Git,TypeScript; REST API,56.34,0
CAND_1071,Maya Iyer,Backend Java Developer,11,0.7857,16,0,0,1.6,1,B.Tech / B.E / B.S,2,3,1,414,Microservices; Hibernate; Docker; Spring Boot; Kafka; REST API; Git; PostgreSQL; Maven; MySQL; AWS,Java; SQL; Redis,57.53,0
CAND_1072,Maya Thomas,Mobile Application Developer,2,0.1667,4,2,1,0.1,2,M.Tech / M.S / Ph.D,1,10,1,490,UI/UX; Dart,Flutter; React Native; Android; Kotlin; Swift; Java; Firebase; REST API; SQLite; Git,38.44,0
CAND_1073,Priya Rao,Fullstack Software Engineer,10,0.7143,14,2,1,2.9,1,B.Tech / B.E / B.S,1,4,1,539,REST API; React; Java; CSS3; SQL; Git; Node.js; HTML5; Docker; JavaScript,TypeScript; Spring Boot; PostgreSQL; MongoDB,69.46,1
CAND_1074,Sneha Rao,Mobile Application Developer,5,0.4167,10,3,0,0.1,1,B.Tech / B.E / B.S,2,7,0,655,SQLite; Dart; UI/UX; Flutter; Swift,React Native; Android; Kotlin; Java; Firebase; REST API; Git,52.13,0
CAND_1075,Chloe Brown,Mobile Application Developer,11,0.9167,18,1,1,5.4,1,B.Tech / B.E / B.S,3,1,0,351,Swift; Dart; REST API; UI/UX; Flutter; Java; Android; SQLite; Firebase; Git; React Native,Kotlin,80.55,1
CAND_1076,Michael Iyer,Cloud & DevOps Engineer,7,0.5385,11,4,0,1.6,1,B.Tech / B.E / B.S,3,6,1,461,Kubernetes; Prometheus; Ansible; Terraform; Bash; GitHub Actions; AWS,Linux; Docker; CI/CD; Jenkins; Python; Git,66.57,1
CAND_1077,Sarah Anderson,Frontend React Engineer,11,0.8462,14,0,0,1.6,1,B.Tech / B.E / B.S,4,2,1,491,CSS3; Next.js; JavaScript; HTML5; Redux; Vite; Tailwind CSS; REST API; GraphQL; Git; Webpack,React; TypeScript,55.83,0
CAND_1078,Aarav Wilson,Frontend React Engineer,4,0.3077,11,1,0,0.1,1,B.Tech / B.E / B.S,5,9,1,405,TypeScript; Redux; Next.js; CSS3,React; JavaScript; HTML5; Tailwind CSS; REST API; GraphQL; Webpack; Vite; Git,35.73,0
CAND_1079,Karthik Chen,Frontend React Engineer,5,0.3846,8,4,1,4.5,1,B.Tech / B.E / B.S,3,8,1,324,GraphQL; Vite; HTML5; REST API; React,JavaScript; TypeScript; Next.js; CSS3; Tailwind CSS; Redux; Webpack; Git,68.87,1
CAND_1080,Daniel Gupta,Fullstack Software Engineer,3,0.2143,5,3,0,2.6,2,M.Tech / M.S / Ph.D,5,11,0,684,Node.js; Docker; SQL,React; JavaScript; TypeScript; Java; Spring Boot; PostgreSQL; MongoDB; REST API; Git; HTML5; CSS3,52.66,0
CAND_1081,Elena Miller,Backend Java Developer,5,0.3571,9,3,0,2.4,2,M.Tech / M.S / Ph.D,1,9,0,530,AWS; Hibernate; Docker; Git; Maven,Java; Spring Boot; Microservices; REST API; SQL; PostgreSQL; MySQL; Redis; Kafka,53.65,0
CAND_1082,Aarav Patel,Frontend React Engineer,5,0.3846,11,3,0,1.7,0,Diploma / Associate,2,8,1,595,Next.js; Tailwind CSS; Git; HTML5; CSS3,React; JavaScript; TypeScript; Redux; REST API; GraphQL; Webpack; Vite,54.31,0
CAND_1083,Elena Miller,Python / AI Engineer,11,0.8462,12,2,1,2.1,1,B.Tech / B.E / B.S,2,2,0,150,NumPy; SQL; Docker; Git; NLP; FastAPI; TensorFlow; REST API; Computer Vision; PyTorch; Python,Scikit-Learn; Pandas,78.65,1
CAND_1084,Rahul Chen,Fullstack Software Engineer,9,0.6429,14,1,0,2.3,2,M.Tech / M.S / Ph.D,2,5,0,337,Docker; MongoDB; CSS3; TypeScript; Node.js; REST API; PostgreSQL; Git; Spring Boot,React; JavaScript; Java; SQL; HTML5,56.37,0
CAND_1085,James Davis,Python / AI Engineer,3,0.2308,8,2,0,0.4,1,B.Tech / B.E / B.S,2,10,1,353,Pandas; PyTorch; Scikit-Learn,Python; TensorFlow; NumPy; SQL; FastAPI; Docker; NLP; Computer Vision; REST API; Git,40.79,0
CAND_1086,Pooja Singh,Frontend React Engineer,7,0.5385,13,2,0,4.0,2,M.Tech / M.S / Ph.D,2,6,1,570,TypeScript; HTML5; React; REST API; Git; Vite; Webpack,JavaScript; Next.js; CSS3; Tailwind CSS; Redux; GraphQL,66.24,1
CAND_1087,Aditi Miller,Frontend React Engineer,5,0.3846,8,3,2,0.5,1,B.Tech / B.E / B.S,1,8,0,328,Vite; TypeScript; Webpack; Redux; JavaScript,React; Next.js; HTML5; CSS3; Tailwind CSS; REST API; GraphQL; Git,53.63,0
CAND_1088,Aarav Anderson,Frontend React Engineer,8,0.6154,12,3,1,10.4,1,B.Tech / B.E / B.S,1,5,0,234,Redux; Git; Vite; CSS3; TypeScript; React; REST API; Next.js,JavaScript; HTML5; Tailwind CSS; GraphQL; Webpack,70.87,1
CAND_1089,Sneha Patel,Cloud & DevOps Engineer,9,0.6923,10,2,0,3.5,1,B.Tech / B.E / B.S,3,4,0,308,GitHub Actions; Docker; Python; Linux; Kubernetes; Ansible; Jenkins; Terraform; Git,AWS; CI/CD; Bash; Prometheus,69.13,1
CAND_1090,Rohan Singh,Fullstack Software Engineer,13,0.9286,16,2,3,0.4,1,B.Tech / B.E / B.S,2,1,1,407,MongoDB; HTML5; SQL; REST API; Git; Node.js; Docker; CSS3; PostgreSQL; TypeScript; Spring Boot; JavaScript; React,Java,74.01,1
CAND_1091,Maya Reddy,Backend Java Developer,3,0.2143,6,5,3,1.7,2,M.Tech / M.S / Ph.D,3,11,0,441,Docker; REST API; SQL,Java; Spring Boot; Microservices; PostgreSQL; MySQL; Hibernate; Redis; Kafka; AWS; Git; Maven,50.14,0
CAND_1092,Rohan Nair,Backend Java Developer,8,0.5714,9,1,0,0.2,2,M.Tech / M.S / Ph.D,3,6,1,298,Microservices; Redis; Spring Boot; Maven; Java; MySQL; Hibernate; PostgreSQL,REST API; SQL; Kafka; Docker; AWS; Git,43.15,0
CAND_1093,Maya Wilson,Frontend React Engineer,3,0.2308,7,3,0,4.6,2,M.Tech / M.S / Ph.D,4,10,0,364,React; Next.js; HTML5,JavaScript; TypeScript; CSS3; Tailwind CSS; Redux; REST API; GraphQL; Webpack; Vite; Git,59.63,0
CAND_1094,Pooja Taylor,Fullstack Software Engineer,5,0.3571,11,2,2,0.4,1,B.Tech / B.E / B.S,2,9,1,352,Git; Node.js; Java; CSS3; REST API,React; JavaScript; TypeScript; Spring Boot; SQL; PostgreSQL; MongoDB; Docker; HTML5,50.12,0
CAND_1095,Rahul Brown,Fullstack Software Engineer,6,0.4286,9,2,0,2.1,1,B.Tech / B.E / B.S,2,8,1,396,MongoDB; Node.js; Git; TypeScript; Java; Docker,React; JavaScript; Spring Boot; SQL; PostgreSQL; REST API; HTML5; CSS3,59.91,1
CAND_1096,Rohan Verma,Backend Java Developer,9,0.6429,10,2,0,2.6,0,Diploma / Associate,3,5,0,468,Git; SQL; Kafka; AWS; Maven; Hibernate; Spring Boot; REST API; PostgreSQL,Java; Microservices; MySQL; Redis; Docker,64.36,1
CAND_1097,Pooja Johnson,Frontend React Engineer,12,0.9231,15,2,0,3.9,1,B.Tech / B.E / B.S,3,1,1,356,REST API; Git; Redux; Webpack; JavaScript; React; Next.js; CSS3; TypeScript; HTML5; GraphQL; Tailwind CSS,Vite,75.03,1
CAND_1098,Ananya Anderson,Python / AI Engineer,5,0.3846,5,1,4,3.6,2,M.Tech / M.S / Ph.D,2,8,1,204,Python; Computer Vision; Pandas; NLP; Git,PyTorch; TensorFlow; Scikit-Learn; NumPy; SQL; FastAPI; Docker; REST API,62.03,1
CAND_1099,Priya Wilson,Python / AI Engineer,4,0.3077,8,4,3,3.4,1,B.Tech / B.E / B.S,3,9,1,494,Computer Vision; FastAPI; Pandas; TensorFlow,Python; PyTorch; Scikit-Learn; NumPy; SQL; Docker; NLP; REST API; Git,64.16,1
CAND_1100,James Brown,Mobile Application Developer,10,0.8333,12,2,0,2.9,1,B.Tech / B.E / B.S,3,2,1,446,Firebase; Dart; UI/UX; Swift; Java; React Native; SQLite; Flutter; Git; Android,Kotlin; REST API,76.28,1
CAND_1101,Sarah Wilson,Frontend React Engineer,3,0.2308,6,1,1,3.2,1,B.Tech / B.E / B.S,1,10,1,486,Webpack; Tailwind CSS; REST API,React; JavaScript; TypeScript; Next.js; HTML5; CSS3; Redux; GraphQL; Vite; Git,46.97,0
CAND_1102,Aditi Taylor,Fullstack Software Engineer,5,0.3571,8,4,2,0.8,2,M.Tech / M.S / Ph.D,3,9,1,502,Spring Boot; Java; CSS3; JavaScript; SQL,React; TypeScript; Node.js; PostgreSQL; MongoDB; REST API; Git; Docker; HTML5,62.66,1
CAND_1103,Daniel Sharma,Mobile Application Developer,4,0.3333,7,2,3,0.6,1,B.Tech / B.E / B.S,2,8,0,272,REST API; Firebase; Java; Flutter,Dart; React Native; Android; Kotlin; Swift; SQLite; Git; UI/UX,45.89,0
CAND_1104,Rahul Davis,Frontend React Engineer,7,0.5385,13,1,1,9.2,2,M.Tech / M.S / Ph.D,1,6,1,463,GraphQL; Redux; Webpack; Vite; React; Next.js; TypeScript,JavaScript; HTML5; CSS3; Tailwind CSS; REST API; Git,60.3,1
CAND_1105,Chloe Iyer,Frontend React Engineer,4,0.3077,9,3,2,2.2,1,B.Tech / B.E / B.S,2,9,1,397,Redux; Vite; Git; JavaScript,React; TypeScript; Next.js; HTML5; CSS3; Tailwind CSS; REST API; GraphQL; Webpack,57.67,0
CAND_1106,Aarav Thomas,Backend Java Developer,4,0.2857,8,0,2,0.1,1,B.Tech / B.E / B.S,2,10,0,260,AWS; Microservices; SQL; Redis,Java; Spring Boot; REST API; PostgreSQL; MySQL; Hibernate; Kafka; Docker; Git; Maven,22.29,0
CAND_1107,Aarav Miller,Cloud & DevOps Engineer,8,0.6154,13,2,1,0.0,1,B.Tech / B.E / B.S,2,5,0,439,Docker; AWS; Git; GitHub Actions; Bash; Kubernetes; Prometheus; CI/CD,Linux; Terraform; Jenkins; Ansible; Python,51.05,0
CAND_1108,Pooja Davis,Mobile Application Developer,10,0.8333,15,3,1,0.2,0,Diploma / Associate,2,2,0,524,Kotlin; Java; Firebase; SQLite; Android; REST API; UI/UX; Dart; Git; Flutter,React Native; Swift,72.11,1
CAND_1109,Maya Davis,Mobile Application Developer,1,0.0833,3,2,1,12.0,2,M.Tech / M.S / Ph.D,3,11,1,554,React Native,Flutter; Dart; Android; Kotlin; Swift; Java; Firebase; REST API; SQLite; Git; UI/UX,49.17,0
CAND_1110,Rohan Kumar,Cloud & DevOps Engineer,9,0.6923,12,2,0,0.1,2,M.Tech / M.S / Ph.D,2,4,1,455,CI/CD; Ansible; Terraform; Linux; Bash; Prometheus; Jenkins; GitHub Actions; Git,Docker; Kubernetes; AWS; Python,61.85,1
CAND_1111,Elena Iyer,Cloud & DevOps Engineer,10,0.7692,14,1,1,1.5,1,B.Tech / B.E / B.S,3,3,0,459,Ansible; GitHub Actions; CI/CD; Bash; Git; Jenkins; AWS; Kubernetes; Docker; Terraform,Linux; Python; Prometheus,56.53,0
CAND_1112,James Johnson,Backend Java Developer,10,0.7143,11,1,0,0.6,2,M.Tech / M.S / Ph.D,2,4,1,386,Maven; Git; MySQL; Java; PostgreSQL; Hibernate; AWS; REST API; Kafka; Spring Boot,Microservices; SQL; Redis; Docker,63.32,1
CAND_1113,Elena Verma,Backend Java Developer,6,0.4286,9,4,0,2.4,2,M.Tech / M.S / Ph.D,3,8,0,407,Redis; Kafka; PostgreSQL; Spring Boot; Hibernate; Docker,Java; Microservices; REST API; SQL; MySQL; AWS; Git; Maven,58.43,1
CAND_1114,Daniel Taylor,Fullstack Software Engineer,11,0.7857,16,2,0,0.4,1,B.Tech / B.E / B.S,2,3,0,531,Docker; TypeScript; SQL; Git; HTML5; JavaScript; PostgreSQL; CSS3; REST API; Spring Boot; Node.js,React; Java; MongoDB,71.09,1
CAND_1115,Rohan Chen,Mobile Application Developer,5,0.4167,7,1,3,4.2,1,B.Tech / B.E / B.S,2,7,1,488,REST API; Java; Swift; Firebase; Flutter,Dart; React Native; Android; Kotlin; SQLite; Git; UI/UX,62.57,1
CAND_1116,Maya Patel,Backend Java Developer,10,0.7143,12,1,0,0.9,1,B.Tech / B.E / B.S,3,4,1,380,Docker; Maven; SQL; REST API; Spring Boot; MySQL; Kafka; Redis; PostgreSQL; Java,Microservices; Hibernate; AWS; Git,60.8,1
CAND_1117,Michael Nair,Mobile Application Developer,7,0.5833,9,2,1,0.2,1,B.Tech / B.E / B.S,4,5,1,432,Kotlin; Flutter; Git; Swift; SQLite; React Native; Java,Dart; Android; Firebase; REST API; UI/UX,54.32,0
CAND_1118,Emily Brown,Backend Java Developer,11,0.7857,15,3,2,0.8,2,M.Tech / M.S / Ph.D,4,3,1,359,REST API; Redis; MySQL; Kafka; Microservices; Docker; Git; Java; SQL; Maven; Spring Boot,PostgreSQL; Hibernate; AWS,79.47,1
CAND_1119,Elena Anderson,Backend Java Developer,6,0.4286,10,4,0,9.1,1,B.Tech / B.E / B.S,3,8,1,399,REST API; Hibernate; Docker; SQL; Git; AWS,Java; Spring Boot; Microservices; PostgreSQL; MySQL; Redis; Kafka; Maven,71.95,1
CAND_1120,Aarav Taylor,Frontend React Engineer,9,0.6923,16,2,1,3.9,1,B.Tech / B.E / B.S,2,4,0,381,Webpack; REST API; TypeScript; JavaScript; Redux; CSS3; HTML5; Git; Next.js,React; Tailwind CSS; GraphQL; Vite,70.47,1
CAND_1121,Karthik Taylor,Frontend React Engineer,3,0.2308,9,3,0,2.6,0,Diploma / Associate,2,10,0,384,Next.js; Tailwind CSS; Redux,React; JavaScript; TypeScript; HTML5; CSS3; REST API; GraphQL; Webpack; Vite; Git,49.51,0
CAND_1122,Sneha Singh,Cloud & DevOps Engineer,3,0.2308,5,2,1,6.1,2,M.Tech / M.S / Ph.D,3,10,0,531,Python; CI/CD; Git,Linux; Docker; Kubernetes; AWS; Terraform; Jenkins; GitHub Actions; Ansible; Bash; Prometheus,50.28,0
CAND_1123,Pooja Rao,Fullstack Software Engineer,8,0.5714,14,2,0,3.0,2,M.Tech / M.S / Ph.D,2,6,0,628,CSS3; Git; SQL; Java; React; REST API; PostgreSQL; Docker,JavaScript; TypeScript; Node.js; Spring Boot; MongoDB; HTML5,65.33,1
CAND_1124,Pooja Singh,Python / AI Engineer,4,0.3077,8,1,0,1.4,1,B.Tech / B.E / B.S,3,9,1,362,Git; NumPy; Scikit-Learn; Computer Vision,Python; PyTorch; TensorFlow; Pandas; SQL; FastAPI; Docker; NLP; REST API,45.01,0
CAND_1125,Maya Kumar,Mobile Application Developer,3,0.25,4,1,2,0.1,1,B.Tech / B.E / B.S,6,9,0,608,UI/UX; Git; React Native,Flutter; Dart; Android; Kotlin; Swift; Java; Firebase; REST API; SQLite,32.36,0
CAND_1126,Sneha Verma,Frontend React Engineer,9,0.6923,16,2,2,2.0,2,M.Tech / M.S / Ph.D,2,4,1,446,Git; Redux; React; GraphQL; CSS3; TypeScript; Webpack; Vite; REST API,JavaScript; Next.js; HTML5; Tailwind CSS,79.29,1
CAND_1127,Sarah Nair,Backend Java Developer,11,0.7857,17,2,0,0.6,1,B.Tech / B.E / B.S,2,3,1,243,Microservices; Git; Redis; PostgreSQL; AWS; Kafka; SQL; MySQL; Spring Boot; Maven; REST API,Java; Hibernate; Docker,66.39,1
CAND_1128,Pooja Chen,Fullstack Software Engineer,6,0.4286,9,0,0,0.5,0,Diploma / Associate,1,8,1,192,PostgreSQL; JavaScript; TypeScript; Node.js; SQL; MongoDB,React; Java; Spring Boot; REST API; Git; Docker; HTML5; CSS3,33.22,0
CAND_1129,Emily Patel,Cloud & DevOps Engineer,9,0.6923,11,2,1,4.6,1,B.Tech / B.E / B.S,3,4,0,400,Linux; Terraform; Ansible; Docker; GitHub Actions; CI/CD; Bash; Jenkins; Kubernetes,AWS; Python; Prometheus; Git,72.67,1
CAND_1130,James Johnson,Mobile Application Developer,10,0.8333,16,2,0,0.7,0,Diploma / Associate,3,2,0,245,Swift; Dart; Android; Firebase; Flutter; Kotlin; Java; React Native; Git; UI/UX,REST API; SQLite,61.91,1
CAND_1131,Rohan Taylor,Mobile Application Developer,6,0.5,8,2,3,2.4,1,B.Tech / B.E / B.S,2,6,1,386,Kotlin; Git; Java; Dart; React Native; Flutter,Android; Swift; Firebase; REST API; SQLite; UI/UX,62.9,1
CAND_1132,Aditi Rao,Cloud & DevOps Engineer,10,0.7692,12,0,0,0.8,1,B.Tech / B.E / B.S,3,3,1,459,Docker; Git; AWS; Ansible; Kubernetes; Jenkins; Bash; Python; Terraform; GitHub Actions,Linux; CI/CD; Prometheus,54.85,0
CAND_1133,James Iyer,Cloud & DevOps Engineer,3,0.2308,7,3,0,3.5,2,M.Tech / M.S / Ph.D,4,10,0,561,Bash; Docker; GitHub Actions,Linux; Kubernetes; AWS; Terraform; CI/CD; Jenkins; Ansible; Python; Prometheus; Git,50.13,0
CAND_1134,Maya Brown,Frontend React Engineer,3,0.2308,6,1,2,0.9,1,B.Tech / B.E / B.S,1,10,0,237,React; Vite; CSS3,JavaScript; TypeScript; Next.js; HTML5; Tailwind CSS; Redux; REST API; GraphQL; Webpack; Git,25.76,0
CAND_1135,Rahul Taylor,Cloud & DevOps Engineer,12,0.9231,16,3,0,1.5,0,Diploma / Associate,3,1,0,331,AWS; CI/CD; Docker; Prometheus; Ansible; Python; Linux; Git; Kubernetes; Bash; Jenkins; GitHub Actions,Terraform,74.64,1
CAND_1136,Rohan Gupta,Mobile Application Developer,9,0.75,13,4,0,4.8,1,B.Tech / B.E / B.S,4,3,0,380,Git; SQLite; Flutter; UI/UX; Swift; Dart; Java; Kotlin; Firebase,React Native; Android; REST API,77.39,1
CAND_1137,Rohan Miller,Backend Java Developer,7,0.5,12,1,0,0.9,1,B.Tech / B.E / B.S,5,7,1,435,Kafka; REST API; Git; PostgreSQL; Microservices; Java; SQL,Spring Boot; MySQL; Hibernate; Redis; Docker; AWS; Maven,53.67,0
CAND_1138,Vikram Iyer,Python / AI Engineer,1,0.0769,7,2,0,1.4,1,B.Tech / B.E / B.S,2,12,0,318,Pandas,Python; PyTorch; TensorFlow; Scikit-Learn; NumPy; SQL; FastAPI; Docker; NLP; Computer Vision; REST API; Git,31.69,0
CAND_1139,Priya Reddy,Mobile Application Developer,8,0.6667,12,5,1,4.4,1,B.Tech / B.E / B.S,2,4,1,450,Flutter; React Native; UI/UX; Swift; Android; Kotlin; Git; SQLite,Dart; Java; Firebase; REST API,82.44,1
CAND_1140,Priya Kumar,Fullstack Software Engineer,12,0.8571,19,1,2,1.3,2,M.Tech / M.S / Ph.D,4,2,1,765,TypeScript; Docker; SQL; MongoDB; JavaScript; REST API; PostgreSQL; Node.js; CSS3; Java; React; Git,Spring Boot; HTML5,72.27,1
CAND_1141,Daniel Singh,Python / AI Engineer,7,0.5385,11,1,0,3.6,1,B.Tech / B.E / B.S,2,6,0,441,Python; REST API; Computer Vision; Docker; Pandas; FastAPI; NumPy,PyTorch; TensorFlow; Scikit-Learn; SQL; NLP; Git,57.18,0
CAND_1142,Aarav Verma,Cloud & DevOps Engineer,7,0.5385,13,2,0,1.2,1,B.Tech / B.E / B.S,1,6,1,498,Jenkins; Git; Bash; Docker; GitHub Actions; Ansible; Linux,Kubernetes; AWS; Terraform; CI/CD; Python; Prometheus,57.34,0
CAND_1143,Rohan Chen,Python / AI Engineer,11,0.8462,14,0,0,0.8,1,B.Tech / B.E / B.S,2,2,0,443,TensorFlow; PyTorch; Git; Pandas; Docker; NumPy; Scikit-Learn; NLP; FastAPI; Computer Vision; REST API,Python; SQL,51.28,0
CAND_1144,Daniel Thomas,Cloud & DevOps Engineer,9,0.6923,14,4,1,1.3,1,B.Tech / B.E / B.S,3,4,1,199,Docker; Prometheus; Git; Ansible; AWS; Jenkins; Python; Bash; GitHub Actions,Linux; Kubernetes; Terraform; CI/CD,71.29,1
CAND_1145,Alex Taylor,Cloud & DevOps Engineer,7,0.5385,10,2,0,0.3,1,B.Tech / B.E / B.S,1,6,0,475,Jenkins; Prometheus; Docker; CI/CD; Git; Python; GitHub Actions,Linux; Kubernetes; AWS; Terraform; Ansible; Bash,44.34,0
CAND_1146,Karthik Smith,Backend Java Developer,8,0.5714,8,1,1,0.8,1,B.Tech / B.E / B.S,2,6,1,437,Docker; Hibernate; Spring Boot; AWS; Maven; Kafka; MySQL; Java,Microservices; REST API; SQL; PostgreSQL; Redis; Git,49.08,0
CAND_1147,Emily Iyer,Python / AI Engineer,9,0.6923,12,2,0,2.2,1,B.Tech / B.E / B.S,1,4,1,523,Python; NLP; Docker; Computer Vision; NumPy; PyTorch; Scikit-Learn; TensorFlow; SQL,Pandas; FastAPI; REST API; Git,69.81,1
CAND_1148,Aditi Rao,Python / AI Engineer,11,0.8462,13,2,3,1.5,1,B.Tech / B.E / B.S,2,2,1,536,Pandas; NumPy; PyTorch; NLP; Docker; Scikit-Learn; Computer Vision; REST API; FastAPI; SQL; Python,TensorFlow; Git,71.56,1
CAND_1149,Emily Miller,Frontend React Engineer,4,0.3077,9,3,1,0.8,1,B.Tech / B.E / B.S,3,9,0,579,JavaScript; HTML5; GraphQL; Next.js,React; TypeScript; CSS3; Tailwind CSS; Redux; REST API; Webpack; Vite; Git,53.47,0
CAND_1150,Sarah Miller,Python / AI Engineer,5,0.3846,7,1,1,0.7,2,M.Tech / M.S / Ph.D,1,8,1,490,NLP; Computer Vision; REST API; Docker; Python,PyTorch; TensorFlow; Scikit-Learn; Pandas; NumPy; SQL; FastAPI; Git,41.64,0
CAND_1151,Maya Kumar,Fullstack Software Engineer,3,0.2143,3,2,3,1.6,1,B.Tech / B.E / B.S,2,11,0,154,TypeScript; Java; Docker,React; JavaScript; Node.js; Spring Boot; SQL; PostgreSQL; MongoDB; REST API; Git; HTML5; CSS3,39.32,0
CAND_1152,Pooja Chen,Frontend React Engineer,8,0.6154,9,1,2,1.6,1,B.Tech / B.E / B.S,2,5,1,485,React; TypeScript; Vite; GraphQL; Tailwind CSS; JavaScript; Redux; CSS3,Next.js; HTML5; REST API; Webpack; Git,61.53,1
CAND_1153,Aarav Patel,Mobile Application Developer,3,0.25,6,1,0,1.5,1,B.Tech / B.E / B.S,2,9,1,446,REST API; Android; Java,Flutter; Dart; React Native; Kotlin; Swift; Firebase; SQLite; Git; UI/UX,38.45,0
CAND_1154,Sarah Taylor,Frontend React Engineer,10,0.7692,14,3,1,1.1,1,B.Tech / B.E / B.S,2,3,1,352,TypeScript; CSS3; HTML5; Vite; JavaScript; React; REST API; Tailwind CSS; Webpack; Redux,Next.js; GraphQL; Git,76.25,1
CAND_1155,Rohan Kumar,Cloud & DevOps Engineer,7,0.5385,8,2,0,0.3,2,M.Tech / M.S / Ph.D,3,6,1,488,Bash; Jenkins; GitHub Actions; Python; Git; Prometheus; Kubernetes,Linux; Docker; AWS; Terraform; CI/CD; Ansible,62.81,1
CAND_1156,Rahul Davis,Fullstack Software Engineer,5,0.3571,7,1,0,0.5,0,Diploma / Associate,4,9,0,352,Spring Boot; SQL; JavaScript; Java; REST API,React; TypeScript; Node.js; PostgreSQL; MongoDB; Git; Docker; HTML5; CSS3,35.23,0
CAND_1157,Elena Davis,Mobile Application Developer,11,0.9167,13,5,0,3.5,2,M.Tech / M.S / Ph.D,5,1,0,470,Kotlin; Flutter; Android; Java; Git; Firebase; Dart; React Native; Swift; REST API; SQLite,UI/UX,88.59,1
CAND_1158,Pooja Chen,Fullstack Software Engineer,8,0.5714,11,2,2,1.5,0,Diploma / Associate,1,6,1,283,React; PostgreSQL; Docker; SQL; TypeScript; REST API; Git; Java,JavaScript; Node.js; Spring Boot; MongoDB; HTML5; CSS3,55.86,0
CAND_1159,Ananya Davis,Python / AI Engineer,7,0.5385,8,2,1,0.3,1,B.Tech / B.E / B.S,2,6,0,498,Computer Vision; NumPy; PyTorch; SQL; Python; NLP; Docker,TensorFlow; Scikit-Learn; Pandas; FastAPI; REST API; Git,46.56,0
CAND_1160,Michael Patel,Frontend React Engineer,9,0.6923,13,2,1,0.6,1,B.Tech / B.E / B.S,4,4,1,436,GraphQL; Tailwind CSS; Git; Vite; Webpack; HTML5; React; Next.js; REST API,JavaScript; TypeScript; CSS3; Redux,60.63,1
CAND_1161,Alex Nair,Python / AI Engineer,8,0.6154,13,2,2,6.4,2,M.Tech / M.S / Ph.D,2,5,0,495,FastAPI; REST API; NumPy; PyTorch; SQL; NLP; Git; Scikit-Learn,Python; TensorFlow; Pandas; Docker; Computer Vision,74.72,1
CAND_1162,James Johnson,Python / AI Engineer,3,0.2308,4,0,3,1.6,1,B.Tech / B.E / B.S,4,10,0,555,PyTorch; SQL; Pandas,Python; TensorFlow; Scikit-Learn; NumPy; FastAPI; Docker; NLP; Computer Vision; REST API; Git,26.1,0
CAND_1163,Alex Singh,Frontend React Engineer,6,0.4615,9,1,2,0.0,1,B.Tech / B.E / B.S,3,7,1,300,Git; TypeScript; JavaScript; REST API; Webpack; Next.js,React; HTML5; CSS3; Tailwind CSS; Redux; GraphQL; Vite,43.55,0
CAND_1164,Emily Smith,Mobile Application Developer,10,0.8333,13,3,0,1.0,2,M.Tech / M.S / Ph.D,4,2,0,354,Git; React Native; Android; Dart; UI/UX; Firebase; REST API; Swift; Kotlin; Java,Flutter; SQLite,79.58,1
CAND_1165,Rohan Nair,Mobile Application Developer,7,0.5833,12,1,1,0.8,1,B.Tech / B.E / B.S,3,5,1,639,Firebase; UI/UX; SQLite; Git; Swift; Java; REST API,Flutter; Dart; React Native; Android; Kotlin,66.03,1
CAND_1166,Alex Iyer,Cloud & DevOps Engineer,9,0.6923,16,1,0,0.9,2,M.Tech / M.S / Ph.D,4,4,0,470,Docker; GitHub Actions; Prometheus; Terraform; Python; Linux; Kubernetes; Ansible; Bash,AWS; CI/CD; Jenkins; Git,60.84,1
CAND_1167,Pooja Taylor,Cloud & DevOps Engineer,5,0.3846,8,3,0,2.7,2,M.Tech / M.S / Ph.D,2,8,1,517,Linux; Git; CI/CD; Terraform; Docker,Kubernetes; AWS; Jenkins; GitHub Actions; Ansible; Python; Bash; Prometheus,65.09,1
CAND_1168,Rohan Thomas,Python / AI Engineer,8,0.6154,13,1,2,0.4,1,B.Tech / B.E / B.S,2,5,0,536,Docker; SQL; FastAPI; NLP; Git; Python; Scikit-Learn; Pandas,PyTorch; TensorFlow; NumPy; Computer Vision; REST API,52.91,0
CAND_1169,Rahul Chen,Python / AI Engineer,11,0.8462,12,3,0,1.8,1,B.Tech / B.E / B.S,2,2,1,252,FastAPI; Docker; TensorFlow; Python; Git; PyTorch; SQL; Computer Vision; NLP; REST API; Pandas,Scikit-Learn; NumPy,83.51,1
CAND_1170,Ananya Taylor,Cloud & DevOps Engineer,3,0.2308,6,0,0,6.4,1,B.Tech / B.E / B.S,3,10,0,380,Ansible; Git; Python,Linux; Docker; Kubernetes; AWS; Terraform; CI/CD; Jenkins; GitHub Actions; Bash; Prometheus,33.15,0
CAND_1171,Priya Smith,Frontend React Engineer,5,0.3846,7,2,0,7.8,1,B.Tech / B.E / B.S,2,8,0,349,HTML5; Tailwind CSS; Vite; CSS3; React,JavaScript; TypeScript; Next.js; Redux; REST API; GraphQL; Webpack; Git,62.64,1
CAND_1172,Alex Patel,Frontend React Engineer,9,0.6923,12,4,1,0.2,1,B.Tech / B.E / B.S,5,4,1,441,JavaScript; REST API; Webpack; Tailwind CSS; HTML5; Vite; CSS3; GraphQL; Redux,React; TypeScript; Next.js; Git,68.35,1
CAND_1173,Vikram Chen,Fullstack Software Engineer,8,0.5714,13,1,1,4.4,2,M.Tech / M.S / Ph.D,1,6,1,396,REST API; Git; TypeScript; Spring Boot; Java; SQL; Docker; CSS3,React; JavaScript; Node.js; PostgreSQL; MongoDB; HTML5,64.93,1
CAND_1174,Rohan Rao,Python / AI Engineer,8,0.6154,8,2,0,1.3,2,M.Tech / M.S / Ph.D,2,5,0,482,SQL; Computer Vision; NumPy; TensorFlow; Docker; PyTorch; REST API; Git,Python; Scikit-Learn; Pandas; FastAPI; NLP,52.09,0
CAND_1175,Sarah Davis,Frontend React Engineer,7,0.5385,12,2,1,2.2,1,B.Tech / B.E / B.S,3,6,1,452,React; CSS3; HTML5; TypeScript; Next.js; Vite; Tailwind CSS,JavaScript; Redux; REST API; GraphQL; Webpack; Git,64.15,1
CAND_1176,Elena Gupta,Backend Java Developer,7,0.5,8,3,1,2.5,1,B.Tech / B.E / B.S,5,7,0,474,Microservices; Maven; Spring Boot; SQL; AWS; Redis; Java,REST API; PostgreSQL; MySQL; Hibernate; Kafka; Docker; Git,67.65,1
CAND_1177,Alex Thomas,Backend Java Developer,6,0.4286,9,2,3,1.9,1,B.Tech / B.E / B.S,2,8,1,453,Kafka; MySQL; Microservices; AWS; Docker; Maven,Java; Spring Boot; REST API; SQL; PostgreSQL; Hibernate; Redis; Git,60.5,1
CAND_1178,Michael Verma,Cloud & DevOps Engineer,3,0.2308,8,3,0,1.3,0,Diploma / Associate,2,10,1,418,CI/CD; Bash; AWS,Linux; Docker; Kubernetes; Terraform; Jenkins; GitHub Actions; Ansible; Python; Prometheus; Git,45.16,0
CAND_1179,Michael Thomas,Frontend React Engineer,3,0.2308,4,0,0,2.4,2,M.Tech / M.S / Ph.D,4,10,0,383,Git; Vite; Redux,React; JavaScript; TypeScript; Next.js; HTML5; CSS3; Tailwind CSS; REST API; GraphQL; Webpack,28.59,0
CAND_1180,Ananya Miller,Backend Java Developer,7,0.5,11,4,3,0.9,1,B.Tech / B.E / B.S,3,7,0,537,SQL; Git; Hibernate; REST API; PostgreSQL; AWS; Redis,Java; Spring Boot; Microservices; MySQL; Kafka; Docker; Maven,53.85,0
CAND_1181,Pooja Johnson,Python / AI Engineer,3,0.2308,8,3,0,2.6,1,B.Tech / B.E / B.S,1,10,1,432,Docker; SQL; TensorFlow,Python; PyTorch; Scikit-Learn; Pandas; NumPy; FastAPI; NLP; Computer Vision; REST API; Git,58.86,0
CAND_1182,Rahul Thomas,Backend Java Developer,6,0.4286,9,0,0,0.6,1,B.Tech / B.E / B.S,5,8,1,189,Maven; SQL; Java; Docker; Hibernate; PostgreSQL,Spring Boot; Microservices; REST API; MySQL; Redis; Kafka; AWS; Git,44.51,0
CAND_1183,Chloe Reddy,Mobile Application Developer,12,1.0,16,2,0,2.0,1,B.Tech / B.E / B.S,2,0,1,310,REST API; Dart; Kotlin; Git; React Native; Firebase; Android; SQLite; UI/UX; Swift; Flutter; Java,,84.21,1
CAND_1184,Michael Smith,Fullstack Software Engineer,10,0.7143,11,3,0,1.4,1,B.Tech / B.E / B.S,3,4,0,450,SQL; React; CSS3; MongoDB; Spring Boot; Node.js; Docker; HTML5; TypeScript; JavaScript,Java; PostgreSQL; REST API; Git,74.3,1
CAND_1185,Aarav Chen,Fullstack Software Engineer,7,0.5,10,3,2,1.4,1,B.Tech / B.E / B.S,2,7,0,415,CSS3; Docker; Git; Spring Boot; TypeScript; REST API; React,JavaScript; Node.js; Java; SQL; PostgreSQL; MongoDB; HTML5,61.24,1
CAND_1186,Pooja Wilson,Mobile Application Developer,12,1.0,14,3,0,12.0,1,B.Tech / B.E / B.S,2,0,1,282,React Native; Firebase; Git; Flutter; Dart; REST API; UI/UX; SQLite; Kotlin; Swift; Android; Java,,88.25,1
CAND_1187,Pooja Singh,Frontend React Engineer,8,0.6154,10,1,1,1.5,0,Diploma / Associate,4,5,0,339,JavaScript; React; Next.js; Tailwind CSS; Redux; Git; Vite; Webpack,TypeScript; HTML5; CSS3; REST API; GraphQL,52.2,0
CAND_1188,Maya Miller,Fullstack Software Engineer,5,0.3571,9,3,0,0.5,2,M.Tech / M.S / Ph.D,3,9,0,479,Git; MongoDB; REST API; Node.js; TypeScript,React; JavaScript; Java; Spring Boot; SQL; PostgreSQL; Docker; HTML5; CSS3,55.74,0
CAND_1189,Pooja Brown,Fullstack Software Engineer,8,0.5714,11,1,0,0.6,1,B.Tech / B.E / B.S,2,6,0,269,REST API; Spring Boot; Node.js; CSS3; SQL; TypeScript; JavaScript; Java,React; PostgreSQL; MongoDB; Git; Docker; HTML5,44.53,0
CAND_1190,Emily Patel,Python / AI Engineer,9,0.6923,13,4,1,0.9,1,B.Tech / B.E / B.S,2,4,0,470,Docker; Git; REST API; Computer Vision; Python; SQL; FastAPI; Scikit-Learn; NLP,PyTorch; TensorFlow; Pandas; NumPy,62.33,1
CAND_1191,David Smith,Frontend React Engineer,11,0.8462,13,3,0,1.2,0,Diploma / Associate,2,2,1,383,Vite; React; CSS3; JavaScript; Webpack; Next.js; REST API; Tailwind CSS; Git; TypeScript; HTML5,Redux; GraphQL,77.78,1
CAND_1192,Aditi Smith,Python / AI Engineer,5,0.3846,13,0,0,12.0,1,B.Tech / B.E / B.S,3,8,0,308,NumPy; Computer Vision; TensorFlow; FastAPI; NLP,Python; PyTorch; Scikit-Learn; Pandas; SQL; Docker; REST API; Git,47.3,0
CAND_1193,Priya Iyer,Fullstack Software Engineer,8,0.5714,11,3,1,3.2,0,Diploma / Associate,4,6,1,641,Docker; HTML5; PostgreSQL; React; Java; Node.js; Git; SQL,JavaScript; TypeScript; Spring Boot; MongoDB; REST API; CSS3,78.5,1
CAND_1194,Rahul Verma,Frontend React Engineer,5,0.3846,9,2,3,5.8,1,B.Tech / B.E / B.S,3,8,1,543,HTML5; REST API; Tailwind CSS; Vite; Redux,React; JavaScript; TypeScript; Next.js; CSS3; GraphQL; Webpack; Git,65.31,1
CAND_1195,Karthik Verma,Mobile Application Developer,5,0.4167,9,2,1,2.6,1,B.Tech / B.E / B.S,2,7,1,555,Android; Kotlin; Swift; Flutter; SQLite,Dart; React Native; Java; Firebase; REST API; Git; UI/UX,63.89,1
CAND_1196,Karthik Reddy,Frontend React Engineer,10,0.7692,12,3,1,2.6,2,M.Tech / M.S / Ph.D,4,3,0,312,Tailwind CSS; Git; Redux; Vite; CSS3; TypeScript; Next.js; REST API; GraphQL; Webpack,React; JavaScript; HTML5,90.38,1
CAND_1197,Daniel Kumar,Fullstack Software Engineer,5,0.3571,9,0,0,0.2,1,B.Tech / B.E / B.S,4,9,0,295,Docker; SQL; JavaScript; HTML5; REST API,React; TypeScript; Node.js; Java; Spring Boot; PostgreSQL; MongoDB; Git; CSS3,31.3,0
CAND_1198,Priya Miller,Frontend React Engineer,10,0.7692,11,4,1,8.0,1,B.Tech / B.E / B.S,4,3,1,363,CSS3; JavaScript; Vite; Git; HTML5; REST API; Next.js; Redux; Tailwind CSS; Webpack,React; TypeScript; GraphQL,85.62,1
CAND_1199,Michael Smith,Cloud & DevOps Engineer,8,0.6154,10,1,0,0.4,2,M.Tech / M.S / Ph.D,3,5,0,232,Linux; Prometheus; CI/CD; Python; Jenkins; Terraform; Bash; Git,Docker; Kubernetes; AWS; GitHub Actions; Ansible,46.83,0
CAND_1200,Rohan Johnson,Frontend React Engineer,3,0.2308,5,3,0,0.5,1,B.Tech / B.E / B.S,1,10,1,416,REST API; Vite; Webpack,React; JavaScript; TypeScript; Next.js; HTML5; CSS3; Tailwind CSS; Redux; GraphQL; Git,40.42,0
CAND_1201,Priya Sharma,Backend Java Developer,13,0.9286,16,1,1,0.2,1,B.Tech / B.E / B.S,2,1,0,407,Maven; Kafka; Docker; Hibernate; Java; Microservices; Spring Boot; AWS; PostgreSQL; Redis; SQL; MySQL; Git,REST API,60.16,1
CAND_1202,Maya Iyer,Mobile Application Developer,10,0.8333,18,2,1,1.5,1,B.Tech / B.E / B.S,4,2,1,389,Firebase; Swift; Git; UI/UX; Dart; Kotlin; REST API; Java; React Native; SQLite,Flutter; Android,78.82,1
CAND_1203,Alex Kumar,Backend Java Developer,12,0.8571,15,2,1,2.3,1,B.Tech / B.E / B.S,3,2,1,321,Spring Boot; Java; AWS; Microservices; Hibernate; Redis; MySQL; SQL; Git; Docker; Kafka; REST API,PostgreSQL; Maven,80.42,1
CAND_1204,Michael Gupta,Python / AI Engineer,3,0.2308,8,1,0,3.5,1,B.Tech / B.E / B.S,1,10,1,464,Pandas; REST API; FastAPI,Python; PyTorch; TensorFlow; Scikit-Learn; NumPy; SQL; Docker; NLP; Computer Vision; Git,44.3,0
CAND_1205,Rahul Reddy,Backend Java Developer,11,0.7857,14,4,2,2.2,1,B.Tech / B.E / B.S,2,3,1,341,Maven; Spring Boot; Hibernate; Microservices; AWS; Git; PostgreSQL; Kafka; Docker; Java; MySQL,REST API; SQL; Redis,82.8,1
CAND_1206,Pooja Nair,Mobile Application Developer,8,0.6667,11,2,2,0.4,1,B.Tech / B.E / B.S,2,4,1,548,UI/UX; Git; React Native; Swift; Android; Flutter; Dart; REST API,Kotlin; Java; Firebase; SQLite,62.5,1
CAND_1207,Ananya Wilson,Fullstack Software Engineer,9,0.6429,12,0,1,1.3,2,M.Tech / M.S / Ph.D,2,5,1,249,Spring Boot; MongoDB; REST API; CSS3; PostgreSQL; HTML5; TypeScript; Java; React,JavaScript; Node.js; SQL; Git; Docker,52.23,0
CAND_1208,Rohan Rao,Cloud & DevOps Engineer,10,0.7692,14,3,0,2.5,1,B.Tech / B.E / B.S,5,3,1,430,Prometheus; Git; GitHub Actions; Ansible; Jenkins; Python; Bash; Terraform; Linux; Docker,Kubernetes; AWS; CI/CD,85.24,1
CAND_1209,Alex Patel,Cloud & DevOps Engineer,4,0.3077,10,3,3,4.8,1,B.Tech / B.E / B.S,2,9,1,529,GitHub Actions; Bash; Ansible; CI/CD,Linux; Docker; Kubernetes; AWS; Terraform; Jenkins; Python; Prometheus; Git,69.56,1
CAND_1210,Vikram Miller,Mobile Application Developer,7,0.5833,11,2,3,0.1,1,B.Tech / B.E / B.S,2,5,1,429,SQLite; React Native; Git; Java; Flutter; REST API; Firebase,Dart; Android; Kotlin; Swift; UI/UX,48.72,0
CAND_1211,Daniel Iyer,Frontend React Engineer,11,0.8462,16,0,0,2.4,1,B.Tech / B.E / B.S,2,2,0,544,TypeScript; Git; CSS3; Next.js; Webpack; HTML5; Tailwind CSS; React; Vite; JavaScript; Redux,REST API; GraphQL,54.31,0
CAND_1212,Chloe Kumar,Backend Java Developer,7,0.5,11,1,1,0.8,1,B.Tech / B.E / B.S,2,7,1,433,Docker; SQL; Kafka; Redis; Spring Boot; Maven; Microservices,Java; REST API; PostgreSQL; MySQL; Hibernate; AWS; Git,46.02,0
CAND_1213,James Anderson,Backend Java Developer,5,0.3571,12,3,2,0.2,1,B.Tech / B.E / B.S,2,9,1,436,Microservices; Docker; Kafka; AWS; PostgreSQL,Java; Spring Boot; REST API; SQL; MySQL; Hibernate; Redis; Git; Maven,54.94,0
CAND_1214,James Verma,Fullstack Software Engineer,4,0.2857,11,2,0,0.1,1,B.Tech / B.E / B.S,2,10,1,264,JavaScript; React; Git; REST API,TypeScript; Node.js; Java; Spring Boot; SQL; PostgreSQL; MongoDB; Docker; HTML5; CSS3,44.98,0
CAND_1215,Karthik Gupta,Python / AI Engineer,1,0.0769,5,1,0,1.4,1,B.Tech / B.E / B.S,4,12,1,552,SQL,Python; PyTorch; TensorFlow; Scikit-Learn; Pandas; NumPy; FastAPI; Docker; NLP; Computer Vision; REST API; Git,29.72,0
CAND_1216,Maya Sharma,Cloud & DevOps Engineer,4,0.3077,9,2,0,0.4,1,B.Tech / B.E / B.S,5,9,1,382,Bash; Ansible; Terraform; Git,Linux; Docker; Kubernetes; AWS; CI/CD; Jenkins; GitHub Actions; Python; Prometheus,47.69,0
CAND_1217,Elena Singh,Mobile Application Developer,4,0.3333,6,2,0,3.9,1,B.Tech / B.E / B.S,3,8,1,368,Java; Kotlin; Firebase; Dart,Flutter; React Native; Android; Swift; REST API; SQLite; Git; UI/UX,54.42,0
CAND_1218,Aditi Nair,Cloud & DevOps Engineer,10,0.7692,11,1,0,3.9,0,Diploma / Associate,2,3,1,436,Jenkins; GitHub Actions; Prometheus; AWS; CI/CD; Kubernetes; Bash; Ansible; Git; Terraform,Linux; Docker; Python,70.14,1
CAND_1219,David Iyer,Frontend React Engineer,6,0.4615,13,3,2,0.3,2,M.Tech / M.S / Ph.D,3,7,0,391,REST API; Git; JavaScript; CSS3; Next.js; Redux,React; TypeScript; HTML5; Tailwind CSS; GraphQL; Webpack; Vite,53.58,0
CAND_1220,Sneha Kumar,Cloud & DevOps Engineer,3,0.2308,6,0,0,0.0,2,M.Tech / M.S / Ph.D,5,10,1,367,AWS; Kubernetes; Docker,Linux; Terraform; CI/CD; Jenkins; GitHub Actions; Ansible; Python; Bash; Prometheus; Git,27.17,0
CAND_1221,Aditi Rao,Cloud & DevOps Engineer,7,0.5385,8,2,1,2.6,1,B.Tech / B.E / B.S,5,6,1,367,Python; Jenkins; AWS; Kubernetes; CI/CD; Ansible; Docker,Linux; Terraform; GitHub Actions; Bash; Prometheus; Git,62.18,1
CAND_1222,Priya Wilson,Python / AI Engineer,12,0.9231,16,2,0,0.0,1,B.Tech / B.E / B.S,3,1,1,558,FastAPI; Git; Pandas; REST API; Python; PyTorch; Scikit-Learn; Computer Vision; SQL; NLP; Docker; NumPy,TensorFlow,70.2,1
CAND_1223,Aditi Verma,Frontend React Engineer,6,0.4615,7,2,0,1.9,0,Diploma / Associate,3,7,1,501,Redux; GraphQL; Webpack; Git; HTML5; React,JavaScript; TypeScript; Next.js; CSS3; Tailwind CSS; REST API; Vite,54.0,0
CAND_1224,Sneha Brown,Backend Java Developer,6,0.4286,11,2,2,3.6,1,B.Tech / B.E / B.S,2,8,0,468,SQL; AWS; PostgreSQL; MySQL; Git; Java,Spring Boot; Microservices; REST API; Hibernate; Redis; Kafka; Docker; Maven,52.95,0
CAND_1225,David Verma,Python / AI Engineer,13,1.0,16,3,2,0.4,1,B.Tech / B.E / B.S,2,0,1,378,Docker; Scikit-Learn; NumPy; Git; Pandas; PyTorch; REST API; NLP; SQL; TensorFlow; Computer Vision; Python; FastAPI,,92.78,1
CAND_1226,Sneha Johnson,Frontend React Engineer,5,0.3846,8,4,0,0.6,1,B.Tech / B.E / B.S,2,8,0,374,Git; CSS3; REST API; Vite; TypeScript,React; JavaScript; Next.js; HTML5; Tailwind CSS; Redux; GraphQL; Webpack,49.92,0
CAND_1227,Rahul Thomas,Python / AI Engineer,11,0.8462,14,5,0,9.8,2,M.Tech / M.S / Ph.D,3,2,0,383,SQL; Docker; Python; Computer Vision; NLP; TensorFlow; NumPy; FastAPI; Scikit-Learn; Pandas; REST API,PyTorch; Git,93.23,1
CAND_1228,Maya Davis,Backend Java Developer,3,0.2143,7,4,1,3.8,1,B.Tech / B.E / B.S,3,11,1,352,PostgreSQL; Kafka; Maven,Java; Spring Boot; Microservices; REST API; SQL; MySQL; Hibernate; Redis; Docker; AWS; Git,56.37,0
CAND_1229,Priya Johnson,Python / AI Engineer,4,0.3077,8,3,1,2.0,1,B.Tech / B.E / B.S,3,9,1,376,REST API; Pandas; NLP; NumPy,Python; PyTorch; TensorFlow; Scikit-Learn; SQL; FastAPI; Docker; Computer Vision; Git,62.04,1
CAND_1230,Daniel Davis,Python / AI Engineer,8,0.6154,10,1,1,4.2,0,Diploma / Associate,3,5,1,503,FastAPI; REST API; NLP; Pandas; Git; Python; TensorFlow; SQL,PyTorch; Scikit-Learn; NumPy; Docker; Computer Vision,65.74,1
CAND_1231,Sneha Brown,Python / AI Engineer,8,0.6154,9,2,0,1.7,1,B.Tech / B.E / B.S,2,5,0,417,Pandas; REST API; Computer Vision; Python; FastAPI; Git; NumPy; Docker,PyTorch; TensorFlow; Scikit-Learn; SQL; NLP,56.35,0
CAND_1232,James Singh,Mobile Application Developer,10,0.8333,14,3,0,1.6,1,B.Tech / B.E / B.S,4,2,0,420,Flutter; SQLite; Firebase; React Native; Java; Dart; Swift; Git; UI/UX; REST API,Android; Kotlin,78.9,1
CAND_1233,Sneha Gupta,Fullstack Software Engineer,12,0.8571,14,3,0,2.4,1,B.Tech / B.E / B.S,2,2,1,341,PostgreSQL; Spring Boot; SQL; TypeScript; Docker; Node.js; REST API; Java; CSS3; MongoDB; React; Git,JavaScript; HTML5,84.25,1
CAND_1234,Vikram Davis,Backend Java Developer,5,0.3571,6,3,0,0.6,0,Diploma / Associate,3,9,0,347,Redis; PostgreSQL; Docker; Hibernate; Maven,Java; Spring Boot; Microservices; REST API; SQL; MySQL; Kafka; AWS; Git,45.54,0
CAND_1235,David Chen,Backend Java Developer,8,0.5714,11,2,0,0.4,2,M.Tech / M.S / Ph.D,2,6,1,327,Hibernate; Redis; PostgreSQL; Git; AWS; SQL; Maven; Spring Boot,Java; Microservices; REST API; MySQL; Kafka; Docker,62.24,1
CAND_1236,Ananya Kumar,Python / AI Engineer,10,0.7692,12,2,0,1.9,1,B.Tech / B.E / B.S,3,3,0,240,Pandas; Scikit-Learn; Git; Computer Vision; REST API; FastAPI; TensorFlow; Docker; SQL; NLP,Python; PyTorch; NumPy,66.18,1
CAND_1237,Pooja Reddy,Python / AI Engineer,11,0.8462,15,1,3,0.3,1,B.Tech / B.E / B.S,3,2,1,469,Computer Vision; Docker; SQL; Git; NumPy; TensorFlow; FastAPI; Python; NLP; REST API; PyTorch,Scikit-Learn; Pandas,67.37,1
CAND_1238,Michael Kumar,Mobile Application Developer,3,0.25,4,3,0,0.8,1,B.Tech / B.E / B.S,4,9,0,280,Firebase; Android; Git,Flutter; Dart; React Native; Kotlin; Swift; Java; REST API; SQLite; UI/UX,49.34,0
CAND_1239,Chloe Kumar,Python / AI Engineer,9,0.6923,13,2,0,3.2,1,B.Tech / B.E / B.S,2,4,0,658,REST API; Pandas; TensorFlow; PyTorch; Scikit-Learn; Docker; Python; NumPy; Git,SQL; FastAPI; NLP; Computer Vision,71.72,1
CAND_1240,Ananya Singh,Fullstack Software Engineer,4,0.2857,7,0,0,1.6,1,B.Tech / B.E / B.S,3,10,0,404,JavaScript; SQL; Spring Boot; PostgreSQL,React; TypeScript; Node.js; Java; MongoDB; REST API; Git; Docker; HTML5; CSS3,21.23,0
CAND_1241,Sneha Iyer,Fullstack Software Engineer,11,0.7857,13,3,3,2.3,2,M.Tech / M.S / Ph.D,2,3,1,270,MongoDB; TypeScript; SQL; Git; PostgreSQL; REST API; Node.js; Docker; HTML5; Spring Boot; Java,React; JavaScript; CSS3,90.56,1
CAND_1242,Aditi Patel,Mobile Application Developer,10,0.8333,12,0,1,2.0,2,M.Tech / M.S / Ph.D,3,2,1,380,SQLite; Android; REST API; Flutter; React Native; Git; Dart; UI/UX; Java; Swift,Kotlin; Firebase,65.95,1
CAND_1243,Priya Rao,Fullstack Software Engineer,8,0.5714,10,2,1,0.2,2,M.Tech / M.S / Ph.D,3,6,1,435,React; Java; REST API; Docker; JavaScript; Spring Boot; HTML5; Node.js,TypeScript; SQL; PostgreSQL; MongoDB; Git; CSS3,67.9,1
CAND_1244,Chloe Davis,Cloud & DevOps Engineer,8,0.6154,11,3,0,1.1,1,B.Tech / B.E / B.S,3,5,0,518,Kubernetes; Ansible; GitHub Actions; Terraform; AWS; Docker; Git; Bash,Linux; CI/CD; Jenkins; Python; Prometheus,62.13,1
CAND_1245,Michael Kumar,Mobile Application Developer,10,0.8333,13,2,3,1.1,1,B.Tech / B.E / B.S,2,2,1,512,React Native; Flutter; Swift; Kotlin; Android; Dart; REST API; Firebase; SQLite; UI/UX,Java; Git,75.98,1
CAND_1246,Alex Patel,Cloud & DevOps Engineer,5,0.3846,13,2,1,0.4,0,Diploma / Associate,3,8,0,358,Bash; Docker; Kubernetes; Git; GitHub Actions,Linux; AWS; Terraform; CI/CD; Jenkins; Ansible; Python; Prometheus,39.52,0
CAND_1247,Alex Singh,Fullstack Software Engineer,8,0.5714,10,0,0,1.6,1,B.Tech / B.E / B.S,2,6,0,331,Java; SQL; Node.js; PostgreSQL; CSS3; Spring Boot; REST API; Git,React; JavaScript; TypeScript; MongoDB; Docker; HTML5,40.82,0
CAND_1248,James Sharma,Frontend React Engineer,4,0.3077,7,1,0,0.5,1,B.Tech / B.E / B.S,3,9,1,339,Webpack; CSS3; Next.js; React,JavaScript; TypeScript; HTML5; Tailwind CSS; Redux; REST API; GraphQL; Vite; Git,35.9,0
CAND_1249,Sneha Taylor,Frontend React Engineer,11,0.8462,16,0,0,2.4,1,B.Tech / B.E / B.S,2,2,1,433,TypeScript; Tailwind CSS; Webpack; REST API; HTML5; JavaScript; CSS3; Git; Vite; Redux; React,Next.js; GraphQL,62.32,1
CAND_1250,Vikram Wilson,Backend Java Developer,7,0.5,9,1,0,3.5,1,B.Tech / B.E / B.S,3,7,1,475,Hibernate; AWS; Kafka; PostgreSQL; MySQL; Redis; Maven,Java; Spring Boot; Microservices; REST API; SQL; Docker; Git,54.43,0
CAND_1251,Chloe Gupta,Backend Java Developer,4,0.2857,7,3,0,2.9,1,B.Tech / B.E / B.S,3,10,0,425,Docker; Git; Kafka; Spring Boot,Java; Microservices; REST API; SQL; PostgreSQL; MySQL; Hibernate; Redis; AWS; Maven,54.33,0
CAND_1252,Daniel Taylor,Python / AI Engineer,10,0.7692,14,3,0,0.3,1,B.Tech / B.E / B.S,5,3,0,466,REST API; NumPy; PyTorch; NLP; Computer Vision; Python; SQL; Pandas; Git; Docker,TensorFlow; Scikit-Learn; FastAPI,65.35,1
CAND_1253,James Miller,Backend Java Developer,13,0.9286,16,2,1,0.5,1,B.Tech / B.E / B.S,1,1,1,362,Microservices; PostgreSQL; Redis; Hibernate; Spring Boot; REST API; Docker; Java; SQL; AWS; MySQL; Kafka; Git,Maven,75.79,1
CAND_1254,Daniel Brown,Cloud & DevOps Engineer,8,0.6154,11,1,0,2.0,1,B.Tech / B.E / B.S,2,5,1,615,Python; Linux; Ansible; GitHub Actions; Terraform; Prometheus; AWS; Kubernetes,Docker; CI/CD; Jenkins; Bash; Git,50.27,0
CAND_1255,Aarav Gupta,Python / AI Engineer,7,0.5385,9,2,1,1.2,1,B.Tech / B.E / B.S,4,6,1,380,PyTorch; Python; SQL; NumPy; Git; REST API; FastAPI,TensorFlow; Scikit-Learn; Pandas; Docker; NLP; Computer Vision,64.35,1
CAND_1256,Elena Verma,Frontend React Engineer,8,0.6154,11,1,0,0.8,1,B.Tech / B.E / B.S,3,5,1,564,Tailwind CSS; TypeScript; Vite; Git; CSS3; GraphQL; Next.js; Redux,React; JavaScript; HTML5; REST API; Webpack,51.36,0
CAND_1257,David Patel,Mobile Application Developer,7,0.5833,10,2,1,3.5,2,M.Tech / M.S / Ph.D,1,5,1,277,Git; REST API; React Native; Swift; Dart; Firebase; Kotlin,Flutter; Android; Java; SQLite; UI/UX,68.96,1
CAND_1258,David Davis,Backend Java Developer,7,0.5,11,1,2,0.7,1,B.Tech / B.E / B.S,1,7,0,546,AWS; REST API; Java; Maven; SQL; Hibernate; MySQL,Spring Boot; Microservices; PostgreSQL; Redis; Kafka; Docker; Git,51.46,0
CAND_1259,Chloe Johnson,Backend Java Developer,5,0.3571,10,3,2,2.6,2,M.Tech / M.S / Ph.D,2,9,1,506,REST API; Hibernate; PostgreSQL; Microservices; SQL,Java; Spring Boot; MySQL; Redis; Kafka; Docker; AWS; Git; Maven,70.94,1
CAND_1260,Rahul Reddy,Fullstack Software Engineer,9,0.6429,13,1,0,3.4,2,M.Tech / M.S / Ph.D,2,5,0,259,HTML5; Git; SQL; REST API; React; Node.js; MongoDB; CSS3; Docker,JavaScript; TypeScript; Java; Spring Boot; PostgreSQL,55.43,0
CAND_1261,Maya Verma,Cloud & DevOps Engineer,7,0.5385,14,3,3,2.5,1,B.Tech / B.E / B.S,3,6,0,416,Python; Bash; Linux; AWS; Prometheus; Jenkins; Git,Docker; Kubernetes; Terraform; CI/CD; GitHub Actions; Ansible,65.95,1
CAND_1262,Ananya Miller,Backend Java Developer,7,0.5,15,3,1,2.5,1,B.Tech / B.E / B.S,4,7,1,454,Git; Maven; Java; Microservices; Redis; SQL; REST API,Spring Boot; PostgreSQL; MySQL; Hibernate; Kafka; Docker; AWS,71.66,1
CAND_1263,James Chen,Python / AI Engineer,7,0.5385,12,2,2,3.9,1,B.Tech / B.E / B.S,1,6,0,535,NLP; Computer Vision; NumPy; Scikit-Learn; Pandas; TensorFlow; REST API,Python; PyTorch; SQL; FastAPI; Docker; Git,68.95,1
CAND_1264,Daniel Singh,Cloud & DevOps Engineer,8,0.6154,10,4,1,2.2,1,B.Tech / B.E / B.S,2,5,0,486,Terraform; Git; Linux; Ansible; Kubernetes; Jenkins; Prometheus; AWS,Docker; CI/CD; GitHub Actions; Python; Bash,70.25,1
CAND_1265,Aditi Smith,Mobile Application Developer,4,0.3333,7,4,1,1.6,1,B.Tech / B.E / B.S,6,8,1,424,Git; Java; REST API; Swift,Flutter; Dart; React Native; Android; Kotlin; Firebase; SQLite; UI/UX,61.91,1
CAND_1266,Sarah Brown,Backend Java Developer,11,0.7857,15,1,2,1.6,1,B.Tech / B.E / B.S,3,3,0,223,SQL; MySQL; Microservices; Redis; Hibernate; REST API; Docker; AWS; PostgreSQL; Spring Boot; Kafka,Java; Git; Maven,66.2,1
CAND_1267,Aditi Miller,Cloud & DevOps Engineer,10,0.7692,14,0,1,5.8,1,B.Tech / B.E / B.S,1,3,1,375,Jenkins; Ansible; Prometheus; Kubernetes; Git; AWS; Python; Docker; Bash; Linux,Terraform; CI/CD; GitHub Actions,59.89,1
CAND_1268,Michael Smith,Fullstack Software Engineer,4,0.2857,6,1,0,1.1,1,B.Tech / B.E / B.S,2,10,1,456,MongoDB; Docker; Node.js; React,JavaScript; TypeScript; Java; Spring Boot; SQL; PostgreSQL; REST API; Git; HTML5; CSS3,36.99,0
CAND_1269,Karthik Johnson,Mobile Application Developer,10,0.8333,17,3,0,0.0,1,B.Tech / B.E / B.S,2,2,0,585,SQLite; UI/UX; Flutter; Dart; Android; Java; Kotlin; Swift; REST API; Firebase,React Native; Git,72.5,1
CAND_1270,Rahul Chen,Frontend React Engineer,9,0.6923,10,2,0,1.2,1,B.Tech / B.E / B.S,4,4,0,333,React; Next.js; Vite; JavaScript; Redux; Webpack; CSS3; HTML5; GraphQL,TypeScript; Tailwind CSS; REST API; Git,53.47,0
CAND_1271,David Singh,Python / AI Engineer,10,0.7692,12,2,0,0.2,2,M.Tech / M.S / Ph.D,2,3,0,303,NumPy; Pandas; SQL; FastAPI; Docker; Git; TensorFlow; Computer Vision; NLP; Scikit-Learn,Python; PyTorch; REST API,57.74,0
CAND_1272,Michael Reddy,Mobile Application Developer,5,0.4167,6,2,2,6.0,2,M.Tech / M.S / Ph.D,4,7,0,374,Firebase; Swift; Android; Git; REST API,Flutter; Dart; React Native; Kotlin; Java; SQLite; UI/UX,64.2,1
CAND_1273,Sarah Verma,Python / AI Engineer,9,0.6923,11,2,1,3.5,1,B.Tech / B.E / B.S,3,4,1,243,Scikit-Learn; REST API; TensorFlow; Python; Pandas; SQL; Computer Vision; PyTorch; NumPy,FastAPI; Docker; NLP; Git,72.51,1
CAND_1274,Alex Singh,Cloud & DevOps Engineer,8,0.6154,11,1,0,6.5,1,B.Tech / B.E / B.S,3,5,1,409,Python; AWS; GitHub Actions; Ansible; CI/CD; Terraform; Jenkins; Prometheus,Linux; Docker; Kubernetes; Bash; Git,63.46,1
CAND_1275,Elena Taylor,Backend Java Developer,5,0.3571,11,2,0,2.2,1,B.Tech / B.E / B.S,1,9,1,257,AWS; Git; PostgreSQL; Microservices; Docker,Java; Spring Boot; REST API; SQL; MySQL; Hibernate; Redis; Kafka; Maven,50.2,0
CAND_1276,Chloe Wilson,Backend Java Developer,11,0.7857,16,2,2,0.4,1,B.Tech / B.E / B.S,4,3,1,341,Redis; Docker; Java; Maven; AWS; Spring Boot; Kafka; MySQL; Hibernate; REST API; Git,Microservices; SQL; PostgreSQL,67.29,1
CAND_1277,Ananya Patel,Mobile Application Developer,11,0.9167,12,1,0,5.3,0,Diploma / Associate,2,1,1,485,React Native; Flutter; Android; REST API; Firebase; UI/UX; Git; Kotlin; SQLite; Java; Dart,Swift,75.02,1
CAND_1278,Aarav Sharma,Python / AI Engineer,6,0.4615,9,4,0,1.0,1,B.Tech / B.E / B.S,2,7,0,601,Docker; SQL; Python; Computer Vision; Git; Pandas,PyTorch; TensorFlow; Scikit-Learn; NumPy; FastAPI; NLP; REST API,55.55,0
CAND_1279,Chloe Rao,Fullstack Software Engineer,13,0.9286,18,2,3,1.9,1,B.Tech / B.E / B.S,4,1,1,398,MongoDB; Docker; Git; SQL; TypeScript; JavaScript; CSS3; Java; PostgreSQL; Spring Boot; HTML5; REST API; Node.js,React,86.6,1
CAND_1280,Emily Kumar,Cloud & DevOps Engineer,4,0.3077,6,2,1,1.3,1,B.Tech / B.E / B.S,2,9,0,498,Docker; CI/CD; Jenkins; GitHub Actions,Linux; Kubernetes; AWS; Terraform; Ansible; Python; Bash; Prometheus; Git,43.59,0
CAND_1281,James Singh,Mobile Application Developer,6,0.5,11,2,2,1.6,1,B.Tech / B.E / B.S,2,6,1,317,Android; Kotlin; Dart; Flutter; SQLite; UI/UX,React Native; Swift; Java; Firebase; REST API; Git,60.17,1
CAND_1282,David Johnson,Python / AI Engineer,4,0.3077,8,3,4,1.9,1,B.Tech / B.E / B.S,3,9,1,289,FastAPI; Python; Computer Vision; REST API,PyTorch; TensorFlow; Scikit-Learn; Pandas; NumPy; SQL; Docker; NLP; Git,63.99,1
CAND_1283,Priya Patel,Cloud & DevOps Engineer,7,0.5385,9,3,2,0.4,1,B.Tech / B.E / B.S,2,6,0,157,Jenkins; Bash; CI/CD; Python; Docker; Linux; Ansible,Kubernetes; AWS; Terraform; GitHub Actions; Prometheus; Git,66.1,1
CAND_1284,Rahul Anderson,Cloud & DevOps Engineer,7,0.5385,13,0,1,0.3,1,B.Tech / B.E / B.S,3,6,1,213,Terraform; Linux; Docker; Git; Ansible; Prometheus; Bash,Kubernetes; AWS; CI/CD; Jenkins; GitHub Actions; Python,41.07,0
CAND_1285,Alex Sharma,Backend Java Developer,7,0.5,13,2,1,0.9,1,B.Tech / B.E / B.S,2,7,0,429,Kafka; Microservices; AWS; MySQL; Spring Boot; SQL; Git,Java; REST API; PostgreSQL; Hibernate; Redis; Docker; Maven,59.11,1
CAND_1286,James Singh,Python / AI Engineer,4,0.3077,9,2,0,5.6,0,Diploma / Associate,3,9,0,232,SQL; Computer Vision; Docker; NumPy,Python; PyTorch; TensorFlow; Scikit-Learn; Pandas; FastAPI; NLP; REST API; Git,51.13,0
CAND_1287,David Iyer,Mobile Application Developer,2,0.1667,4,1,2,0.6,1,B.Tech / B.E / B.S,3,10,0,461,UI/UX; Dart,Flutter; React Native; Android; Kotlin; Swift; Java; Firebase; REST API; SQLite; Git,29.14,0
CAND_1288,Daniel Smith,Fullstack Software Engineer,6,0.4286,8,2,1,1.9,1,B.Tech / B.E / B.S,2,8,1,356,JavaScript; SQL; Node.js; CSS3; Spring Boot; HTML5,React; TypeScript; Java; PostgreSQL; MongoDB; REST API; Git; Docker,52.64,0
CAND_1289,Alex Sharma,Mobile Application Developer,5,0.4167,9,1,0,5.7,0,Diploma / Associate,2,7,0,531,Kotlin; Firebase; Git; Android; Swift,Flutter; Dart; React Native; Java; REST API; SQLite; UI/UX,53.81,0
CAND_1290,Chloe Johnson,Cloud & DevOps Engineer,9,0.6923,11,4,0,2.0,1,B.Tech / B.E / B.S,3,4,0,374,Kubernetes; Bash; Python; Jenkins; Docker; Terraform; Prometheus; Ansible; Linux,AWS; CI/CD; GitHub Actions; Git,65.81,1
CAND_1291,Rohan Kumar,Backend Java Developer,9,0.6429,13,1,3,3.1,1,B.Tech / B.E / B.S,2,5,1,576,MySQL; AWS; Docker; Microservices; Maven; PostgreSQL; Redis; Java; Kafka,Spring Boot; REST API; SQL; Hibernate; Git,66.46,1
CAND_1292,Aarav Rao,Cloud & DevOps Engineer,11,0.8462,14,1,0,3.2,1,B.Tech / B.E / B.S,3,2,1,432,CI/CD; Terraform; Docker; Kubernetes; Bash; Python; AWS; Jenkins; Prometheus; Git; Linux,GitHub Actions; Ansible,72.92,1
CAND_1293,Aarav Patel,Frontend React Engineer,4,0.3077,10,4,0,0.9,1,B.Tech / B.E / B.S,3,9,0,428,REST API; JavaScript; GraphQL; Webpack,React; TypeScript; Next.js; HTML5; CSS3; Tailwind CSS; Redux; Vite; Git,50.75,0
CAND_1294,Alex Johnson,Fullstack Software Engineer,6,0.4286,13,3,0,6.5,1,B.Tech / B.E / B.S,2,8,0,351,Java; SQL; HTML5; JavaScript; MongoDB; Node.js,React; TypeScript; Spring Boot; PostgreSQL; REST API; Git; Docker; CSS3,74.26,1
CAND_1295,James Davis,Backend Java Developer,5,0.3571,7,2,0,0.1,1,B.Tech / B.E / B.S,4,9,1,502,Docker; MySQL; Microservices; AWS; SQL,Java; Spring Boot; REST API; PostgreSQL; Hibernate; Redis; Kafka; Git; Maven,52.19,0
CAND_1296,Pooja Kumar,Cloud & DevOps Engineer,10,0.7692,10,3,1,0.1,1,B.Tech / B.E / B.S,5,3,1,602,Kubernetes; Docker; Git; Jenkins; Terraform; Python; Bash; AWS; Linux; GitHub Actions,CI/CD; Ansible; Prometheus,77.19,1
CAND_1297,Karthik Singh,Mobile Application Developer,4,0.3333,9,3,1,0.2,1,B.Tech / B.E / B.S,2,8,0,460,Git; Firebase; SQLite; Android,Flutter; Dart; React Native; Kotlin; Swift; Java; REST API; UI/UX,48.96,0
CAND_1298,Michael Reddy,Backend Java Developer,12,0.8571,15,1,2,1.4,1,B.Tech / B.E / B.S,2,2,1,432,SQL; Java; MySQL; PostgreSQL; Kafka; AWS; Docker; REST API; Microservices; Redis; Spring Boot; Maven,Hibernate; Git,70.49,1
CAND_1299,Alex Thomas,Mobile Application Developer,10,0.8333,13,1,1,0.7,1,B.Tech / B.E / B.S,1,2,1,413,Android; Firebase; Swift; React Native; Java; REST API; Git; UI/UX; Dart; Kotlin,Flutter; SQLite,61.21,1
CAND_1300,David Kumar,Cloud & DevOps Engineer,11,0.8462,12,3,2,1.2,1,B.Tech / B.E / B.S,2,2,1,632,CI/CD; Docker; Python; AWS; Ansible; Kubernetes; Git; Terraform; Linux; Bash; GitHub Actions,Jenkins; Prometheus,85.3,1
CAND_1301,Rahul Taylor,Frontend React Engineer,3,0.2308,6,1,0,1.1,2,M.Tech / M.S / Ph.D,1,10,1,481,Vite; JavaScript; Tailwind CSS,React; TypeScript; Next.js; HTML5; CSS3; Redux; REST API; GraphQL; Webpack; Git,36.55,0
CAND_1302,Elena Iyer,Mobile Application Developer,1,0.0833,6,3,3,0.2,1,B.Tech / B.E / B.S,5,11,1,391,Kotlin,Flutter; Dart; React Native; Android; Swift; Java; Firebase; REST API; SQLite; Git; UI/UX,53.22,0
CAND_1303,Ananya Kumar,Mobile Application Developer,2,0.1667,7,2,1,1.6,2,M.Tech / M.S / Ph.D,3,10,1,670,React Native; Java,Flutter; Dart; Android; Kotlin; Swift; Firebase; REST API; SQLite; Git; UI/UX,44.06,0
CAND_1304,David Patel,Cloud & DevOps Engineer,10,0.7692,15,1,1,0.7,0,Diploma / Associate,3,3,1,209,Python; GitHub Actions; Git; Jenkins; Ansible; Bash; Terraform; Linux; Kubernetes; CI/CD,Docker; AWS; Prometheus,62.62,1
CAND_1305,Sneha Singh,Mobile Application Developer,4,0.3333,6,2,0,4.4,1,B.Tech / B.E / B.S,5,8,0,441,Git; Swift; React Native; Flutter,Dart; Android; Kotlin; Java; Firebase; REST API; SQLite; UI/UX,53.65,0
CAND_1306,James Johnson,Frontend React Engineer,4,0.3077,8,0,0,1.0,1,B.Tech / B.E / B.S,2,9,1,474,Git; Tailwind CSS; JavaScript; React,TypeScript; Next.js; HTML5; CSS3; Redux; REST API; GraphQL; Webpack; Vite,29.63,0
CAND_1307,Sneha Kumar,Backend Java Developer,9,0.6429,14,3,0,2.0,1,B.Tech / B.E / B.S,2,5,0,186,Redis; AWS; Maven; Git; Kafka; REST API; Hibernate; Microservices; Docker,Java; Spring Boot; SQL; PostgreSQL; MySQL,62.41,1
CAND_1308,Michael Anderson,Mobile Application Developer,7,0.5833,9,1,0,1.2,1,B.Tech / B.E / B.S,2,5,1,296,REST API; React Native; Swift; Flutter; Firebase; UI/UX; Git,Dart; Android; Kotlin; Java; SQLite,52.31,0
CAND_1309,Sarah Patel,Fullstack Software Engineer,9,0.6429,13,3,0,2.6,1,B.Tech / B.E / B.S,1,5,0,500,CSS3; Docker; TypeScript; Spring Boot; Java; Git; PostgreSQL; SQL; JavaScript,React; Node.js; MongoDB; REST API; HTML5,67.59,1
CAND_1310,Daniel Wilson,Frontend React Engineer,4,0.3077,10,3,1,5.4,1,B.Tech / B.E / B.S,3,9,1,503,Redux; JavaScript; Git; Webpack,React; TypeScript; Next.js; HTML5; CSS3; Tailwind CSS; REST API; GraphQL; Vite,64.72,1
CAND_1311,Alex Patel,Frontend React Engineer,1,0.0769,3,1,1,0.8,1,B.Tech / B.E / B.S,3,12,1,441,React,JavaScript; TypeScript; Next.js; HTML5; CSS3; Tailwind CSS; Redux; REST API; GraphQL; Webpack; Vite; Git,27.6,0
CAND_1312,Sneha Sharma,Frontend React Engineer,4,0.3077,9,2,1,1.7,0,Diploma / Associate,3,9,1,454,Webpack; JavaScript; Git; TypeScript,React; Next.js; HTML5; CSS3; Tailwind CSS; Redux; REST API; GraphQL; Vite,43.58,0
CAND_1313,Ananya Davis,Backend Java Developer,5,0.3571,6,1,2,1.7,1,B.Tech / B.E / B.S,1,9,0,335,Redis; Microservices; PostgreSQL; Maven; MySQL,Java; Spring Boot; REST API; SQL; Hibernate; Kafka; Docker; AWS; Git,39.43,0
CAND_1314,Michael Singh,Cloud & DevOps Engineer,8,0.6154,13,1,1,0.9,2,M.Tech / M.S / Ph.D,2,5,1,352,Bash; Kubernetes; Prometheus; Jenkins; Python; Linux; CI/CD; Terraform,Docker; AWS; GitHub Actions; Ansible; Git,61.73,1
CAND_1315,Rahul Taylor,Python / AI Engineer,6,0.4615,10,2,2,2.7,1,B.Tech / B.E / B.S,1,7,1,565,SQL; Git; Python; Scikit-Learn; NLP; Pandas,PyTorch; TensorFlow; NumPy; FastAPI; Docker; Computer Vision; REST API,64.05,1
CAND_1316,Rohan Anderson,Fullstack Software Engineer,7,0.5,12,3,0,0.8,1,B.Tech / B.E / B.S,3,7,1,205,HTML5; MongoDB; TypeScript; Spring Boot; Git; Node.js; PostgreSQL,React; JavaScript; Java; SQL; REST API; Docker; CSS3,66.48,1
CAND_1317,Sneha Kumar,Mobile Application Developer,11,0.9167,17,2,0,0.2,2,M.Tech / M.S / Ph.D,4,1,0,174,Firebase; REST API; Swift; Java; Git; Kotlin; Flutter; React Native; UI/UX; Dart; SQLite,Android,61.78,1
CAND_1318,Pooja Thomas,Python / AI Engineer,4,0.3077,6,0,1,4.0,0,Diploma / Associate,1,9,1,384,PyTorch; Computer Vision; TensorFlow; NumPy,Python; Scikit-Learn; Pandas; SQL; FastAPI; Docker; NLP; REST API; Git,36.14,0
CAND_1319,Sneha Singh,Frontend React Engineer,12,0.9231,17,2,0,0.3,1,B.Tech / B.E / B.S,4,1,0,492,JavaScript; TypeScript; CSS3; Vite; REST API; Tailwind CSS; Next.js; HTML5; Git; Redux; Webpack; React,GraphQL,63.17,1
CAND_1320,Elena Miller,Mobile Application Developer,7,0.5833,10,3,2,0.7,1,B.Tech / B.E / B.S,2,5,0,561,Git; React Native; REST API; UI/UX; Firebase; SQLite; Dart,Flutter; Android; Kotlin; Swift; Java,62.29,1
CAND_1321,Priya Chen,Cloud & DevOps Engineer,8,0.6154,11,3,1,5.3,1,B.Tech / B.E / B.S,3,5,1,480,Python; Linux; CI/CD; Prometheus; GitHub Actions; Kubernetes; Docker; AWS,Terraform; Jenkins; Ansible; Bash; Git,80.6,1
CAND_1322,Chloe Davis,Mobile Application Developer,6,0.5,10,2,0,5.4,1,B.Tech / B.E / B.S,4,6,1,538,Firebase; Java; UI/UX; Git; SQLite; Android,Flutter; Dart; React Native; Kotlin; Swift; REST API,68.75,1
CAND_1323,Priya Patel,Python / AI Engineer,8,0.6154,11,1,0,0.2,1,B.Tech / B.E / B.S,3,5,1,473,Python; Scikit-Learn; Pandas; Git; Computer Vision; REST API; Docker; TensorFlow,PyTorch; NumPy; SQL; FastAPI; NLP,52.95,0
CAND_1324,Priya Taylor,Python / AI Engineer,2,0.1538,6,2,2,1.9,2,M.Tech / M.S / Ph.D,6,11,1,281,REST API; FastAPI,Python; PyTorch; TensorFlow; Scikit-Learn; Pandas; NumPy; SQL; Docker; NLP; Computer Vision; Git,55.85,0
CAND_1325,Chloe Davis,Fullstack Software Engineer,8,0.5714,14,3,3,6.2,1,B.Tech / B.E / B.S,4,6,0,349,REST API; JavaScript; Java; MongoDB; Spring Boot; Git; React; SQL,TypeScript; Node.js; PostgreSQL; Docker; HTML5; CSS3,79.65,1
CAND_1326,Michael Miller,Backend Java Developer,7,0.5,9,2,1,0.3,2,M.Tech / M.S / Ph.D,2,7,0,499,MySQL; Spring Boot; AWS; Docker; REST API; SQL; Java,Microservices; PostgreSQL; Hibernate; Redis; Kafka; Git; Maven,55.51,0
CAND_1327,Michael Kumar,Frontend React Engineer,4,0.3077,10,5,3,0.4,1,B.Tech / B.E / B.S,1,9,1,370,JavaScript; Redux; Git; Next.js,React; TypeScript; HTML5; CSS3; Tailwind CSS; REST API; GraphQL; Webpack; Vite,57.34,0
CAND_1328,Rahul Anderson,Mobile Application Developer,7,0.5833,11,0,0,0.3,1,B.Tech / B.E / B.S,5,5,1,399,Swift; SQLite; Java; React Native; REST API; Git; Dart,Flutter; Android; Kotlin; Firebase; UI/UX,49.15,0
CAND_1329,Rahul Verma,Python / AI Engineer,7,0.5385,9,2,4,1.4,1,B.Tech / B.E / B.S,2,6,0,521,NumPy; Docker; Pandas; NLP; REST API; TensorFlow; FastAPI,Python; PyTorch; Scikit-Learn; SQL; Computer Vision; Git,56.19,0
CAND_1330,Pooja Rao,Python / AI Engineer,12,0.9231,13,0,2,0.6,1,B.Tech / B.E / B.S,3,1,1,282,Pandas; Docker; Computer Vision; PyTorch; TensorFlow; SQL; Python; REST API; NLP; Git; FastAPI; NumPy,Scikit-Learn,64.41,1
CAND_1331,Alex Singh,Mobile Application Developer,4,0.3333,4,0,1,1.3,1,B.Tech / B.E / B.S,1,8,1,370,Java; Firebase; React Native; Kotlin,Flutter; Dart; Android; Swift; REST API; SQLite; Git; UI/UX,38.02,0
CAND_1332,Sarah Johnson,Cloud & DevOps Engineer,3,0.2308,6,2,0,4.4,1,B.Tech / B.E / B.S,2,10,1,477,Docker; Bash; Git,Linux; Kubernetes; AWS; Terraform; CI/CD; Jenkins; GitHub Actions; Ansible; Python; Prometheus,45.36,0
CAND_1333,David Davis,Mobile Application Developer,2,0.1667,5,1,3,0.9,2,M.Tech / M.S / Ph.D,3,10,0,572,Kotlin; Swift,Flutter; Dart; React Native; Android; Java; Firebase; REST API; SQLite; Git; UI/UX,28.65,0
CAND_1334,Michael Wilson,Frontend React Engineer,7,0.5385,9,2,3,2.7,1,B.Tech / B.E / B.S,3,6,1,331,GraphQL; React; JavaScript; Redux; CSS3; Webpack; Tailwind CSS,TypeScript; Next.js; HTML5; REST API; Vite; Git,69.25,1
CAND_1335,Chloe Johnson,Backend Java Developer,6,0.4286,10,2,0,9.7,1,B.Tech / B.E / B.S,3,8,0,500,MySQL; REST API; Hibernate; SQL; PostgreSQL; Docker,Java; Spring Boot; Microservices; Redis; Kafka; AWS; Git; Maven,59.47,1
CAND_1336,Alex Miller,Python / AI Engineer,9,0.6923,13,3,2,0.3,1,B.Tech / B.E / B.S,3,4,1,366,TensorFlow; NLP; FastAPI; NumPy; Python; Docker; Computer Vision; REST API; Scikit-Learn,PyTorch; Pandas; SQL; Git,74.0,1
CAND_1337,Aarav Reddy,Backend Java Developer,3,0.2143,10,4,2,3.4,1,B.Tech / B.E / B.S,4,11,0,351,Hibernate; Maven; Java,Spring Boot; Microservices; REST API; SQL; PostgreSQL; MySQL; Redis; Kafka; Docker; AWS; Git,59.53,0
CAND_1338,Sarah Gupta,Mobile Application Developer,6,0.5,7,4,0,0.3,0,Diploma / Associate,3,6,0,290,React Native; Git; Kotlin; UI/UX; SQLite; Flutter,Dart; Android; Swift; Java; Firebase; REST API,54.31,0
CAND_1339,Emily Kumar,Fullstack Software Engineer,13,0.9286,15,3,1,0.4,1,B.Tech / B.E / B.S,2,1,0,652,Spring Boot; Git; HTML5; TypeScript; React; SQL; Java; CSS3; MongoDB; JavaScript; Node.js; Docker; REST API,PostgreSQL,72.65,1
CAND_1340,Sneha Sharma,Backend Java Developer,10,0.7143,16,1,1,1.7,1,B.Tech / B.E / B.S,2,4,0,423,Hibernate; Spring Boot; Microservices; Kafka; REST API; Redis; Maven; Java; MySQL; AWS,SQL; PostgreSQL; Docker; Git,57.96,0
CAND_1341,Sneha Brown,Mobile Application Developer,5,0.4167,9,1,1,4.6,1,B.Tech / B.E / B.S,4,7,1,347,React Native; Firebase; Dart; Android; Java,Flutter; Kotlin; Swift; REST API; SQLite; Git; UI/UX,56.87,0
CAND_1342,Rohan Reddy,Fullstack Software Engineer,3,0.2143,11,2,1,4.1,2,M.Tech / M.S / Ph.D,2,11,1,507,Spring Boot; CSS3; Java,React; JavaScript; TypeScript; Node.js; SQL; PostgreSQL; MongoDB; REST API; Git; Docker; HTML5,65.58,0
CAND_1343,Vikram Johnson,Backend Java Developer,7,0.5,8,4,0,0.4,1,B.Tech / B.E / B.S,2,7,1,580,Docker; Maven; Microservices; Spring Boot; Redis; Java; AWS,REST API; SQL; PostgreSQL; MySQL; Hibernate; Kafka; Git,59.34,1
CAND_1344,Michael Smith,Mobile Application Developer,3,0.25,5,2,2,0.5,1,B.Tech / B.E / B.S,1,9,1,195,Android; Git; React Native,Flutter; Dart; Kotlin; Swift; Java; Firebase; REST API; SQLite; UI/UX,39.17,0
CAND_1345,Sarah Thomas,Mobile Application Developer,7,0.5833,12,4,0,0.4,1,B.Tech / B.E / B.S,1,5,1,331,Firebase; Android; Dart; SQLite; React Native; Java; Flutter,Kotlin; Swift; REST API; Git; UI/UX,64.42,1
CAND_1346,James Johnson,Frontend React Engineer,4,0.3077,7,1,0,12.0,1,B.Tech / B.E / B.S,3,9,1,304,Tailwind CSS; CSS3; TypeScript; Next.js,React; JavaScript; HTML5; Redux; REST API; GraphQL; Webpack; Vite; Git,45.45,0
CAND_1347,Karthik Patel,Backend Java Developer,3,0.2143,4,1,0,6.0,1,B.Tech / B.E / B.S,4,11,1,348,Redis; Kafka; Git,Java; Spring Boot; Microservices; REST API; SQL; PostgreSQL; MySQL; Hibernate; Docker; AWS; Maven,41.22,0
CAND_1348,Maya Rao,Mobile Application Developer,7,0.5833,12,0,0,0.1,1,B.Tech / B.E / B.S,3,5,1,472,Flutter; Git; Kotlin; Android; REST API; Swift; Firebase,Dart; React Native; Java; SQLite; UI/UX,42.99,0
CAND_1349,Pooja Verma,Backend Java Developer,10,0.7143,13,1,0,2.2,0,Diploma / Associate,4,4,1,271,Hibernate; MySQL; Spring Boot; REST API; Maven; AWS; Java; Microservices; Git; Redis,SQL; PostgreSQL; Kafka; Docker,71.07,1
CAND_1350,David Anderson,Cloud & DevOps Engineer,10,0.7692,11,5,0,3.6,1,B.Tech / B.E / B.S,2,3,1,308,CI/CD; Ansible; Bash; Kubernetes; GitHub Actions; Docker; Linux; Terraform; Jenkins; Git,AWS; Python; Prometheus,83.46,1
CAND_1351,Karthik Gupta,Fullstack Software Engineer,8,0.5714,10,3,0,5.6,1,B.Tech / B.E / B.S,1,6,0,472,React; HTML5; SQL; MongoDB; Java; Git; Docker; Node.js,JavaScript; TypeScript; Spring Boot; PostgreSQL; REST API; CSS3,68.62,1
CAND_1352,David Patel,Mobile Application Developer,3,0.25,7,2,0,0.4,1,B.Tech / B.E / B.S,3,9,1,347,REST API; UI/UX; SQLite,Flutter; Dart; React Native; Android; Kotlin; Swift; Java; Firebase; Git,38.53,0
CAND_1353,Vikram Kumar,Fullstack Software Engineer,8,0.5714,12,2,1,4.4,2,M.Tech / M.S / Ph.D,4,6,1,565,Java; JavaScript; MongoDB; Node.js; TypeScript; Docker; Spring Boot; Git,React; SQL; PostgreSQL; REST API; HTML5; CSS3,79.16,1
CAND_1354,James Patel,Frontend React Engineer,10,0.7692,12,1,0,0.0,1,B.Tech / B.E / B.S,3,3,1,460,Vite; Tailwind CSS; Next.js; React; Webpack; JavaScript; REST API; GraphQL; Git; CSS3,TypeScript; HTML5; Redux,61.47,1
CAND_1355,Pooja Nair,Fullstack Software Engineer,9,0.6429,10,2,0,5.8,0,Diploma / Associate,3,5,1,555,React; Docker; TypeScript; CSS3; HTML5; PostgreSQL; Spring Boot; Java; SQL,JavaScript; Node.js; MongoDB; REST API; Git,64.43,1
CAND_1356,Karthik Nair,Frontend React Engineer,9,0.6923,15,4,1,0.3,1,B.Tech / B.E / B.S,5,4,1,467,TypeScript; Vite; HTML5; JavaScript; React; CSS3; Tailwind CSS; Next.js; Git,Redux; REST API; GraphQL; Webpack,69.26,1
CAND_1357,Daniel Patel,Frontend React Engineer,4,0.3077,8,2,1,3.6,1,B.Tech / B.E / B.S,3,9,0,344,Vite; GraphQL; Webpack; JavaScript,React; TypeScript; Next.js; HTML5; CSS3; Tailwind CSS; Redux; REST API; Git,49.27,0
CAND_1358,Elena Taylor,Python / AI Engineer,3,0.2308,3,2,1,1.7,1,B.Tech / B.E / B.S,1,10,1,599,NumPy; Python; FastAPI,PyTorch; TensorFlow; Scikit-Learn; Pandas; SQL; Docker; NLP; Computer Vision; REST API; Git,41.45,0
CAND_1359,James Nair,Frontend React Engineer,7,0.5385,10,2,0,0.6,1,B.Tech / B.E / B.S,3,6,0,616,TypeScript; HTML5; JavaScript; GraphQL; Webpack; Next.js; CSS3,React; Tailwind CSS; Redux; REST API; Vite; Git,48.04,0
CAND_1360,Daniel Sharma,Fullstack Software Engineer,7,0.5,7,2,0,1.9,2,M.Tech / M.S / Ph.D,5,7,1,451,CSS3; React; Node.js; HTML5; PostgreSQL; Spring Boot; SQL,JavaScript; TypeScript; Java; MongoDB; REST API; Git; Docker,64.61,1
CAND_1361,Vikram Nair,Fullstack Software Engineer,7,0.5,11,2,2,2.4,1,B.Tech / B.E / B.S,5,7,0,339,MongoDB; HTML5; Docker; Git; SQL; Node.js; Spring Boot,React; JavaScript; TypeScript; Java; PostgreSQL; REST API; CSS3,63.53,1
CAND_1362,Ananya Brown,Mobile Application Developer,7,0.5833,7,1,1,2.2,1,B.Tech / B.E / B.S,3,5,1,519,Swift; Kotlin; Dart; UI/UX; SQLite; Git; REST API,Flutter; React Native; Android; Java; Firebase,54.24,0
CAND_1363,Aditi Nair,Backend Java Developer,6,0.4286,9,3,1,4.7,1,B.Tech / B.E / B.S,4,8,1,537,Git; Redis; Java; MySQL; Spring Boot; Hibernate,Microservices; REST API; SQL; PostgreSQL; Kafka; Docker; AWS; Maven,70.26,1
CAND_1364,Pooja Rao,Frontend React Engineer,7,0.5385,10,2,0,5.4,1,B.Tech / B.E / B.S,3,6,0,422,JavaScript; REST API; Redux; React; CSS3; Next.js; TypeScript,HTML5; Tailwind CSS; GraphQL; Webpack; Vite; Git,64.03,1
CAND_1365,James Rao,Mobile Application Developer,9,0.75,16,2,1,0.3,1,B.Tech / B.E / B.S,3,3,1,395,SQLite; Android; Firebase; Swift; UI/UX; Java; Dart; Kotlin; REST API,Flutter; React Native; Git,67.62,1
CAND_1366,Vikram Sharma,Cloud & DevOps Engineer,6,0.4615,12,2,0,0.1,1,B.Tech / B.E / B.S,2,7,0,475,Linux; AWS; Ansible; CI/CD; Git; Python,Docker; Kubernetes; Terraform; Jenkins; GitHub Actions; Bash; Prometheus,42.59,0
CAND_1367,Aarav Johnson,Mobile Application Developer,5,0.4167,10,2,0,2.0,1,B.Tech / B.E / B.S,3,7,1,550,UI/UX; Kotlin; Dart; Android; REST API,Flutter; React Native; Swift; Java; Firebase; SQLite; Git,55.8,0
CAND_1368,Sarah Wilson,Fullstack Software Engineer,7,0.5,10,4,0,1.0,0,Diploma / Associate,2,7,0,211,TypeScript; Docker; Java; JavaScript; React; Node.js; SQL,Spring Boot; PostgreSQL; MongoDB; REST API; Git; HTML5; CSS3,52.64,0
CAND_1369,Emily Taylor,Mobile Application Developer,5,0.4167,8,3,2,1.6,1,B.Tech / B.E / B.S,4,7,0,493,Dart; SQLite; UI/UX; REST API; React Native,Flutter; Android; Kotlin; Swift; Java; Firebase; Git,57.64,0
CAND_1370,David Patel,Python / AI Engineer,6,0.4615,9,0,0,2.4,2,M.Tech / M.S / Ph.D,2,7,1,536,NLP; Python; SQL; TensorFlow; Scikit-Learn; Pandas,PyTorch; NumPy; FastAPI; Docker; Computer Vision; REST API; Git,47.64,0
CAND_1371,Karthik Chen,Cloud & DevOps Engineer,6,0.4615,9,2,1,1.9,0,Diploma / Associate,3,7,0,226,Prometheus; Git; CI/CD; Bash; GitHub Actions; Terraform,Linux; Docker; Kubernetes; AWS; Jenkins; Ansible; Python,49.69,0
CAND_1372,Ananya Patel,Backend Java Developer,10,0.7143,13,2,0,1.8,0,Diploma / Associate,1,4,0,359,Microservices; Git; Kafka; Spring Boot; Maven; Docker; AWS; REST API; MySQL; Hibernate,Java; SQL; PostgreSQL; Redis,59.88,1
CAND_1373,Sarah Reddy,Python / AI Engineer,8,0.6154,13,2,0,0.5,1,B.Tech / B.E / B.S,2,5,1,266,NumPy; Scikit-Learn; FastAPI; Pandas; Computer Vision; NLP; SQL; Python,PyTorch; TensorFlow; Docker; REST API; Git,62.78,1
CAND_1374,Rohan Nair,Mobile Application Developer,7,0.5833,13,1,0,1.7,2,M.Tech / M.S / Ph.D,2,5,0,381,Kotlin; SQLite; Flutter; Android; Swift; Dart; Git,React Native; Java; Firebase; REST API; UI/UX,49.38,0
CAND_1375,Ananya Smith,Cloud & DevOps Engineer,8,0.6154,11,2,1,1.7,1,B.Tech / B.E / B.S,2,5,0,364,Ansible; Linux; Bash; Terraform; Python; Kubernetes; Prometheus; AWS,Docker; CI/CD; Jenkins; GitHub Actions; Git,60.76,1
CAND_1376,Michael Miller,Mobile Application Developer,11,0.9167,16,2,2,3.5,1,B.Tech / B.E / B.S,4,1,1,391,REST API; Android; Dart; Firebase; SQLite; Java; UI/UX; Flutter; Kotlin; Git; React Native,Swift,90.91,1
CAND_1377,Vikram Gupta,Cloud & DevOps Engineer,5,0.3846,8,2,0,0.9,1,B.Tech / B.E / B.S,2,8,1,466,CI/CD; Bash; Prometheus; Docker; Terraform,Linux; Kubernetes; AWS; Jenkins; GitHub Actions; Ansible; Python; Git,41.02,0
CAND_1378,Rohan Sharma,Fullstack Software Engineer,5,0.3571,7,2,2,0.6,0,Diploma / Associate,1,9,0,465,Node.js; Git; PostgreSQL; TypeScript; JavaScript,React; Java; Spring Boot; SQL; MongoDB; REST API; Docker; HTML5; CSS3,35.52,0
CAND_1379,Alex Reddy,Fullstack Software Engineer,5,0.3571,8,2,0,1.7,1,B.Tech / B.E / B.S,3,9,1,461,PostgreSQL; React; TypeScript; REST API; SQL,JavaScript; Node.js; Java; Spring Boot; MongoDB; Git; Docker; HTML5; CSS3,54.75,0
CAND_1380,David Wilson,Fullstack Software Engineer,7,0.5,12,2,2,5.8,1,B.Tech / B.E / B.S,3,7,0,554,SQL; Git; CSS3; TypeScript; Spring Boot; Node.js; HTML5,React; JavaScript; Java; PostgreSQL; MongoDB; REST API; Docker,69.3,1
CAND_1381,Karthik Kumar,Cloud & DevOps Engineer,5,0.3846,7,1,2,0.2,2,M.Tech / M.S / Ph.D,2,8,1,448,Kubernetes; Linux; Python; Bash; AWS,Docker; Terraform; CI/CD; Jenkins; GitHub Actions; Ansible; Prometheus; Git,43.23,0
CAND_1382,Pooja Wilson,Cloud & DevOps Engineer,10,0.7692,13,0,0,6.1,1,B.Tech / B.E / B.S,1,3,1,395,Ansible; GitHub Actions; Linux; Docker; Terraform; Jenkins; Python; AWS; Prometheus; Git,Kubernetes; CI/CD; Bash,61.36,1
CAND_1383,Chloe Sharma,Cloud & DevOps Engineer,5,0.3846,8,0,0,4.0,1,B.Tech / B.E / B.S,6,8,1,335,Git; Prometheus; CI/CD; GitHub Actions; Ansible,Linux; Docker; Kubernetes; AWS; Terraform; Jenkins; Python; Bash,46.41,0
CAND_1384,Elena Smith,Python / AI Engineer,8,0.6154,12,4,1,0.4,1,B.Tech / B.E / B.S,2,5,0,448,Docker; NumPy; SQL; Pandas; TensorFlow; Python; Git; NLP,PyTorch; Scikit-Learn; FastAPI; Computer Vision; REST API,61.4,1
CAND_1385,Ananya Sharma,Frontend React Engineer,8,0.6154,16,2,0,1.4,1,B.Tech / B.E / B.S,5,5,1,426,React; Redux; REST API; CSS3; Next.js; TypeScript; Git; JavaScript,HTML5; Tailwind CSS; GraphQL; Webpack; Vite,60.37,1
CAND_1386,Ananya Kumar,Python / AI Engineer,11,0.8462,15,0,0,3.5,1,B.Tech / B.E / B.S,1,2,1,402,Git; REST API; Python; Scikit-Learn; SQL; NumPy; Docker; PyTorch; FastAPI; Pandas; TensorFlow,NLP; Computer Vision,72.53,1
CAND_1387,Alex Smith,Python / AI Engineer,8,0.6154,11,2,3,0.2,1,B.Tech / B.E / B.S,4,5,0,376,Python; REST API; NumPy; NLP; TensorFlow; Scikit-Learn; SQL; FastAPI,PyTorch; Pandas; Docker; Computer Vision; Git,54.29,0
CAND_1388,Chloe Rao,Backend Java Developer,4,0.2857,5,1,3,0.5,1,B.Tech / B.E / B.S,2,10,1,540,Hibernate; Java; Spring Boot; Git,Microservices; REST API; SQL; PostgreSQL; MySQL; Redis; Kafka; Docker; AWS; Maven,32.7,0
CAND_1389,Ananya Thomas,Backend Java Developer,9,0.6429,13,2,0,1.9,2,M.Tech / M.S / Ph.D,3,5,1,251,Java; Redis; Hibernate; Maven; PostgreSQL; REST API; Microservices; AWS; Kafka,Spring Boot; SQL; MySQL; Docker; Git,72.6,1
CAND_1390,Priya Chen,Fullstack Software Engineer,4,0.2857,8,2,3,5.9,1,B.Tech / B.E / B.S,2,10,1,150,React; TypeScript; REST API; HTML5,JavaScript; Node.js; Java; Spring Boot; SQL; PostgreSQL; MongoDB; Git; Docker; CSS3,59.86,1
CAND_1391,Sneha Davis,Frontend React Engineer,10,0.7692,11,1,0,0.6,1,B.Tech / B.E / B.S,4,3,1,373,JavaScript; CSS3; Webpack; Tailwind CSS; Git; Vite; TypeScript; GraphQL; REST API; HTML5,React; Next.js; Redux,61.73,1
CAND_1392,Sarah Wilson,Mobile Application Developer,8,0.6667,13,1,1,2.1,0,Diploma / Associate,2,4,0,315,Swift; React Native; REST API; UI/UX; Android; SQLite; Kotlin; Dart,Flutter; Java; Firebase; Git,58.44,1
CAND_1393,David Rao,Mobile Application Developer,9,0.75,14,3,2,2.5,0,Diploma / Associate,3,3,0,325,UI/UX; Kotlin; React Native; SQLite; Flutter; Swift; Git; Android; Firebase,Dart; Java; REST API,75.19,1
CAND_1394,Priya Thomas,Frontend React Engineer,12,0.9231,19,4,1,0.8,1,B.Tech / B.E / B.S,4,1,1,278,Git; GraphQL; Next.js; Vite; JavaScript; Redux; REST API; TypeScript; React; Tailwind CSS; Webpack; CSS3,HTML5,81.72,1
CAND_1395,Priya Patel,Mobile Application Developer,10,0.8333,15,1,1,6.0,2,M.Tech / M.S / Ph.D,4,2,1,435,Git; UI/UX; Swift; Firebase; Flutter; React Native; Dart; SQLite; REST API; Kotlin,Android; Java,73.99,1
CAND_1396,Karthik Reddy,Mobile Application Developer,1,0.0833,7,1,2,3.2,1,B.Tech / B.E / B.S,2,11,1,333,Flutter,Dart; React Native; Android; Kotlin; Swift; Java; Firebase; REST API; SQLite; Git; UI/UX,37.95,0
CAND_1397,Aditi Johnson,Cloud & DevOps Engineer,7,0.5385,9,2,1,1.8,1,B.Tech / B.E / B.S,5,6,0,352,Prometheus; Jenkins; Kubernetes; Git; GitHub Actions; Python; Bash,Linux; Docker; AWS; Terraform; CI/CD; Ansible,57.87,0
CAND_1398,Chloe Johnson,Fullstack Software Engineer,12,0.8571,16,3,0,1.3,1,B.Tech / B.E / B.S,3,2,0,433,CSS3; PostgreSQL; REST API; Git; Node.js; TypeScript; HTML5; React; SQL; MongoDB; Spring Boot; JavaScript,Java; Docker,80.42,1
CAND_1399,Karthik Reddy,Fullstack Software Engineer,4,0.2857,4,1,1,4.6,1,B.Tech / B.E / B.S,5,10,1,490,Spring Boot; TypeScript; SQL; HTML5,React; JavaScript; Node.js; Java; PostgreSQL; MongoDB; REST API; Git; Docker; CSS3,46.91,0
CAND_1400,Rohan Miller,Fullstack Software Engineer,6,0.4286,11,0,1,0.4,1,B.Tech / B.E / B.S,2,8,1,392,Spring Boot; REST API; HTML5; PostgreSQL; React; SQL,JavaScript; TypeScript; Node.js; Java; MongoDB; Git; Docker; CSS3,36.1,0
CAND_1401,Priya Thomas,Cloud & DevOps Engineer,7,0.5385,12,2,0,2.3,1,B.Tech / B.E / B.S,2,6,1,279,Kubernetes; Linux; Docker; CI/CD; AWS; Ansible; GitHub Actions,Terraform; Jenkins; Python; Bash; Prometheus; Git,59.19,1
CAND_1402,Chloe Miller,Frontend React Engineer,5,0.3846,7,1,3,2.1,1,B.Tech / B.E / B.S,1,8,1,455,Webpack; HTML5; Vite; Next.js; JavaScript,React; TypeScript; CSS3; Tailwind CSS; Redux; REST API; GraphQL; Git,49.18,0
CAND_1403,Aditi Johnson,Python / AI Engineer,5,0.3846,9,3,1,5.2,1,B.Tech / B.E / B.S,3,8,0,444,Docker; FastAPI; TensorFlow; Python; NumPy,PyTorch; Scikit-Learn; Pandas; SQL; NLP; Computer Vision; REST API; Git,66.26,1
CAND_1404,Aarav Brown,Fullstack Software Engineer,2,0.1429,5,2,1,4.4,1,B.Tech / B.E / B.S,3,12,1,289,Java; Git,React; JavaScript; TypeScript; Node.js; Spring Boot; SQL; PostgreSQL; MongoDB; REST API; Docker; HTML5; CSS3,46.24,0
CAND_1405,Maya Wilson,Backend Java Developer,7,0.5,10,4,2,0.7,2,M.Tech / M.S / Ph.D,3,7,1,510,Spring Boot; Java; REST API; Microservices; SQL; Maven; Hibernate,PostgreSQL; MySQL; Redis; Kafka; Docker; AWS; Git,70.08,1
CAND_1406,Sneha Rao,Cloud & DevOps Engineer,1,0.0769,4,1,0,1.5,2,M.Tech / M.S / Ph.D,2,12,0,285,GitHub Actions,Linux; Docker; Kubernetes; AWS; Terraform; CI/CD; Jenkins; Ansible; Python; Bash; Prometheus; Git,24.5,0
CAND_1407,Elena Kumar,Fullstack Software Engineer,7,0.5,11,4,1,1.1,1,B.Tech / B.E / B.S,3,7,1,492,Git; MongoDB; SQL; TypeScript; Spring Boot; Docker; REST API,React; JavaScript; Node.js; Java; PostgreSQL; HTML5; CSS3,69.95,1
CAND_1408,Priya Taylor,Fullstack Software Engineer,5,0.3571,9,1,3,0.4,1,B.Tech / B.E / B.S,2,9,1,396,Java; PostgreSQL; HTML5; CSS3; Node.js,React; JavaScript; TypeScript; Spring Boot; SQL; MongoDB; REST API; Git; Docker,47.89,0
CAND_1409,Karthik Anderson,Fullstack Software Engineer,8,0.5714,15,2,2,7.9,2,M.Tech / M.S / Ph.D,1,6,0,402,TypeScript; HTML5; Docker; Git; JavaScript; REST API; Spring Boot; SQL,React; Node.js; Java; PostgreSQL; MongoDB; CSS3,73.74,1
CAND_1410,Chloe Brown,Python / AI Engineer,6,0.4615,13,2,0,0.1,1,B.Tech / B.E / B.S,4,7,1,459,Scikit-Learn; Docker; Python; SQL; REST API; NLP,PyTorch; TensorFlow; Pandas; NumPy; FastAPI; Computer Vision; Git,53.6,0
CAND_1411,Chloe Wilson,Python / AI Engineer,5,0.3846,6,0,1,1.3,1,B.Tech / B.E / B.S,2,8,0,384,Scikit-Learn; FastAPI; Pandas; PyTorch; SQL,Python; TensorFlow; NumPy; Docker; NLP; Computer Vision; REST API; Git,23.02,0
CAND_1412,Aditi Davis,Python / AI Engineer,6,0.4615,6,2,2,0.8,1,B.Tech / B.E / B.S,3,7,1,350,Docker; NLP; Computer Vision; REST API; TensorFlow; PyTorch,Python; Scikit-Learn; Pandas; NumPy; SQL; FastAPI; Git,55.44,0
CAND_1413,Michael Nair,Backend Java Developer,11,0.7857,16,1,1,0.4,2,M.Tech / M.S / Ph.D,2,3,1,573,REST API; Git; Maven; Microservices; Java; MySQL; Spring Boot; PostgreSQL; AWS; Hibernate; SQL,Redis; Kafka; Docker,59.76,1
CAND_1414,Maya Kumar,Frontend React Engineer,9,0.6923,12,3,0,7.5,1,B.Tech / B.E / B.S,2,4,1,431,Vite; JavaScript; Git; Tailwind CSS; REST API; GraphQL; HTML5; TypeScript; CSS3,React; Next.js; Redux; Webpack,78.16,1
CAND_1415,Daniel Taylor,Fullstack Software Engineer,9,0.6429,11,1,0,2.9,1,B.Tech / B.E / B.S,3,5,1,179,HTML5; Docker; REST API; CSS3; MongoDB; SQL; JavaScript; Node.js; PostgreSQL,React; TypeScript; Java; Spring Boot; Git,63.57,1
CAND_1416,Vikram Anderson,Python / AI Engineer,11,0.8462,15,2,1,2.7,2,M.Tech / M.S / Ph.D,2,2,1,760,NLP; PyTorch; REST API; Git; Computer Vision; Pandas; SQL; FastAPI; TensorFlow; Scikit-Learn; Docker,Python; NumPy,81.09,1
CAND_1417,David Wilson,Python / AI Engineer,10,0.7692,14,3,1,1.0,1,B.Tech / B.E / B.S,3,3,1,452,NLP; FastAPI; Python; TensorFlow; Pandas; SQL; PyTorch; Docker; NumPy; Scikit-Learn,Computer Vision; REST API; Git,79.66,1
CAND_1418,Aditi Johnson,Frontend React Engineer,4,0.3077,6,2,0,1.2,1,B.Tech / B.E / B.S,6,9,1,297,Vite; Next.js; React; Redux,JavaScript; TypeScript; HTML5; CSS3; Tailwind CSS; REST API; GraphQL; Webpack; Git,54.17,0
CAND_1419,Karthik Smith,Fullstack Software Engineer,11,0.7857,14,1,2,2.5,1,B.Tech / B.E / B.S,1,3,0,210,Spring Boot; HTML5; Java; Docker; Git; PostgreSQL; JavaScript; SQL; MongoDB; CSS3; TypeScript,React; Node.js; REST API,69.62,1
CAND_1420,Michael Chen,Frontend React Engineer,5,0.3846,8,1,2,1.5,1,B.Tech / B.E / B.S,2,8,1,446,Vite; Tailwind CSS; GraphQL; JavaScript; Next.js,React; TypeScript; HTML5; CSS3; Redux; REST API; Webpack; Git,45.77,0
CAND_1421,Michael Gupta,Cloud & DevOps Engineer,10,0.7692,12,2,1,2.4,1,B.Tech / B.E / B.S,2,3,1,402,Prometheus; GitHub Actions; Ansible; CI/CD; Linux; Kubernetes; Bash; Git; Terraform; AWS,Docker; Jenkins; Python,74.64,1
CAND_1422,Vikram Davis,Python / AI Engineer,8,0.6154,9,2,0,2.7,1,B.Tech / B.E / B.S,2,5,0,430,Python; TensorFlow; Scikit-Learn; Computer Vision; Git; NLP; Docker; FastAPI,PyTorch; Pandas; NumPy; SQL; REST API,55.75,0
CAND_1423,Aditi Smith,Mobile Application Developer,3,0.25,7,2,0,5.4,1,B.Tech / B.E / B.S,2,9,1,469,Android; Kotlin; Swift,Flutter; Dart; React Native; Java; Firebase; REST API; SQLite; Git; UI/UX,54.56,0
CAND_1424,Michael Davis,Cloud & DevOps Engineer,1,0.0769,6,4,0,0.9,1,B.Tech / B.E / B.S,2,12,1,603,Bash,Linux; Docker; Kubernetes; AWS; Terraform; CI/CD; Jenkins; GitHub Actions; Ansible; Python; Prometheus; Git,37.31,0
CAND_1425,Sneha Sharma,Backend Java Developer,9,0.6429,11,2,2,0.2,1,B.Tech / B.E / B.S,4,5,1,475,PostgreSQL; Hibernate; Kafka; Git; Microservices; Docker; Maven; AWS; Spring Boot,Java; REST API; SQL; MySQL; Redis,71.42,1
CAND_1426,Karthik Patel,Frontend React Engineer,10,0.7692,15,1,1,3.8,1,B.Tech / B.E / B.S,2,3,0,402,React; Tailwind CSS; Git; TypeScript; Next.js; REST API; CSS3; JavaScript; Vite; GraphQL,HTML5; Redux; Webpack,66.78,1
CAND_1427,Sarah Davis,Fullstack Software Engineer,11,0.7857,16,1,0,1.5,2,M.Tech / M.S / Ph.D,3,3,0,299,CSS3; HTML5; Git; React; PostgreSQL; TypeScript; MongoDB; Java; Docker; JavaScript; REST API,Node.js; Spring Boot; SQL,55.06,0
CAND_1428,Maya Rao,Mobile Application Developer,4,0.3333,6,3,0,3.9,1,B.Tech / B.E / B.S,5,8,1,370,UI/UX; Git; Kotlin; Java,Flutter; Dart; React Native; Android; Swift; Firebase; REST API; SQLite,72.29,1
CAND_1429,David Smith,Cloud & DevOps Engineer,2,0.1538,6,3,1,4.9,2,M.Tech / M.S / Ph.D,1,11,0,408,Terraform; AWS,Linux; Docker; Kubernetes; CI/CD; Jenkins; GitHub Actions; Ansible; Python; Bash; Prometheus; Git,53.88,0
CAND_1430,Michael Rao,Mobile Application Developer,3,0.25,9,0,0,1.7,1,B.Tech / B.E / B.S,2,9,0,332,REST API; SQLite; Java,Flutter; Dart; React Native; Android; Kotlin; Swift; Firebase; Git; UI/UX,27.16,0
CAND_1431,James Reddy,Fullstack Software Engineer,9,0.6429,11,0,4,0.7,1,B.Tech / B.E / B.S,2,5,1,388,MongoDB; Git; Spring Boot; CSS3; REST API; Java; HTML5; Docker; React,JavaScript; TypeScript; Node.js; SQL; PostgreSQL,52.76,0
CAND_1432,Elena Patel,Frontend React Engineer,3,0.2308,5,4,0,0.6,1,B.Tech / B.E / B.S,2,10,0,413,HTML5; Webpack; CSS3,React; JavaScript; TypeScript; Next.js; Tailwind CSS; Redux; REST API; GraphQL; Vite; Git,41.42,0
CAND_1433,Karthik Kumar,Mobile Application Developer,5,0.4167,12,2,4,2.4,0,Diploma / Associate,2,7,0,203,UI/UX; Git; Kotlin; Android; React Native,Flutter; Dart; Swift; Java; Firebase; REST API; SQLite,51.62,0
CAND_1434,Daniel Singh,Fullstack Software Engineer,4,0.2857,7,0,0,0.2,1,B.Tech / B.E / B.S,3,10,0,524,HTML5; CSS3; REST API; SQL,React; JavaScript; TypeScript; Node.js; Java; Spring Boot; PostgreSQL; MongoDB; Git; Docker,27.68,0
CAND_1435,Alex Iyer,Mobile Application Developer,10,0.8333,14,3,2,0.9,1,B.Tech / B.E / B.S,3,2,0,614,Flutter; Git; Firebase; Kotlin; REST API; Android; Java; Swift; UI/UX; React Native,Dart; SQLite,85.99,1
CAND_1436,James Gupta,Frontend React Engineer,9,0.6923,11,2,1,0.2,1,B.Tech / B.E / B.S,3,4,1,515,Vite; Git; Next.js; REST API; Redux; CSS3; HTML5; TypeScript; JavaScript,React; Tailwind CSS; GraphQL; Webpack,61.89,1
CAND_1437,Chloe Nair,Frontend React Engineer,11,0.8462,14,5,2,2.3,1,B.Tech / B.E / B.S,1,2,1,590,JavaScript; Redux; TypeScript; HTML5; REST API; Webpack; CSS3; Vite; React; Git; Next.js,Tailwind CSS; GraphQL,86.24,1
CAND_1438,Ananya Rao,Cloud & DevOps Engineer,9,0.6923,11,4,0,5.6,1,B.Tech / B.E / B.S,6,4,1,463,Git; CI/CD; Prometheus; Terraform; Python; GitHub Actions; Jenkins; Linux; AWS,Docker; Kubernetes; Ansible; Bash,81.94,1
CAND_1439,Aditi Anderson,Python / AI Engineer,9,0.6923,10,3,0,2.2,2,M.Tech / M.S / Ph.D,2,4,0,439,NLP; PyTorch; FastAPI; Scikit-Learn; Docker; REST API; SQL; NumPy; Git,Python; TensorFlow; Pandas; Computer Vision,67.44,1
CAND_1440,Daniel Rao,Cloud & DevOps Engineer,10,0.7692,13,3,0,2.6,1,B.Tech / B.E / B.S,2,3,1,326,Linux; Kubernetes; Prometheus; AWS; CI/CD; Jenkins; Terraform; Python; Docker; Bash,GitHub Actions; Ansible; Git,82.96,1
CAND_1441,Priya Patel,Cloud & DevOps Engineer,11,0.8462,16,3,1,2.7,1,B.Tech / B.E / B.S,2,2,1,423,CI/CD; Bash; Kubernetes; Git; Linux; Ansible; AWS; Prometheus; Docker; Terraform; Python,Jenkins; GitHub Actions,86.74,1
CAND_1442,Priya Wilson,Fullstack Software Engineer,1,0.0714,1,4,1,0.9,2,M.Tech / M.S / Ph.D,1,13,1,257,TypeScript,React; JavaScript; Node.js; Java; Spring Boot; SQL; PostgreSQL; MongoDB; REST API; Git; Docker; HTML5; CSS3,40.64,0
CAND_1443,Maya Brown,Mobile Application Developer,11,0.9167,14,0,0,9.4,1,B.Tech / B.E / B.S,1,1,1,499,Java; UI/UX; Git; Firebase; SQLite; Flutter; REST API; Kotlin; Dart; React Native; Android,Swift,69.97,1
CAND_1444,Aarav Chen,Python / AI Engineer,9,0.6923,14,2,1,1.3,2,M.Tech / M.S / Ph.D,5,4,1,322,Scikit-Learn; Python; Computer Vision; REST API; Git; Docker; NumPy; TensorFlow; SQL,PyTorch; Pandas; FastAPI; NLP,70.95,1
CAND_1445,Vikram Reddy,Cloud & DevOps Engineer,10,0.7692,14,3,1,1.3,0,Diploma / Associate,2,3,0,543,Ansible; Python; Terraform; Kubernetes; Docker; Linux; Prometheus; Jenkins; AWS; CI/CD,GitHub Actions; Bash; Git,71.74,1
CAND_1446,Sarah Iyer,Frontend React Engineer,4,0.3077,9,1,0,0.5,0,Diploma / Associate,2,9,1,257,Redux; CSS3; Next.js; TypeScript,React; JavaScript; HTML5; Tailwind CSS; REST API; GraphQL; Webpack; Vite; Git,38.77,0
CAND_1447,David Sharma,Backend Java Developer,8,0.5714,9,4,1,1.7,1,B.Tech / B.E / B.S,2,6,0,657,REST API; AWS; Microservices; Maven; Java; Redis; Git; Kafka,Spring Boot; SQL; PostgreSQL; MySQL; Hibernate; Docker,56.0,0
CAND_1448,Emily Verma,Cloud & DevOps Engineer,4,0.3077,7,2,1,4.2,1,B.Tech / B.E / B.S,2,9,1,441,Bash; Terraform; Ansible; Python,Linux; Docker; Kubernetes; AWS; CI/CD; Jenkins; GitHub Actions; Prometheus; Git,58.83,1
CAND_1449,Aditi Thomas,Fullstack Software Engineer,8,0.5714,12,4,0,1.7,0,Diploma / Associate,1,6,1,336,Git; JavaScript; CSS3; React; Docker; HTML5; SQL; Node.js,TypeScript; Java; Spring Boot; PostgreSQL; MongoDB; REST API,65.48,1
CAND_1450,David Reddy,Python / AI Engineer,9,0.6923,10,4,0,4.2,2,M.Tech / M.S / Ph.D,3,4,1,479,Pandas; FastAPI; TensorFlow; Scikit-Learn; Python; Git; NLP; NumPy; Docker,PyTorch; SQL; Computer Vision; REST API,83.82,1
CAND_1451,Daniel Kumar,Python / AI Engineer,1,0.0769,5,2,3,0.4,1,B.Tech / B.E / B.S,1,12,0,449,NLP,Python; PyTorch; TensorFlow; Scikit-Learn; Pandas; NumPy; SQL; FastAPI; Docker; Computer Vision; REST API; Git,29.0,0
CAND_1452,Vikram Brown,Fullstack Software Engineer,10,0.7143,14,4,0,0.3,1,B.Tech / B.E / B.S,3,4,1,520,MongoDB; Docker; REST API; JavaScript; Java; Git; CSS3; Node.js; PostgreSQL; HTML5,React; TypeScript; Spring Boot; SQL,69.84,1
CAND_1453,Rahul Kumar,Python / AI Engineer,4,0.3077,7,3,0,1.3,1,B.Tech / B.E / B.S,3,9,1,475,Scikit-Learn; NumPy; SQL; Pandas,Python; PyTorch; TensorFlow; FastAPI; Docker; NLP; Computer Vision; REST API; Git,55.23,0
CAND_1454,Priya Verma,Python / AI Engineer,3,0.2308,5,2,3,0.2,1,B.Tech / B.E / B.S,3,10,1,433,FastAPI; Scikit-Learn; Git,Python; PyTorch; TensorFlow; Pandas; NumPy; SQL; Docker; NLP; Computer Vision; REST API,45.37,0
CAND_1455,Alex Singh,Fullstack Software Engineer,12,0.8571,14,2,0,2.5,1,B.Tech / B.E / B.S,2,2,1,525,React; Git; JavaScript; Docker; REST API; PostgreSQL; TypeScript; CSS3; Java; SQL; Spring Boot; HTML5,Node.js; MongoDB,76.76,1
CAND_1456,Ananya Taylor,Frontend React Engineer,9,0.6923,12,2,2,1.0,1,B.Tech / B.E / B.S,2,4,1,407,HTML5; Redux; React; JavaScript; TypeScript; Webpack; Tailwind CSS; REST API; CSS3,Next.js; GraphQL; Vite; Git,67.9,1
CAND_1457,Alex Brown,Mobile Application Developer,9,0.75,11,3,1,0.2,1,B.Tech / B.E / B.S,1,3,0,527,Dart; UI/UX; Flutter; SQLite; React Native; Swift; Java; Git; Firebase,Android; Kotlin; REST API,66.5,1
CAND_1458,Emily Taylor,Python / AI Engineer,5,0.3846,9,4,0,1.4,1,B.Tech / B.E / B.S,2,8,1,201,Pandas; REST API; PyTorch; NumPy; NLP,Python; TensorFlow; Scikit-Learn; SQL; FastAPI; Docker; Computer Vision; Git,51.75,0
CAND_1459,Priya Reddy,Cloud & DevOps Engineer,6,0.4615,10,1,0,0.2,1,B.Tech / B.E / B.S,3,7,0,650,Jenkins; GitHub Actions; Terraform; Git; Prometheus; Python,Linux; Docker; Kubernetes; AWS; CI/CD; Ansible; Bash,34.42,0
CAND_1460,Priya Reddy,Backend Java Developer,6,0.4286,11,0,2,2.0,1,B.Tech / B.E / B.S,2,8,0,419,AWS; Maven; Java; Microservices; Spring Boot; MySQL,REST API; SQL; PostgreSQL; Hibernate; Redis; Kafka; Docker; Git,46.29,0
CAND_1461,James Wilson,Python / AI Engineer,2,0.1538,4,1,1,0.3,1,B.Tech / B.E / B.S,2,11,1,379,Computer Vision; FastAPI,Python; PyTorch; TensorFlow; Scikit-Learn; Pandas; NumPy; SQL; Docker; NLP; REST API; Git,30.77,0
CAND_1462,Priya Thomas,Cloud & DevOps Engineer,5,0.3846,7,4,1,0.7,1,B.Tech / B.E / B.S,3,8,0,474,Git; CI/CD; Python; Linux; Kubernetes,Docker; AWS; Terraform; Jenkins; GitHub Actions; Ansible; Bash; Prometheus,50.89,0
CAND_1463,Elena Wilson,Fullstack Software Engineer,5,0.3571,9,3,0,1.1,1,B.Tech / B.E / B.S,5,9,1,350,SQL; PostgreSQL; React; JavaScript; Java,TypeScript; Node.js; Spring Boot; MongoDB; REST API; Git; Docker; HTML5; CSS3,49.19,0
CAND_1464,Alex Sharma,Mobile Application Developer,6,0.5,10,1,1,0.7,1,B.Tech / B.E / B.S,3,6,1,371,Git; REST API; SQLite; Android; Swift; Kotlin,Flutter; Dart; React Native; Java; Firebase; UI/UX,48.0,0
CAND_1465,Daniel Thomas,Fullstack Software Engineer,6,0.4286,8,2,0,2.5,1,B.Tech / B.E / B.S,3,8,1,378,SQL; Git; Docker; Node.js; PostgreSQL; Spring Boot,React; JavaScript; TypeScript; Java; MongoDB; REST API; HTML5; CSS3,52.59,0
CAND_1466,David Iyer,Python / AI Engineer,5,0.3846,6,2,0,0.4,1,B.Tech / B.E / B.S,1,8,1,434,NLP; Python; REST API; TensorFlow; Docker,PyTorch; Scikit-Learn; Pandas; NumPy; SQL; FastAPI; Computer Vision; Git,35.09,0
CAND_1467,Elena Wilson,Backend Java Developer,2,0.1429,4,4,0,1.8,1,B.Tech / B.E / B.S,1,12,1,262,Spring Boot; Git,Java; Microservices; REST API; SQL; PostgreSQL; MySQL; Hibernate; Redis; Kafka; Docker; AWS; Maven,44.21,0
CAND_1468,Elena Chen,Backend Java Developer,11,0.7857,15,3,1,0.1,1,B.Tech / B.E / B.S,2,3,0,468,PostgreSQL; SQL; Java; Redis; REST API; Docker; MySQL; Kafka; Spring Boot; AWS; Hibernate,Microservices; Git; Maven,64.56,1
CAND_1469,Michael Anderson,Cloud & DevOps Engineer,10,0.7692,13,3,0,3.7,0,Diploma / Associate,3,3,1,590,Docker; GitHub Actions; Prometheus; CI/CD; Git; Bash; Python; Jenkins; Linux; Terraform,Kubernetes; AWS; Ansible,85.39,1
CAND_1470,David Brown,Fullstack Software Engineer,6,0.4286,11,2,4,4.5,1,B.Tech / B.E / B.S,3,8,0,382,MongoDB; CSS3; React; JavaScript; REST API; Java,TypeScript; Node.js; Spring Boot; SQL; PostgreSQL; Git; Docker; HTML5,64.49,1
CAND_1471,Daniel Miller,Backend Java Developer,10,0.7143,11,3,2,2.1,1,B.Tech / B.E / B.S,1,4,0,344,Docker; Maven; Hibernate; PostgreSQL; Git; Java; REST API; MySQL; AWS; Microservices,Spring Boot; SQL; Redis; Kafka,74.53,1
CAND_1472,Chloe Thomas,Python / AI Engineer,3,0.2308,5,2,1,0.7,0,Diploma / Associate,3,10,1,501,FastAPI; REST API; Computer Vision,Python; PyTorch; TensorFlow; Scikit-Learn; Pandas; NumPy; SQL; Docker; NLP; Git,39.03,0
CAND_1473,Emily Taylor,Fullstack Software Engineer,8,0.5714,11,3,0,5.1,2,M.Tech / M.S / Ph.D,2,6,0,553,JavaScript; HTML5; Git; Node.js; React; Spring Boot; MongoDB; SQL,TypeScript; Java; PostgreSQL; REST API; Docker; CSS3,77.28,1
CAND_1474,Pooja Miller,Python / AI Engineer,10,0.7692,15,2,3,3.1,1,B.Tech / B.E / B.S,1,3,1,534,NumPy; REST API; PyTorch; Python; TensorFlow; FastAPI; Computer Vision; Git; Scikit-Learn; NLP,Pandas; SQL; Docker,80.32,1
CAND_1475,Karthik Thomas,Backend Java Developer,3,0.2143,4,1,2,0.3,1,B.Tech / B.E / B.S,2,11,1,386,REST API; Spring Boot; MySQL,Java; Microservices; SQL; PostgreSQL; Hibernate; Redis; Kafka; Docker; AWS; Git; Maven,38.95,0
CAND_1476,Rahul Taylor,Backend Java Developer,6,0.4286,10,1,0,1.9,1,B.Tech / B.E / B.S,3,8,1,520,AWS; PostgreSQL; Spring Boot; MySQL; Java; Maven,Microservices; REST API; SQL; Hibernate; Redis; Kafka; Docker; Git,50.88,0
CAND_1477,Michael Taylor,Mobile Application Developer,10,0.8333,13,4,1,3.4,1,B.Tech / B.E / B.S,3,2,1,504,SQLite; REST API; React Native; Firebase; Flutter; Kotlin; Swift; Git; Android; UI/UX,Dart; Java,88.63,1
CAND_1478,Elena Davis,Backend Java Developer,5,0.3571,5,1,1,1.1,1,B.Tech / B.E / B.S,6,9,1,300,AWS; Kafka; Microservices; Maven; Spring Boot,Java; REST API; SQL; PostgreSQL; MySQL; Hibernate; Redis; Docker; Git,46.53,0
CAND_1479,David Thomas,Python / AI Engineer,9,0.6923,11,1,0,0.3,2,M.Tech / M.S / Ph.D,2,4,1,462,NumPy; Docker; SQL; Computer Vision; Scikit-Learn; Pandas; REST API; TensorFlow; Git,Python; PyTorch; FastAPI; NLP,51.23,0
CAND_1480,Michael Iyer,Backend Java Developer,6,0.4286,9,1,1,1.8,2,M.Tech / M.S / Ph.D,1,8,0,337,MySQL; Kafka; AWS; Redis; SQL; Docker,Java; Spring Boot; Microservices; REST API; PostgreSQL; Hibernate; Git; Maven,45.23,0
CAND_1481,Alex Miller,Mobile Application Developer,2,0.1667,8,3,4,0.6,1,B.Tech / B.E / B.S,3,10,1,370,Android; UI/UX,Flutter; Dart; React Native; Kotlin; Swift; Java; Firebase; REST API; SQLite; Git,43.81,0
CAND_1482,Rahul Thomas,Mobile Application Developer,7,0.5833,10,1,3,5.9,1,B.Tech / B.E / B.S,3,5,1,246,Kotlin; Git; Swift; React Native; REST API; UI/UX; Java,Flutter; Dart; Android; Firebase; SQLite,65.95,1
CAND_1483,Alex Reddy,Frontend React Engineer,9,0.6923,14,2,0,0.8,1,B.Tech / B.E / B.S,5,4,1,505,REST API; Redux; GraphQL; Webpack; Tailwind CSS; HTML5; Git; Next.js; React,JavaScript; TypeScript; CSS3; Vite,65.32,1
CAND_1484,Daniel Reddy,Fullstack Software Engineer,7,0.5,12,3,1,1.2,1,B.Tech / B.E / B.S,2,7,1,414,SQL; TypeScript; React; Git; Docker; Node.js; Java,JavaScript; Spring Boot; PostgreSQL; MongoDB; REST API; HTML5; CSS3,63.54,1
CAND_1485,Priya Rao,Mobile Application Developer,6,0.5,6,2,2,1.7,1,B.Tech / B.E / B.S,1,6,0,535,Kotlin; React Native; Flutter; UI/UX; Android; Java,Dart; Swift; Firebase; REST API; SQLite; Git,51.27,0
CAND_1486,Chloe Verma,Frontend React Engineer,8,0.6154,12,1,3,0.2,1,B.Tech / B.E / B.S,2,5,1,368,Redux; JavaScript; GraphQL; REST API; Next.js; Tailwind CSS; Vite; HTML5,React; TypeScript; CSS3; Webpack; Git,55.52,0
CAND_1487,Pooja Verma,Cloud & DevOps Engineer,9,0.6923,17,2,0,0.7,1,B.Tech / B.E / B.S,4,4,1,314,Jenkins; Git; Bash; CI/CD; Ansible; Linux; GitHub Actions; Python; Kubernetes,Docker; AWS; Terraform; Prometheus,66.14,1
CAND_1488,Rahul Thomas,Cloud & DevOps Engineer,6,0.4615,11,2,1,4.1,0,Diploma / Associate,2,7,0,452,AWS; Bash; Prometheus; CI/CD; Ansible; Git,Linux; Docker; Kubernetes; Terraform; Jenkins; GitHub Actions; Python,64.91,1
CAND_1489,Rahul Rao,Cloud & DevOps Engineer,1,0.0769,5,2,1,0.6,1,B.Tech / B.E / B.S,4,12,1,392,Kubernetes,Linux; Docker; AWS; Terraform; CI/CD; Jenkins; GitHub Actions; Ansible; Python; Bash; Prometheus; Git,35.83,0
CAND_1490,Rohan Nair,Backend Java Developer,11,0.7857,15,3,0,0.1,1,B.Tech / B.E / B.S,2,3,0,397,AWS; Redis; Spring Boot; MySQL; Java; Docker; SQL; Hibernate; Microservices; Maven; Git,REST API; PostgreSQL; Kafka,72.26,1
CAND_1491,James Kumar,Fullstack Software Engineer,7,0.5,10,2,0,2.8,1,B.Tech / B.E / B.S,2,7,1,468,Spring Boot; PostgreSQL; Docker; TypeScript; React; Git; CSS3,JavaScript; Node.js; Java; SQL; MongoDB; REST API; HTML5,55.8,0
CAND_1492,Maya Verma,Mobile Application Developer,10,0.8333,13,0,1,1.8,1,B.Tech / B.E / B.S,3,2,1,502,SQLite; Git; Kotlin; Firebase; Swift; Flutter; REST API; React Native; Dart; Java,Android; UI/UX,60.79,1
CAND_1493,Daniel Patel,Python / AI Engineer,3,0.2308,6,0,2,0.4,1,B.Tech / B.E / B.S,2,10,1,356,TensorFlow; SQL; Docker,Python; PyTorch; Scikit-Learn; Pandas; NumPy; FastAPI; NLP; Computer Vision; REST API; Git,28.23,0
CAND_1494,Chloe Johnson,Fullstack Software Engineer,7,0.5,8,2,1,7.2,1,B.Tech / B.E / B.S,2,7,1,296,Spring Boot; Node.js; HTML5; Git; CSS3; REST API; MongoDB,React; JavaScript; TypeScript; Java; SQL; PostgreSQL; Docker,61.49,1
CAND_1495,Pooja Gupta,Python / AI Engineer,11,0.8462,14,3,0,4.8,2,M.Tech / M.S / Ph.D,3,2,0,418,Docker; FastAPI; Git; Python; PyTorch; NumPy; Scikit-Learn; Computer Vision; Pandas; REST API; NLP,TensorFlow; SQL,92.43,1
CAND_1496,Alex Johnson,Fullstack Software Engineer,11,0.7857,15,1,0,3.0,1,B.Tech / B.E / B.S,2,3,1,414,SQL; Java; MongoDB; HTML5; React; Docker; Spring Boot; Git; CSS3; Node.js; PostgreSQL,JavaScript; TypeScript; REST API,70.6,1
CAND_1497,Aditi Rao,Mobile Application Developer,6,0.5,7,2,0,0.2,1,B.Tech / B.E / B.S,1,6,1,351,Android; Swift; REST API; Dart; SQLite; Firebase,Flutter; React Native; Kotlin; Java; Git; UI/UX,45.49,0
CAND_1498,Chloe Miller,Fullstack Software Engineer,5,0.3571,6,3,1,5.0,1,B.Tech / B.E / B.S,4,9,0,390,Git; JavaScript; Node.js; CSS3; Docker,React; TypeScript; Java; Spring Boot; SQL; PostgreSQL; MongoDB; REST API; HTML5,63.17,1
CAND_1499,Sarah Reddy,Backend Java Developer,8,0.5714,12,3,0,0.3,2,M.Tech / M.S / Ph.D,2,6,0,300,Redis; AWS; Git; MySQL; Spring Boot; Microservices; Java; REST API,SQL; PostgreSQL; Hibernate; Kafka; Docker; Maven,68.24,1
CAND_1500,Alex Verma,Fullstack Software Engineer,11,0.7857,13,3,0,1.1,1,B.Tech / B.E / B.S,3,3,1,594,JavaScript; React; TypeScript; Java; MongoDB; CSS3; Node.js; Docker; PostgreSQL; Spring Boot; Git,SQL; REST API; HTML5,75.87,1
CAND_1501,David Brown,Frontend React Engineer,11,0.8462,14,1,0,1.1,2,M.Tech / M.S / Ph.D,2,2,0,494,React; Tailwind CSS; Webpack; JavaScript; REST API; Git; CSS3; Vite; HTML5; Redux; TypeScript,Next.js; GraphQL,67.33,1
CAND_1502,James Verma,Mobile Application Developer,11,0.9167,13,4,0,2.3,1,B.Tech / B.E / B.S,2,1,1,310,Dart; Swift; REST API; UI/UX; Kotlin; Java; Git; React Native; Flutter; SQLite; Firebase,Android,78.84,1
CAND_1503,David Johnson,Mobile Application Developer,3,0.25,6,2,2,0.6,2,M.Tech / M.S / Ph.D,1,9,0,441,Flutter; Firebase; React Native,Dart; Android; Kotlin; Swift; Java; REST API; SQLite; Git; UI/UX,40.97,0
CAND_1504,Chloe Singh,Backend Java Developer,6,0.4286,6,3,1,0.3,1,B.Tech / B.E / B.S,1,8,1,432,AWS; MySQL; Redis; SQL; Microservices; Docker,Java; Spring Boot; REST API; PostgreSQL; Hibernate; Kafka; Git; Maven,61.88,1
CAND_1505,Emily Sharma,Python / AI Engineer,7,0.5385,13,3,0,5.7,1,B.Tech / B.E / B.S,1,6,1,282,Docker; TensorFlow; PyTorch; Python; NLP; SQL; Pandas,Scikit-Learn; NumPy; FastAPI; Computer Vision; REST API; Git,69.97,1
CAND_1506,Chloe Patel,Frontend React Engineer,1,0.0769,6,1,2,8.7,1,B.Tech / B.E / B.S,1,12,1,506,Next.js,React; JavaScript; TypeScript; HTML5; CSS3; Tailwind CSS; Redux; REST API; GraphQL; Webpack; Vite; Git,32.77,0
CAND_1507,Emily Gupta,Cloud & DevOps Engineer,9,0.6923,18,1,1,1.6,2,M.Tech / M.S / Ph.D,2,4,1,358,Bash; Ansible; Kubernetes; Git; Python; AWS; Terraform; Prometheus; Docker,Linux; CI/CD; Jenkins; GitHub Actions,65.02,1
CAND_1508,Sneha Nair,Mobile Application Developer,8,0.6667,10,5,0,0.6,1,B.Tech / B.E / B.S,3,4,1,343,SQLite; Flutter; REST API; Firebase; Dart; React Native; Swift; Git,Android; Kotlin; Java; UI/UX,68.91,1
CAND_1509,Karthik Reddy,Backend Java Developer,5,0.3571,12,2,0,3.8,0,Diploma / Associate,3,9,1,543,AWS; Kafka; Hibernate; PostgreSQL; Docker,Java; Spring Boot; Microservices; REST API; SQL; MySQL; Redis; Git; Maven,53.24,0
CAND_1510,Vikram Singh,Fullstack Software Engineer,6,0.4286,8,2,1,2.0,1,B.Tech / B.E / B.S,3,8,1,445,Java; REST API; JavaScript; Node.js; Spring Boot; PostgreSQL,React; TypeScript; SQL; MongoDB; Git; Docker; HTML5; CSS3,53.95,0
CAND_1511,Michael Chen,Python / AI Engineer,6,0.4615,11,2,1,0.0,1,B.Tech / B.E / B.S,2,7,0,457,Computer Vision; Pandas; NLP; TensorFlow; NumPy; Docker,Python; PyTorch; Scikit-Learn; SQL; FastAPI; REST API; Git,50.67,0
CAND_1512,Sarah Nair,Fullstack Software Engineer,7,0.5,9,5,0,5.9,2,M.Tech / M.S / Ph.D,3,7,0,639,Spring Boot; Node.js; HTML5; Git; SQL; Java; CSS3,React; JavaScript; TypeScript; PostgreSQL; MongoDB; REST API; Docker,69.46,1
CAND_1513,Vikram Chen,Cloud & DevOps Engineer,6,0.4615,9,0,0,0.2,1,B.Tech / B.E / B.S,4,7,1,281,GitHub Actions; Git; CI/CD; Terraform; Prometheus; Docker,Linux; Kubernetes; AWS; Jenkins; Ansible; Python; Bash,41.98,0
CAND_1514,Priya Thomas,Fullstack Software Engineer,5,0.3571,7,5,0,0.9,1,B.Tech / B.E / B.S,2,9,0,612,CSS3; Java; TypeScript; MongoDB; Node.js,React; JavaScript; Spring Boot; SQL; PostgreSQL; REST API; Git; Docker; HTML5,46.16,0
CAND_1515,Karthik Patel,Mobile Application Developer,3,0.25,6,2,1,6.7,1,B.Tech / B.E / B.S,4,9,1,411,Dart; Flutter; REST API,React Native; Android; Kotlin; Swift; Java; Firebase; SQLite; Git; UI/UX,54.79,0
CAND_1516,Aarav Anderson,Python / AI Engineer,8,0.6154,12,2,1,1.4,1,B.Tech / B.E / B.S,3,5,1,368,SQL; NLP; Scikit-Learn; Python; Docker; Pandas; FastAPI; Git,PyTorch; TensorFlow; NumPy; Computer Vision; REST API,70.68,1
CAND_1517,Elena Iyer,Frontend React Engineer,1,0.0769,5,2,2,0.9,1,B.Tech / B.E / B.S,2,12,0,480,Tailwind CSS,React; JavaScript; TypeScript; Next.js; HTML5; CSS3; Redux; REST API; GraphQL; Webpack; Vite; Git,27.11,0
CAND_1518,Ananya Anderson,Mobile Application Developer,5,0.4167,8,4,0,1.9,1,B.Tech / B.E / B.S,2,7,0,374,Kotlin; React Native; Firebase; REST API; Dart,Flutter; Android; Swift; Java; SQLite; Git; UI/UX,51.61,0
CAND_1519,David Smith,Python / AI Engineer,8,0.6154,13,2,4,6.1,2,M.Tech / M.S / Ph.D,4,5,1,502,Python; Computer Vision; Scikit-Learn; NLP; TensorFlow; Docker; REST API; PyTorch,Pandas; NumPy; SQL; FastAPI; Git,78.22,1
CAND_1520,Priya Anderson,Python / AI Engineer,8,0.6154,13,3,1,2.4,1,B.Tech / B.E / B.S,2,5,1,277,Computer Vision; TensorFlow; FastAPI; NumPy; Python; Scikit-Learn; SQL; Git,PyTorch; Pandas; Docker; NLP; REST API,73.26,1
CAND_1521,Ananya Patel,Frontend React Engineer,6,0.4615,10,2,0,1.5,1,B.Tech / B.E / B.S,1,7,0,600,CSS3; Next.js; React; Vite; REST API; Git,JavaScript; TypeScript; HTML5; Tailwind CSS; Redux; GraphQL; Webpack,51.39,0
CAND_1522,David Wilson,Cloud & DevOps Engineer,9,0.6923,14,1,0,4.3,0,Diploma / Associate,1,4,1,351,Linux; Git; Bash; CI/CD; Docker; Terraform; Jenkins; Python; Kubernetes,AWS; GitHub Actions; Ansible; Prometheus,61.21,1
CAND_1523,James Miller,Python / AI Engineer,5,0.3846,8,3,1,0.0,2,M.Tech / M.S / Ph.D,4,8,0,468,TensorFlow; SQL; Computer Vision; REST API; NumPy,Python; PyTorch; Scikit-Learn; Pandas; FastAPI; Docker; NLP; Git,54.36,0
CAND_1524,James Patel,Python / AI Engineer,8,0.6154,14,2,1,3.5,1,B.Tech / B.E / B.S,4,5,0,403,Pandas; SQL; Scikit-Learn; Docker; REST API; NumPy; NLP; TensorFlow,Python; PyTorch; FastAPI; Computer Vision; Git,65.48,1
CAND_1525,Elena Wilson,Python / AI Engineer,8,0.6154,10,1,2,5.8,1,B.Tech / B.E / B.S,4,5,1,400,Python; Docker; TensorFlow; FastAPI; Computer Vision; Scikit-Learn; Git; Pandas,PyTorch; NumPy; SQL; NLP; REST API,74.51,1
CAND_1526,Karthik Gupta,Backend Java Developer,11,0.7857,14,3,1,2.7,1,B.Tech / B.E / B.S,4,3,1,267,Microservices; Maven; PostgreSQL; Kafka; Spring Boot; REST API; MySQL; Hibernate; Git; Java; Redis,SQL; Docker; AWS,83.32,1
CAND_1527,Elena Wilson,Backend Java Developer,7,0.5,10,1,2,0.3,1,B.Tech / B.E / B.S,3,7,0,546,Kafka; Microservices; Docker; MySQL; Java; REST API; Maven,Spring Boot; SQL; PostgreSQL; Hibernate; Redis; AWS; Git,46.97,0
CAND_1528,Vikram Anderson,Python / AI Engineer,7,0.5385,11,3,0,0.8,1,B.Tech / B.E / B.S,1,6,1,489,TensorFlow; Git; Computer Vision; Docker; Python; REST API; NLP,PyTorch; Scikit-Learn; Pandas; NumPy; SQL; FastAPI,60.59,1
CAND_1529,Priya Kumar,Backend Java Developer,6,0.4286,10,2,1,1.8,2,M.Tech / M.S / Ph.D,4,8,0,390,Redis; MySQL; Kafka; AWS; Java; SQL,Spring Boot; Microservices; REST API; PostgreSQL; Hibernate; Docker; Git; Maven,54.19,0
CAND_1530,Rohan Gupta,Cloud & DevOps Engineer,9,0.6923,11,1,0,0.7,1,B.Tech / B.E / B.S,3,4,1,319,Python; GitHub Actions; Prometheus; Kubernetes; AWS; Jenkins; Terraform; Docker; Bash,Linux; CI/CD; Ansible; Git,57.21,0
CAND_1531,Priya Thomas,Mobile Application Developer,3,0.25,7,4,2,0.5,1,B.Tech / B.E / B.S,4,9,0,382,REST API; Kotlin; React Native,Flutter; Dart; Android; Swift; Java; Firebase; SQLite; Git; UI/UX,53.83,0
CAND_1532,Alex Taylor,Python / AI Engineer,2,0.1538,9,5,2,4.4,1,B.Tech / B.E / B.S,4,11,1,513,NLP; PyTorch,Python; TensorFlow; Scikit-Learn; Pandas; NumPy; SQL; FastAPI; Docker; Computer Vision; REST API; Git,60.66,0
CAND_1533,Ananya Johnson,Cloud & DevOps Engineer,7,0.5385,11,1,1,1.7,1,B.Tech / B.E / B.S,3,6,1,350,Kubernetes; Docker; Linux; AWS; Ansible; Jenkins; GitHub Actions,Terraform; CI/CD; Python; Bash; Prometheus; Git,57.91,0
CAND_1534,Vikram Thomas,Fullstack Software Engineer,8,0.5714,10,2,1,1.0,1,B.Tech / B.E / B.S,4,6,0,389,TypeScript; PostgreSQL; REST API; Docker; React; MongoDB; JavaScript; Git,Node.js; Java; Spring Boot; SQL; HTML5; CSS3,50.96,0
CAND_1535,Elena Iyer,Python / AI Engineer,8,0.6154,10,0,1,1.5,0,Diploma / Associate,3,5,1,222,Docker; Python; Computer Vision; SQL; Git; NLP; TensorFlow; REST API,PyTorch; Scikit-Learn; Pandas; NumPy; FastAPI,51.04,0
CAND_1536,Daniel Brown,Backend Java Developer,10,0.7143,12,3,2,0.3,1,B.Tech / B.E / B.S,1,4,1,442,Git; Hibernate; MySQL; PostgreSQL; Kafka; Spring Boot; AWS; Redis; Microservices; REST API,Java; SQL; Docker; Maven,65.18,1
CAND_1537,Ananya Patel,Frontend React Engineer,8,0.6154,14,3,0,2.7,1,B.Tech / B.E / B.S,2,5,1,319,GraphQL; REST API; Tailwind CSS; HTML5; Next.js; React; CSS3; Webpack,JavaScript; TypeScript; Redux; Vite; Git,77.03,1
CAND_1538,Aarav Anderson,Python / AI Engineer,9,0.6923,14,1,0,4.3,1,B.Tech / B.E / B.S,2,4,0,283,PyTorch; Docker; Python; SQL; Scikit-Learn; NumPy; REST API; TensorFlow; Computer Vision,Pandas; FastAPI; NLP; Git,69.08,1
CAND_1539,Vikram Brown,Mobile Application Developer,3,0.25,10,4,2,8.5,2,M.Tech / M.S / Ph.D,2,9,1,382,SQLite; Kotlin; Git,Flutter; Dart; React Native; Android; Swift; Java; Firebase; REST API; UI/UX,63.3,0
CAND_1540,Chloe Brown,Python / AI Engineer,8,0.6154,8,1,0,1.0,1,B.Tech / B.E / B.S,1,5,1,474,NumPy; NLP; Pandas; SQL; Scikit-Learn; REST API; Computer Vision; FastAPI,Python; PyTorch; TensorFlow; Docker; Git,46.06,0
CAND_1541,Elena Nair,Frontend React Engineer,6,0.4615,10,2,0,0.4,1,B.Tech / B.E / B.S,3,7,1,255,REST API; Git; Redux; HTML5; GraphQL; CSS3,React; JavaScript; TypeScript; Next.js; Tailwind CSS; Webpack; Vite,55.29,0
CAND_1542,David Iyer,Mobile Application Developer,6,0.5,11,2,2,0.2,2,M.Tech / M.S / Ph.D,5,6,1,392,Dart; Android; Firebase; React Native; UI/UX; SQLite,Flutter; Kotlin; Swift; Java; REST API; Git,59.8,1
CAND_1543,Daniel Johnson,Frontend React Engineer,11,0.8462,12,2,0,0.9,1,B.Tech / B.E / B.S,2,2,1,194,Git; REST API; GraphQL; React; TypeScript; Tailwind CSS; CSS3; Webpack; Redux; JavaScript; Next.js,HTML5; Vite,69.6,1
CAND_1544,Maya Brown,Fullstack Software Engineer,4,0.2857,8,3,0,2.6,1,B.Tech / B.E / B.S,2,10,1,568,JavaScript; Java; Node.js; Spring Boot,React; TypeScript; SQL; PostgreSQL; MongoDB; REST API; Git; Docker; HTML5; CSS3,59.55,1
CAND_1545,Rohan Thomas,Fullstack Software Engineer,9,0.6429,10,2,0,2.8,1,B.Tech / B.E / B.S,1,5,1,551,Docker; SQL; HTML5; REST API; MongoDB; Java; React; CSS3; JavaScript,TypeScript; Node.js; Spring Boot; PostgreSQL; Git,66.59,1
CAND_1546,Elena Taylor,Fullstack Software Engineer,4,0.2857,7,3,0,0.7,1,B.Tech / B.E / B.S,2,10,1,473,Node.js; Git; MongoDB; Java,React; JavaScript; TypeScript; Spring Boot; SQL; PostgreSQL; REST API; Docker; HTML5; CSS3,47.15,0
CAND_1547,Rahul Verma,Python / AI Engineer,4,0.3077,10,1,3,0.2,2,M.Tech / M.S / Ph.D,4,9,0,475,Docker; Git; Scikit-Learn; NLP,Python; PyTorch; TensorFlow; Pandas; NumPy; SQL; FastAPI; Computer Vision; REST API,40.72,0
CAND_1548,Priya Verma,Frontend React Engineer,9,0.6923,14,2,0,2.6,1,B.Tech / B.E / B.S,3,4,1,408,Next.js; Webpack; React; TypeScript; JavaScript; HTML5; Tailwind CSS; Git; GraphQL,CSS3; Redux; REST API; Vite,71.02,1
CAND_1549,David Johnson,Python / AI Engineer,5,0.3846,8,2,1,0.5,1,B.Tech / B.E / B.S,2,8,1,150,Scikit-Learn; Docker; Python; PyTorch; NLP,TensorFlow; Pandas; NumPy; SQL; FastAPI; Computer Vision; REST API; Git,48.87,0
CAND_1550,Chloe Rao,Mobile Application Developer,1,0.0833,3,2,1,0.1,1,B.Tech / B.E / B.S,3,11,0,474,REST API,Flutter; Dart; React Native; Android; Kotlin; Swift; Java; Firebase; SQLite; Git; UI/UX,33.97,0
CAND_1551,James Smith,Frontend React Engineer,7,0.5385,10,2,0,0.8,1,B.Tech / B.E / B.S,3,6,1,296,HTML5; Next.js; GraphQL; Vite; Redux; Tailwind CSS; Git,React; JavaScript; TypeScript; CSS3; REST API; Webpack,53.24,0
CAND_1552,Aarav Kumar,Backend Java Developer,8,0.5714,14,3,2,0.9,1,B.Tech / B.E / B.S,1,6,1,502,MySQL; Redis; Spring Boot; Git; AWS; Docker; SQL; Microservices,Java; REST API; PostgreSQL; Hibernate; Kafka; Maven,61.49,1
CAND_1553,Sneha Davis,Frontend React Engineer,8,0.6154,11,1,1,3.2,1,B.Tech / B.E / B.S,3,5,0,365,REST API; GraphQL; HTML5; Redux; Tailwind CSS; Vite; Git; JavaScript,React; TypeScript; Next.js; CSS3; Webpack,61.03,1
CAND_1554,Alex Taylor,Mobile Application Developer,6,0.5,11,2,1,0.0,0,Diploma / Associate,4,6,0,518,Firebase; SQLite; Flutter; UI/UX; Dart; React Native,Android; Kotlin; Swift; Java; REST API; Git,44.44,0
CAND_1555,Rohan Johnson,Mobile Application Developer,3,0.25,5,3,0,0.7,1,B.Tech / B.E / B.S,6,9,1,502,Android; Git; UI/UX,Flutter; Dart; React Native; Kotlin; Swift; Java; Firebase; REST API; SQLite,52.89,0
CAND_1556,Alex Brown,Frontend React Engineer,7,0.5385,10,2,4,1.1,1,B.Tech / B.E / B.S,2,6,1,347,REST API; Git; React; HTML5; Next.js; GraphQL; Webpack,JavaScript; TypeScript; CSS3; Tailwind CSS; Redux; Vite,61.61,1
CAND_1557,David Chen,Fullstack Software Engineer,8,0.5714,9,1,1,0.0,1,B.Tech / B.E / B.S,3,6,1,436,MongoDB; TypeScript; PostgreSQL; Spring Boot; Git; Node.js; Java; JavaScript,React; SQL; REST API; Docker; HTML5; CSS3,50.7,0
CAND_1558,Rahul Wilson,Mobile Application Developer,8,0.6667,14,3,0,3.3,2,M.Tech / M.S / Ph.D,3,4,1,389,Android; UI/UX; Git; Kotlin; SQLite; Dart; Java; Swift,Flutter; React Native; Firebase; REST API,73.73,1
CAND_1559,Maya Smith,Backend Java Developer,3,0.2143,7,3,1,1.2,2,M.Tech / M.S / Ph.D,2,11,0,498,Git; Spring Boot; Maven,Java; Microservices; REST API; SQL; PostgreSQL; MySQL; Hibernate; Redis; Kafka; Docker; AWS,45.5,0
CAND_1560,Rohan Wilson,Python / AI Engineer,7,0.5385,9,2,2,1.0,1,B.Tech / B.E / B.S,3,6,0,452,Python; Docker; Git; FastAPI; NumPy; REST API; Scikit-Learn,PyTorch; TensorFlow; Pandas; SQL; NLP; Computer Vision,59.21,1
CAND_1561,James Kumar,Cloud & DevOps Engineer,7,0.5385,13,2,0,5.3,1,B.Tech / B.E / B.S,2,6,1,332,Kubernetes; Ansible; Terraform; Jenkins; AWS; Git; Linux,Docker; CI/CD; GitHub Actions; Python; Bash; Prometheus,63.83,1
CAND_1562,Daniel Brown,Cloud & DevOps Engineer,3,0.2308,7,3,2,3.6,1,B.Tech / B.E / B.S,2,10,0,329,Ansible; Linux; Git,Docker; Kubernetes; AWS; Terraform; CI/CD; Jenkins; GitHub Actions; Python; Bash; Prometheus,59.27,0
CAND_1563,Emily Johnson,Mobile Application Developer,6,0.5,7,2,0,1.8,2,M.Tech / M.S / Ph.D,2,6,0,548,React Native; Firebase; Dart; REST API; Git; UI/UX,Flutter; Android; Kotlin; Swift; Java; SQLite,48.51,0
CAND_1564,Aarav Sharma,Mobile Application Developer,7,0.5833,12,2,4,4.0,2,M.Tech / M.S / Ph.D,4,5,1,348,Android; Java; SQLite; Dart; Swift; React Native; Kotlin,Flutter; Firebase; REST API; Git; UI/UX,74.69,1
CAND_1565,Karthik Nair,Python / AI Engineer,11,0.8462,13,3,0,0.6,1,B.Tech / B.E / B.S,2,2,1,484,Pandas; Scikit-Learn; Git; FastAPI; NumPy; Docker; PyTorch; REST API; NLP; SQL; Computer Vision,Python; TensorFlow,65.96,1
CAND_1566,Emily Smith,Cloud & DevOps Engineer,2,0.1538,7,2,1,1.8,1,B.Tech / B.E / B.S,3,11,0,452,Terraform; GitHub Actions,Linux; Docker; Kubernetes; AWS; CI/CD; Jenkins; Ansible; Python; Bash; Prometheus; Git,37.35,0
CAND_1567,Priya Anderson,Backend Java Developer,9,0.6429,16,2,0,0.8,0,Diploma / Associate,4,5,1,383,Kafka; Docker; REST API; Spring Boot; SQL; AWS; MySQL; Hibernate; Redis,Java; Microservices; PostgreSQL; Git; Maven,53.58,0
CAND_1568,Rahul Iyer,Mobile Application Developer,6,0.5,10,1,1,1.4,2,M.Tech / M.S / Ph.D,1,6,0,505,React Native; Firebase; Flutter; UI/UX; Java; Android,Dart; Kotlin; Swift; REST API; SQLite; Git,48.95,0
CAND_1569,Vikram Davis,Python / AI Engineer,6,0.4615,7,0,0,0.2,1,B.Tech / B.E / B.S,2,7,1,344,REST API; NumPy; FastAPI; Pandas; NLP; Python,PyTorch; TensorFlow; Scikit-Learn; SQL; Docker; Computer Vision; Git,36.34,0
CAND_1570,David Reddy,Mobile Application Developer,6,0.5,12,1,3,0.3,1,B.Tech / B.E / B.S,3,6,0,273,React Native; Flutter; Android; Kotlin; Firebase; Java,Dart; Swift; REST API; SQLite; Git; UI/UX,48.53,0
CAND_1571,Sneha Taylor,Mobile Application Developer,8,0.6667,12,1,0,1.9,1,B.Tech / B.E / B.S,1,4,0,543,Swift; Kotlin; UI/UX; SQLite; Git; React Native; Flutter; Android,Dart; Java; Firebase; REST API,55.03,0
CAND_1572,Sneha Smith,Mobile Application Developer,8,0.6667,12,2,0,8.4,1,B.Tech / B.E / B.S,3,4,0,363,SQLite; Android; UI/UX; REST API; React Native; Java; Firebase; Swift,Flutter; Dart; Kotlin; Git,73.02,1
CAND_1573,Alex Davis,Cloud & DevOps Engineer,8,0.6154,10,2,2,3.9,1,B.Tech / B.E / B.S,3,5,0,347,Git; Prometheus; GitHub Actions; Docker; Jenkins; Terraform; AWS; CI/CD,Linux; Kubernetes; Ansible; Python; Bash,67.93,1
CAND_1574,Vikram Nair,Mobile Application Developer,6,0.5,9,2,0,0.7,0,Diploma / Associate,3,6,1,446,Swift; Java; SQLite; Git; Dart; Flutter,React Native; Android; Kotlin; Firebase; REST API; UI/UX,49.21,0
CAND_1575,Priya Chen,Backend Java Developer,9,0.6429,13,3,1,2.5,2,M.Tech / M.S / Ph.D,2,5,0,358,PostgreSQL; Maven; Docker; SQL; AWS; MySQL; Kafka; REST API; Microservices,Java; Spring Boot; Hibernate; Redis; Git,72.63,1
CAND_1576,James Davis,Cloud & DevOps Engineer,5,0.3846,12,2,2,0.6,1,B.Tech / B.E / B.S,1,8,0,261,Jenkins; Kubernetes; Prometheus; Linux; Bash,Docker; AWS; Terraform; CI/CD; GitHub Actions; Ansible; Python; Git,44.8,0
CAND_1577,Ananya Kumar,Mobile Application Developer,7,0.5833,11,2,0,1.5,1,B.Tech / B.E / B.S,3,5,1,241,UI/UX; Dart; Android; React Native; Java; Flutter; Firebase,Kotlin; Swift; REST API; SQLite; Git,62.02,1
CAND_1578,Rohan Wilson,Python / AI Engineer,3,0.2308,7,2,2,4.6,1,B.Tech / B.E / B.S,1,10,0,391,Python; Git; SQL,PyTorch; TensorFlow; Scikit-Learn; Pandas; NumPy; FastAPI; Docker; NLP; Computer Vision; REST API,52.58,0
CAND_1579,Daniel Patel,Fullstack Software Engineer,7,0.5,9,2,0,0.4,1,B.Tech / B.E / B.S,3,7,1,428,Java; REST API; TypeScript; JavaScript; SQL; CSS3; Node.js,React; Spring Boot; PostgreSQL; MongoDB; Git; Docker; HTML5,52.06,0
CAND_1580,Ananya Rao,Cloud & DevOps Engineer,10,0.7692,13,3,1,7.4,1,B.Tech / B.E / B.S,1,3,1,524,Bash; Kubernetes; Prometheus; Ansible; Git; Linux; GitHub Actions; CI/CD; Python; Terraform,Docker; AWS; Jenkins,85.97,1
CAND_1581,Elena Taylor,Python / AI Engineer,8,0.6154,15,2,0,1.4,1,B.Tech / B.E / B.S,2,5,0,468,Pandas; Docker; FastAPI; TensorFlow; REST API; NLP; Git; SQL,Python; PyTorch; Scikit-Learn; NumPy; Computer Vision,56.4,0
CAND_1582,Michael Anderson,Cloud & DevOps Engineer,3,0.2308,4,2,1,4.5,1,B.Tech / B.E / B.S,3,10,0,467,Ansible; Bash; Prometheus,Linux; Docker; Kubernetes; AWS; Terraform; CI/CD; Jenkins; GitHub Actions; Python; Git,50.71,0
CAND_1583,Chloe Rao,Frontend React Engineer,2,0.1538,5,4,1,2.2,2,M.Tech / M.S / Ph.D,2,11,1,226,Redux; REST API,React; JavaScript; TypeScript; Next.js; HTML5; CSS3; Tailwind CSS; GraphQL; Webpack; Vite; Git,47.34,0
CAND_1584,Ananya Patel,Cloud & DevOps Engineer,5,0.3846,6,2,1,1.5,2,M.Tech / M.S / Ph.D,4,8,1,516,Terraform; CI/CD; Jenkins; Git; Kubernetes,Linux; Docker; AWS; GitHub Actions; Ansible; Python; Bash; Prometheus,52.57,0
CAND_1585,Pooja Sharma,Fullstack Software Engineer,6,0.4286,9,3,1,1.4,1,B.Tech / B.E / B.S,3,8,1,242,MongoDB; HTML5; TypeScript; Spring Boot; Java; PostgreSQL,React; JavaScript; Node.js; SQL; REST API; Git; Docker; CSS3,63.55,1
CAND_1586,Chloe Sharma,Mobile Application Developer,7,0.5833,11,3,0,3.4,1,B.Tech / B.E / B.S,2,5,1,298,Firebase; UI/UX; Kotlin; Flutter; Java; Git; React Native,Dart; Android; Swift; REST API; SQLite,74.45,1
CAND_1587,Maya Singh,Fullstack Software Engineer,8,0.5714,13,3,0,0.2,1,B.Tech / B.E / B.S,2,6,1,516,MongoDB; Spring Boot; Node.js; SQL; CSS3; Git; REST API; JavaScript,React; TypeScript; Java; PostgreSQL; Docker; HTML5,64.0,1
CAND_1588,Priya Johnson,Cloud & DevOps Engineer,10,0.7692,16,1,1,3.7,1,B.Tech / B.E / B.S,3,3,0,486,AWS; Terraform; Docker; Jenkins; Git; Prometheus; Kubernetes; CI/CD; GitHub Actions; Python,Linux; Ansible; Bash,66.86,1
CAND_1589,Sarah Gupta,Fullstack Software Engineer,7,0.5,13,3,1,2.3,1,B.Tech / B.E / B.S,2,7,1,336,TypeScript; CSS3; Java; JavaScript; PostgreSQL; REST API; Docker,React; Node.js; Spring Boot; SQL; MongoDB; Git; HTML5,67.75,1
CAND_1590,Maya Wilson,Backend Java Developer,8,0.5714,11,1,3,3.8,1,B.Tech / B.E / B.S,1,6,1,274,PostgreSQL; Java; Microservices; Git; Redis; Docker; AWS; Kafka,Spring Boot; REST API; SQL; MySQL; Hibernate; Maven,63.64,1
CAND_1591,Pooja Kumar,Backend Java Developer,13,0.9286,16,3,0,0.2,1,B.Tech / B.E / B.S,2,1,0,267,AWS; Hibernate; Maven; Java; REST API; Spring Boot; Microservices; Docker; Kafka; Redis; Git; SQL; PostgreSQL,MySQL,70.6,1
CAND_1592,Elena Smith,Cloud & DevOps Engineer,6,0.4615,10,5,1,6.7,2,M.Tech / M.S / Ph.D,4,7,0,467,Prometheus; Linux; CI/CD; Docker; Kubernetes; Git,AWS; Terraform; Jenkins; GitHub Actions; Ansible; Python; Bash,69.66,1
CAND_1593,Karthik Johnson,Fullstack Software Engineer,7,0.5,11,2,0,3.5,1,B.Tech / B.E / B.S,3,7,0,376,MongoDB; PostgreSQL; TypeScript; Node.js; Java; SQL; React,JavaScript; Spring Boot; REST API; Git; Docker; HTML5; CSS3,58.9,1
CAND_1594,Sneha Singh,Cloud & DevOps Engineer,12,0.9231,16,1,0,4.2,0,Diploma / Associate,5,1,0,359,Git; GitHub Actions; AWS; Linux; Bash; Prometheus; CI/CD; Python; Terraform; Docker; Ansible; Kubernetes,Jenkins,68.6,1
CAND_1595,Pooja Chen,Backend Java Developer,7,0.5,10,0,0,0.1,1,B.Tech / B.E / B.S,2,7,0,377,Docker; AWS; Java; Redis; Maven; Spring Boot; SQL,Microservices; REST API; PostgreSQL; MySQL; Hibernate; Kafka; Git,27.04,0
CAND_1596,Elena Rao,Backend Java Developer,3,0.2143,7,2,1,3.0,1,B.Tech / B.E / B.S,3,11,0,523,PostgreSQL; Java; Docker,Spring Boot; Microservices; REST API; SQL; MySQL; Hibernate; Redis; Kafka; AWS; Git; Maven,45.18,0
CAND_1597,Rahul Reddy,Backend Java Developer,9,0.6429,10,3,2,6.7,0,Diploma / Associate,3,5,1,581,Docker; MySQL; PostgreSQL; Java; Microservices; SQL; Spring Boot; REST API; Hibernate,Redis; Kafka; AWS; Git; Maven,77.26,1
CAND_1598,Aarav Verma,Python / AI Engineer,9,0.6923,16,2,0,1.9,1,B.Tech / B.E / B.S,3,4,1,414,Git; REST API; FastAPI; NLP; TensorFlow; NumPy; SQL; Python; PyTorch,Scikit-Learn; Pandas; Docker; Computer Vision,68.09,1
CAND_1599,Priya Wilson,Fullstack Software Engineer,5,0.3571,11,4,4,5.1,1,B.Tech / B.E / B.S,4,9,1,470,Git; REST API; Spring Boot; CSS3; React,JavaScript; TypeScript; Node.js; Java; SQL; PostgreSQL; MongoDB; Docker; HTML5,70.95,1
CAND_1600,Aditi Smith,Mobile Application Developer,11,0.9167,16,1,2,2.7,1,B.Tech / B.E / B.S,3,1,1,456,React Native; REST API; Dart; UI/UX; Firebase; SQLite; Git; Kotlin; Swift; Java; Flutter,Android,73.42,1
CAND_1601,Aarav Johnson,Frontend React Engineer,5,0.3846,12,2,0,1.6,2,M.Tech / M.S / Ph.D,4,8,1,448,Vite; TypeScript; HTML5; React; Redux,JavaScript; Next.js; CSS3; Tailwind CSS; REST API; GraphQL; Webpack; Git,55.02,0
CAND_1602,Michael Miller,Frontend React Engineer,3,0.2308,8,3,0,1.0,1,B.Tech / B.E / B.S,5,10,1,445,REST API; Vite; Redux,React; JavaScript; TypeScript; Next.js; HTML5; CSS3; Tailwind CSS; GraphQL; Webpack; Git,55.53,0
CAND_1603,Rahul Anderson,Backend Java Developer,7,0.5,9,4,2,10.8,1,B.Tech / B.E / B.S,5,7,0,438,Redis; PostgreSQL; Git; Hibernate; SQL; Maven; Microservices,Java; Spring Boot; REST API; MySQL; Kafka; Docker; AWS,77.82,1
CAND_1604,Rohan Davis,Backend Java Developer,10,0.7143,13,4,0,2.0,1,B.Tech / B.E / B.S,1,4,1,497,Hibernate; SQL; Git; Redis; PostgreSQL; Maven; Java; MySQL; Kafka; AWS,Spring Boot; Microservices; REST API; Docker,71.88,1
CAND_1605,David Nair,Fullstack Software Engineer,10,0.7143,10,3,2,2.1,1,B.Tech / B.E / B.S,2,4,1,352,REST API; Spring Boot; CSS3; Node.js; HTML5; JavaScript; SQL; MongoDB; Java; Git,React; TypeScript; PostgreSQL; Docker,76.44,1
CAND_1606,Chloe Iyer,Python / AI Engineer,11,0.8462,13,4,0,4.7,1,B.Tech / B.E / B.S,5,2,1,411,Pandas; NumPy; SQL; REST API; PyTorch; Docker; Git; NLP; Python; Computer Vision; Scikit-Learn,TensorFlow; FastAPI,84.76,1
CAND_1607,Priya Verma,Backend Java Developer,13,0.9286,16,3,0,1.8,1,B.Tech / B.E / B.S,5,1,0,396,Spring Boot; Hibernate; REST API; Maven; Java; MySQL; Git; SQL; Redis; PostgreSQL; Microservices; Kafka; Docker,AWS,76.38,1
CAND_1608,Ananya Thomas,Mobile Application Developer,3,0.25,8,1,1,1.0,2,M.Tech / M.S / Ph.D,3,9,1,296,Dart; Flutter; Android,React Native; Kotlin; Swift; Java; Firebase; REST API; SQLite; Git; UI/UX,37.24,0
CAND_1609,Elena Patel,Cloud & DevOps Engineer,10,0.7692,12,2,1,1.9,2,M.Tech / M.S / Ph.D,4,3,1,411,Git; Bash; Linux; CI/CD; Ansible; Jenkins; GitHub Actions; Kubernetes; Prometheus; Python,Docker; AWS; Terraform,75.73,1
CAND_1610,Daniel Verma,Mobile Application Developer,2,0.1667,5,3,0,1.2,1,B.Tech / B.E / B.S,2,10,0,503,Dart; Kotlin,Flutter; React Native; Android; Swift; Java; Firebase; REST API; SQLite; Git; UI/UX,43.51,0
CAND_1611,Rohan Gupta,Python / AI Engineer,6,0.4615,9,0,0,3.0,1,B.Tech / B.E / B.S,2,7,0,370,PyTorch; Git; Scikit-Learn; Docker; SQL; Computer Vision,Python; TensorFlow; Pandas; NumPy; FastAPI; NLP; REST API,43.57,0
CAND_1612,Rahul Davis,Mobile Application Developer,7,0.5833,7,3,0,3.4,1,B.Tech / B.E / B.S,4,5,1,445,Android; SQLite; React Native; REST API; Java; Swift; Flutter,Dart; Kotlin; Firebase; Git; UI/UX,72.61,1
CAND_1613,James Smith,Mobile Application Developer,2,0.1667,4,4,4,0.2,1,B.Tech / B.E / B.S,2,10,0,342,Firebase; Git,Flutter; Dart; React Native; Android; Kotlin; Swift; Java; REST API; SQLite; UI/UX,45.12,0
CAND_1614,Sarah Reddy,Backend Java Developer,8,0.5714,11,0,3,0.3,1,B.Tech / B.E / B.S,3,6,1,606,Git; Microservices; Redis; MySQL; AWS; PostgreSQL; Maven; SQL,Java; Spring Boot; REST API; Hibernate; Kafka; Docker,42.14,0
CAND_1615,Maya Taylor,Frontend React Engineer,11,0.8462,19,1,2,1.9,2,M.Tech / M.S / Ph.D,5,2,1,338,CSS3; REST API; Git; Webpack; Tailwind CSS; Vite; Redux; GraphQL; TypeScript; JavaScript; HTML5,React; Next.js,66.21,1
CAND_1616,Chloe Gupta,Cloud & DevOps Engineer,9,0.6923,14,1,1,0.2,2,M.Tech / M.S / Ph.D,1,4,0,518,Git; Ansible; Terraform; CI/CD; GitHub Actions; Prometheus; AWS; Linux; Python,Docker; Kubernetes; Jenkins; Bash,44.47,0
CAND_1617,Pooja Thomas,Fullstack Software Engineer,6,0.4286,10,4,0,0.2,1,B.Tech / B.E / B.S,3,8,1,618,MongoDB; TypeScript; Java; React; Docker; Node.js,JavaScript; Spring Boot; SQL; PostgreSQL; REST API; Git; HTML5; CSS3,55.51,0
CAND_1618,Rahul Chen,Fullstack Software Engineer,9,0.6429,10,1,0,0.8,1,B.Tech / B.E / B.S,3,5,0,535,HTML5; Docker; Java; MongoDB; Git; REST API; TypeScript; React; SQL,JavaScript; Node.js; Spring Boot; PostgreSQL; CSS3,52.98,0
CAND_1619,Michael Smith,Backend Java Developer,12,0.8571,12,3,0,4.9,2,M.Tech / M.S / Ph.D,1,2,1,690,Microservices; SQL; PostgreSQL; Kafka; REST API; Docker; Git; MySQL; Maven; Java; Redis; AWS,Spring Boot; Hibernate,86.32,1
CAND_1620,Rahul Patel,Mobile Application Developer,10,0.8333,10,3,0,4.0,1,B.Tech / B.E / B.S,3,2,0,382,Swift; Firebase; React Native; Git; Dart; Kotlin; UI/UX; SQLite; Flutter; Java,Android; REST API,85.26,1
CAND_1621,James Johnson,Fullstack Software Engineer,11,0.7857,13,0,1,2.4,1,B.Tech / B.E / B.S,2,3,1,375,HTML5; React; Spring Boot; Docker; SQL; REST API; JavaScript; MongoDB; PostgreSQL; Java; CSS3,TypeScript; Node.js; Git,62.41,1
CAND_1622,David Verma,Frontend React Engineer,4,0.3077,10,2,0,4.9,1,B.Tech / B.E / B.S,1,9,1,300,REST API; React; CSS3; Git,JavaScript; TypeScript; Next.js; HTML5; Tailwind CSS; Redux; GraphQL; Webpack; Vite,55.72,0
CAND_1623,James Iyer,Frontend React Engineer,8,0.6154,15,4,0,0.8,1,B.Tech / B.E / B.S,1,5,1,462,REST API; Vite; Next.js; TypeScript; React; Tailwind CSS; Webpack; HTML5,JavaScript; CSS3; Redux; GraphQL; Git,69.42,1
CAND_1624,James Davis,Fullstack Software Engineer,6,0.4286,11,2,0,2.0,1,B.Tech / B.E / B.S,1,8,0,515,Node.js; SQL; Java; HTML5; TypeScript; REST API,React; JavaScript; Spring Boot; PostgreSQL; MongoDB; Git; Docker; CSS3,49.78,0
CAND_1625,Alex Patel,Cloud & DevOps Engineer,2,0.1538,11,4,1,1.4,1,B.Tech / B.E / B.S,1,11,1,595,Python; Prometheus,Linux; Docker; Kubernetes; AWS; Terraform; CI/CD; Jenkins; GitHub Actions; Ansible; Bash; Git,46.94,0
CAND_1626,Aditi Miller,Cloud & DevOps Engineer,2,0.1538,8,2,0,0.4,0,Diploma / Associate,1,11,0,539,Terraform; Docker,Linux; Kubernetes; AWS; CI/CD; Jenkins; GitHub Actions; Ansible; Python; Bash; Prometheus; Git,21.64,0
CAND_1627,David Davis,Cloud & DevOps Engineer,7,0.5385,8,1,0,0.9,1,B.Tech / B.E / B.S,3,6,1,394,Git; Prometheus; Kubernetes; Bash; GitHub Actions; AWS; Ansible,Linux; Docker; Terraform; CI/CD; Jenkins; Python,51.77,0
CAND_1628,David Anderson,Backend Java Developer,8,0.5714,10,5,0,1.1,1,B.Tech / B.E / B.S,3,6,1,434,Redis; Kafka; AWS; Maven; REST API; Git; Spring Boot; Microservices,Java; SQL; PostgreSQL; MySQL; Hibernate; Docker,68.96,1
CAND_1629,Sarah Chen,Mobile Application Developer,5,0.4167,12,2,1,0.2,1,B.Tech / B.E / B.S,3,7,1,390,SQLite; Dart; Git; Java; REST API,Flutter; React Native; Android; Kotlin; Swift; Firebase; UI/UX,57.03,0
CAND_1630,Emily Smith,Backend Java Developer,10,0.7143,16,2,1,0.0,1,B.Tech / B.E / B.S,4,4,1,369,PostgreSQL; Maven; Kafka; Docker; Java; SQL; Microservices; Hibernate; Redis; REST API,Spring Boot; MySQL; AWS; Git,68.78,1
CAND_1631,Maya Iyer,Cloud & DevOps Engineer,9,0.6923,11,4,1,9.4,1,B.Tech / B.E / B.S,5,4,1,289,Linux; AWS; Prometheus; CI/CD; Kubernetes; Docker; Git; Python; Jenkins,Terraform; GitHub Actions; Ansible; Bash,81.8,1
CAND_1632,Ananya Thomas,Backend Java Developer,11,0.7857,15,3,1,0.6,1,B.Tech / B.E / B.S,4,3,0,389,Maven; SQL; Java; PostgreSQL; Spring Boot; Git; Hibernate; REST API; AWS; Microservices; Kafka,MySQL; Redis; Docker,72.56,1
CAND_1633,Chloe Gupta,Backend Java Developer,2,0.1429,11,3,3,3.5,1,B.Tech / B.E / B.S,3,12,0,258,Redis; Maven,Java; Spring Boot; Microservices; REST API; SQL; PostgreSQL; MySQL; Hibernate; Kafka; Docker; AWS; Git,56.63,0
CAND_1634,Karthik Miller,Cloud & DevOps Engineer,3,0.2308,5,1,2,0.9,1,B.Tech / B.E / B.S,5,10,1,597,Python; Prometheus; Kubernetes,Linux; Docker; AWS; Terraform; CI/CD; Jenkins; GitHub Actions; Ansible; Bash; Git,46.78,0
CAND_1635,Aarav Johnson,Python / AI Engineer,4,0.3077,7,0,2,0.6,1,B.Tech / B.E / B.S,3,9,1,499,Computer Vision; Docker; Python; Pandas,PyTorch; TensorFlow; Scikit-Learn; NumPy; SQL; FastAPI; NLP; REST API; Git,32.67,0
CAND_1636,Priya Verma,Frontend React Engineer,6,0.4615,11,2,0,2.2,1,B.Tech / B.E / B.S,3,7,1,434,Next.js; Vite; GraphQL; HTML5; React; Redux,JavaScript; TypeScript; CSS3; Tailwind CSS; REST API; Webpack; Git,58.77,1
CAND_1637,Aarav Patel,Cloud & DevOps Engineer,8,0.6154,11,2,0,4.2,1,B.Tech / B.E / B.S,3,5,0,383,Bash; Terraform; Git; CI/CD; Docker; Linux; Kubernetes; Python,AWS; Jenkins; GitHub Actions; Ansible; Prometheus,66.39,1
CAND_1638,David Singh,Cloud & DevOps Engineer,8,0.6154,10,2,0,2.9,2,M.Tech / M.S / Ph.D,3,5,1,391,Ansible; Prometheus; Docker; CI/CD; GitHub Actions; Bash; Git; Jenkins,Linux; Kubernetes; AWS; Terraform; Python,69.11,1
CAND_1639,Daniel Taylor,Python / AI Engineer,7,0.5385,9,2,2,3.2,1,B.Tech / B.E / B.S,2,6,0,326,REST API; Python; Git; Scikit-Learn; Docker; Pandas; TensorFlow,PyTorch; NumPy; SQL; FastAPI; NLP; Computer Vision,59.29,1
CAND_1640,Elena Johnson,Mobile Application Developer,6,0.5,8,2,0,2.4,1,B.Tech / B.E / B.S,2,6,1,510,React Native; Flutter; Swift; SQLite; REST API; Firebase,Dart; Android; Kotlin; Java; Git; UI/UX,54.66,0
CAND_1641,Pooja Singh,Python / AI Engineer,6,0.4615,8,4,3,3.3,1,B.Tech / B.E / B.S,2,7,1,337,Pandas; Python; Computer Vision; Git; SQL; REST API,PyTorch; TensorFlow; Scikit-Learn; NumPy; FastAPI; Docker; NLP,70.92,1
CAND_1642,Chloe Kumar,Backend Java Developer,9,0.6429,11,3,0,4.8,1,B.Tech / B.E / B.S,2,5,1,458,Microservices; PostgreSQL; MySQL; Docker; Maven; Spring Boot; AWS; SQL; Git,Java; REST API; Hibernate; Redis; Kafka,73.32,1
CAND_1643,Maya Singh,Cloud & DevOps Engineer,10,0.7692,15,1,2,1.1,0,Diploma / Associate,2,3,1,248,AWS; Python; Kubernetes; Jenkins; Terraform; CI/CD; Git; Ansible; Docker; GitHub Actions,Linux; Bash; Prometheus,63.06,1
CAND_1644,Vikram Anderson,Python / AI Engineer,7,0.5385,11,3,0,8.8,1,B.Tech / B.E / B.S,5,6,0,445,Computer Vision; Scikit-Learn; TensorFlow; Pandas; Docker; Git; REST API,Python; PyTorch; NumPy; SQL; FastAPI; NLP,77.19,1
CAND_1645,Vikram Anderson,Backend Java Developer,6,0.4286,8,2,2,2.0,1,B.Tech / B.E / B.S,2,8,1,510,PostgreSQL; Spring Boot; Redis; AWS; Git; Microservices,Java; REST API; SQL; MySQL; Hibernate; Kafka; Docker; Maven,57.67,0
CAND_1646,Alex Iyer,Mobile Application Developer,6,0.5,11,1,1,4.7,1,B.Tech / B.E / B.S,4,6,1,307,Flutter; Swift; Java; SQLite; Kotlin; Android,Dart; React Native; Firebase; REST API; Git; UI/UX,62.86,1
CAND_1647,Karthik Iyer,Backend Java Developer,6,0.4286,7,2,0,5.7,1,B.Tech / B.E / B.S,3,8,1,392,Spring Boot; Microservices; Git; Java; Kafka; SQL,REST API; PostgreSQL; MySQL; Hibernate; Redis; Docker; AWS; Maven,56.41,0
CAND_1648,Maya Anderson,Python / AI Engineer,6,0.4615,8,2,0,2.2,2,M.Tech / M.S / Ph.D,2,7,0,432,Scikit-Learn; NLP; Git; Computer Vision; Python; NumPy,PyTorch; TensorFlow; Pandas; SQL; FastAPI; Docker; REST API,45.81,0
CAND_1649,Rohan Wilson,Backend Java Developer,7,0.5,12,0,2,0.4,1,B.Tech / B.E / B.S,1,7,1,228,Redis; Kafka; Hibernate; Docker; PostgreSQL; Microservices; MySQL,Java; Spring Boot; REST API; SQL; AWS; Git; Maven,40.12,0
CAND_1650,Elena Wilson,Backend Java Developer,7,0.5,8,1,1,0.5,2,M.Tech / M.S / Ph.D,1,7,1,321,Microservices; REST API; Git; Java; MySQL; Docker; SQL,Spring Boot; PostgreSQL; Hibernate; Redis; Kafka; AWS; Maven,49.17,0
CAND_1651,Sarah Singh,Mobile Application Developer,8,0.6667,12,2,0,1.1,1,B.Tech / B.E / B.S,2,4,0,345,Git; Android; UI/UX; Dart; React Native; SQLite; Kotlin; Java,Flutter; Swift; Firebase; REST API,51.67,0
CAND_1652,Alex Taylor,Backend Java Developer,5,0.3571,9,3,0,1.7,2,M.Tech / M.S / Ph.D,4,9,1,281,MySQL; Maven; Java; Kafka; Git,Spring Boot; Microservices; REST API; SQL; PostgreSQL; Hibernate; Redis; Docker; AWS,57.61,0
CAND_1653,Alex Johnson,Python / AI Engineer,8,0.6154,11,3,2,2.5,0,Diploma / Associate,2,5,1,588,REST API; NLP; Git; Docker; Computer Vision; Python; Pandas; FastAPI,PyTorch; TensorFlow; Scikit-Learn; NumPy; SQL,75.32,1
CAND_1654,Michael Taylor,Fullstack Software Engineer,6,0.4286,10,3,1,1.3,1,B.Tech / B.E / B.S,3,8,0,384,Node.js; MongoDB; HTML5; SQL; React; Docker,JavaScript; TypeScript; Java; Spring Boot; PostgreSQL; REST API; Git; CSS3,59.3,1
CAND_1655,David Davis,Mobile Application Developer,5,0.4167,9,3,0,0.6,2,M.Tech / M.S / Ph.D,2,7,0,485,Flutter; Android; Kotlin; Firebase; Java,Dart; React Native; Swift; REST API; SQLite; Git; UI/UX,48.75,0
CAND_1656,Pooja Rao,Cloud & DevOps Engineer,8,0.6154,11,4,1,3.7,1,B.Tech / B.E / B.S,2,5,0,232,Kubernetes; Jenkins; Terraform; Python; Linux; Git; AWS; CI/CD,Docker; GitHub Actions; Ansible; Bash; Prometheus,75.88,1
CAND_1657,Michael Patel,Mobile Application Developer,10,0.8333,14,4,2,1.6,1,B.Tech / B.E / B.S,2,2,0,408,REST API; Dart; React Native; UI/UX; SQLite; Android; Java; Firebase; Swift; Flutter,Kotlin; Git,82.03,1
CAND_1658,Priya Taylor,Python / AI Engineer,7,0.5385,9,2,3,0.6,1,B.Tech / B.E / B.S,5,6,1,551,REST API; Scikit-Learn; FastAPI; PyTorch; Pandas; NumPy; Computer Vision,Python; TensorFlow; SQL; Docker; NLP; Git,59.18,1
CAND_1659,Priya Reddy,Fullstack Software Engineer,13,0.9286,14,0,2,1.5,1,B.Tech / B.E / B.S,2,1,0,463,JavaScript; Docker; PostgreSQL; Git; Spring Boot; CSS3; SQL; REST API; Java; HTML5; MongoDB; Node.js; TypeScript,React,62.69,1
CAND_1660,Aditi Nair,Frontend React Engineer,10,0.7692,17,1,0,1.1,0,Diploma / Associate,4,3,1,251,GraphQL; Webpack; TypeScript; Vite; Git; REST API; Tailwind CSS; CSS3; React; Next.js,JavaScript; HTML5; Redux,57.74,0
CAND_1661,Pooja Rao,Mobile Application Developer,6,0.5,14,2,2,2.6,0,Diploma / Associate,2,6,1,517,Firebase; Kotlin; React Native; Dart; SQLite; REST API,Flutter; Android; Swift; Java; Git; UI/UX,65.5,1
CAND_1662,Aarav Thomas,Frontend React Engineer,8,0.6154,10,1,1,0.7,2,M.Tech / M.S / Ph.D,2,5,1,306,React; Redux; Vite; Webpack; REST API; Git; HTML5; Next.js,JavaScript; TypeScript; CSS3; Tailwind CSS; GraphQL,52.3,0
CAND_1663,Ananya Gupta,Python / AI Engineer,8,0.6154,14,1,1,0.2,1,B.Tech / B.E / B.S,1,5,0,236,Computer Vision; FastAPI; REST API; SQL; Git; PyTorch; Pandas; NLP,Python; TensorFlow; Scikit-Learn; NumPy; Docker,51.79,0
CAND_1664,Aarav Singh,Python / AI Engineer,2,0.1538,4,3,0,0.8,1,B.Tech / B.E / B.S,4,11,1,341,Pandas; NLP,Python; PyTorch; TensorFlow; Scikit-Learn; NumPy; SQL; FastAPI; Docker; Computer Vision; REST API; Git,51.3,0
CAND_1665,Chloe Gupta,Fullstack Software Engineer,10,0.7143,12,2,1,1.3,1,B.Tech / B.E / B.S,3,4,0,335,TypeScript; CSS3; React; Git; Spring Boot; Docker; HTML5; SQL; MongoDB; Java,JavaScript; Node.js; PostgreSQL; REST API,60.21,1
CAND_1666,Maya Rao,Frontend React Engineer,10,0.7692,11,0,0,0.3,1,B.Tech / B.E / B.S,4,3,0,367,JavaScript; React; Git; Tailwind CSS; TypeScript; REST API; CSS3; Redux; HTML5; Webpack,Next.js; GraphQL; Vite,42.7,0
CAND_1667,Michael Anderson,Frontend React Engineer,9,0.6923,12,1,0,2.2,1,B.Tech / B.E / B.S,1,4,1,388,React; JavaScript; HTML5; CSS3; GraphQL; Tailwind CSS; Redux; Git; Next.js,TypeScript; REST API; Webpack; Vite,58.28,1
CAND_1668,Chloe Patel,Frontend React Engineer,6,0.4615,13,2,0,2.3,1,B.Tech / B.E / B.S,1,7,0,406,Redux; TypeScript; JavaScript; HTML5; CSS3; Tailwind CSS,React; Next.js; REST API; GraphQL; Webpack; Vite; Git,47.62,0
CAND_1669,Daniel Gupta,Mobile Application Developer,5,0.4167,7,2,4,11.6,1,B.Tech / B.E / B.S,3,7,1,370,Android; SQLite; Flutter; Dart; REST API,React Native; Kotlin; Swift; Java; Firebase; Git; UI/UX,62.11,1
CAND_1670,Elena Thomas,Mobile Application Developer,10,0.8333,17,2,3,0.4,0,Diploma / Associate,2,2,0,423,Kotlin; Java; SQLite; Swift; UI/UX; Firebase; Git; REST API; React Native; Flutter,Dart; Android,65.85,1
CAND_1671,Maya Anderson,Cloud & DevOps Engineer,4,0.3077,5,0,1,4.8,1,B.Tech / B.E / B.S,6,9,1,487,Ansible; Prometheus; Bash; GitHub Actions,Linux; Docker; Kubernetes; AWS; Terraform; CI/CD; Jenkins; Python; Git,45.76,0
CAND_1672,Elena Nair,Python / AI Engineer,6,0.4615,11,3,3,3.4,1,B.Tech / B.E / B.S,1,7,1,576,Scikit-Learn; REST API; Pandas; Git; Python; PyTorch,TensorFlow; NumPy; SQL; FastAPI; Docker; NLP; Computer Vision,76.07,1
CAND_1673,Aarav Taylor,Mobile Application Developer,6,0.5,13,1,0,2.8,1,B.Tech / B.E / B.S,2,6,1,192,Dart; Android; SQLite; Java; REST API; Flutter,React Native; Kotlin; Swift; Firebase; Git; UI/UX,60.22,1
CAND_1674,Alex Smith,Python / AI Engineer,5,0.3846,7,4,1,0.3,0,Diploma / Associate,5,8,0,605,Git; Computer Vision; Scikit-Learn; Python; REST API,PyTorch; TensorFlow; Pandas; NumPy; SQL; FastAPI; Docker; NLP,48.52,0
CAND_1675,Pooja Kumar,Fullstack Software Engineer,7,0.5,7,4,1,0.5,2,M.Tech / M.S / Ph.D,4,7,0,490,Java; CSS3; MongoDB; Docker; Spring Boot; React; JavaScript,TypeScript; Node.js; SQL; PostgreSQL; REST API; Git; HTML5,57.34,0
CAND_1676,Alex Chen,Cloud & DevOps Engineer,4,0.3077,6,0,1,0.6,1,B.Tech / B.E / B.S,3,9,1,379,Prometheus; Python; Git; Linux,Docker; Kubernetes; AWS; Terraform; CI/CD; Jenkins; GitHub Actions; Ansible; Bash,28.7,0
CAND_1677,Priya Gupta,Frontend React Engineer,9,0.6923,11,1,2,5.7,2,M.Tech / M.S / Ph.D,2,4,1,610,CSS3; Webpack; Redux; Vite; React; TypeScript; Next.js; JavaScript; Tailwind CSS,HTML5; REST API; GraphQL; Git,72.69,1
CAND_1678,Chloe Chen,Cloud & DevOps Engineer,8,0.6154,15,2,1,4.6,1,B.Tech / B.E / B.S,2,5,0,388,Git; Jenkins; Linux; Ansible; Terraform; CI/CD; Python; Prometheus,Docker; Kubernetes; AWS; GitHub Actions; Bash,69.51,1
CAND_1679,Aarav Gupta,Python / AI Engineer,12,0.9231,16,0,1,0.2,1,B.Tech / B.E / B.S,3,1,1,477,Computer Vision; NumPy; REST API; PyTorch; TensorFlow; Pandas; SQL; Python; Docker; Scikit-Learn; FastAPI; Git,NLP,58.74,1
CAND_1680,James Thomas,Cloud & DevOps Engineer,8,0.6154,9,3,1,5.8,1,B.Tech / B.E / B.S,4,5,1,502,Kubernetes; Python; Docker; Terraform; CI/CD; Linux; Git; AWS,Jenkins; GitHub Actions; Ansible; Bash; Prometheus,78.08,1
CAND_1681,Rohan Wilson,Backend Java Developer,5,0.3571,7,2,1,4.2,2,M.Tech / M.S / Ph.D,2,9,1,465,PostgreSQL; Hibernate; SQL; REST API; Redis,Java; Spring Boot; Microservices; MySQL; Kafka; Docker; AWS; Git; Maven,65.05,1
CAND_1682,Pooja Nair,Fullstack Software Engineer,3,0.2143,9,1,1,1.0,2,M.Tech / M.S / Ph.D,2,11,0,396,Spring Boot; HTML5; React,JavaScript; TypeScript; Node.js; Java; SQL; PostgreSQL; MongoDB; REST API; Git; Docker; CSS3,30.79,0
CAND_1683,Rahul Patel,Cloud & DevOps Engineer,8,0.6154,13,2,3,3.5,1,B.Tech / B.E / B.S,3,5,0,217,Ansible; Linux; GitHub Actions; Git; Kubernetes; AWS; Python; Bash,Docker; Terraform; CI/CD; Jenkins; Prometheus,67.04,1
CAND_1684,Daniel Rao,Frontend React Engineer,11,0.8462,16,3,1,2.2,0,Diploma / Associate,2,2,1,515,TypeScript; JavaScript; REST API; Git; Next.js; React; Webpack; Tailwind CSS; HTML5; Redux; CSS3,GraphQL; Vite,77.82,1
CAND_1685,Pooja Verma,Mobile Application Developer,7,0.5833,9,2,0,0.4,2,M.Tech / M.S / Ph.D,3,5,0,252,SQLite; Dart; Swift; Firebase; Flutter; REST API; Kotlin,React Native; Android; Java; Git; UI/UX,51.08,0
CAND_1686,Pooja Sharma,Python / AI Engineer,10,0.7692,12,3,0,3.8,2,M.Tech / M.S / Ph.D,1,3,1,484,Git; Pandas; Computer Vision; Scikit-Learn; NumPy; NLP; PyTorch; TensorFlow; Docker; REST API,Python; SQL; FastAPI,85.15,1
CAND_1687,Michael Reddy,Frontend React Engineer,3,0.2308,9,2,0,0.7,1,B.Tech / B.E / B.S,1,10,1,482,TypeScript; Git; HTML5,React; JavaScript; Next.js; CSS3; Tailwind CSS; Redux; REST API; GraphQL; Webpack; Vite,44.71,0
CAND_1688,Sneha Sharma,Python / AI Engineer,8,0.6154,10,0,0,0.6,1,B.Tech / B.E / B.S,2,5,1,522,Docker; Git; PyTorch; Scikit-Learn; REST API; NumPy; Pandas; TensorFlow,Python; SQL; FastAPI; NLP; Computer Vision,50.29,0
CAND_1689,Karthik Iyer,Mobile Application Developer,8,0.6667,11,2,2,3.1,1,B.Tech / B.E / B.S,2,4,1,402,Kotlin; SQLite; Android; React Native; Dart; REST API; UI/UX; Java,Flutter; Swift; Firebase; Git,73.72,1
CAND_1690,Chloe Taylor,Fullstack Software Engineer,2,0.1429,5,3,1,2.1,1,B.Tech / B.E / B.S,2,12,1,233,TypeScript; React,JavaScript; Node.js; Java; Spring Boot; SQL; PostgreSQL; MongoDB; REST API; Git; Docker; HTML5; CSS3,51.75,0
CAND_1691,Elena Verma,Fullstack Software Engineer,11,0.7857,14,3,0,0.0,2,M.Tech / M.S / Ph.D,3,3,1,484,SQL; React; JavaScript; CSS3; Git; TypeScript; PostgreSQL; Java; MongoDB; Spring Boot; REST API,Node.js; Docker; HTML5,69.69,1
CAND_1692,Rahul Miller,Fullstack Software Engineer,8,0.5714,11,2,0,0.2,1,B.Tech / B.E / B.S,2,6,0,189,HTML5; CSS3; PostgreSQL; REST API; TypeScript; JavaScript; Docker; React,Node.js; Java; Spring Boot; SQL; MongoDB; Git,49.01,0
CAND_1693,Michael Rao,Mobile Application Developer,9,0.75,11,2,3,3.3,2,M.Tech / M.S / Ph.D,2,3,0,543,Git; Firebase; UI/UX; Android; REST API; Dart; Kotlin; React Native; Swift,Flutter; Java; SQLite,76.68,1
CAND_1694,David Nair,Mobile Application Developer,4,0.3333,10,1,2,1.0,0,Diploma / Associate,2,8,1,309,Git; Swift; UI/UX; Firebase,Flutter; Dart; React Native; Android; Kotlin; Java; REST API; SQLite,46.93,0
CAND_1695,Elena Sharma,Fullstack Software Engineer,12,0.8571,16,1,2,3.2,1,B.Tech / B.E / B.S,1,2,1,212,PostgreSQL; JavaScript; Spring Boot; CSS3; Git; TypeScript; Java; SQL; MongoDB; REST API; HTML5; Docker,React; Node.js,71.35,1
CAND_1696,Sneha Johnson,Mobile Application Developer,6,0.5,8,2,3,2.0,1,B.Tech / B.E / B.S,3,6,0,424,Dart; Swift; REST API; UI/UX; Kotlin; Firebase,Flutter; React Native; Android; Java; SQLite; Git,50.6,0
CAND_1697,Michael Johnson,Python / AI Engineer,5,0.3846,8,1,0,7.7,1,B.Tech / B.E / B.S,5,8,1,274,SQL; Scikit-Learn; NLP; REST API; Docker,Python; PyTorch; TensorFlow; Pandas; NumPy; FastAPI; Computer Vision; Git,56.17,0
CAND_1698,Priya Wilson,Cloud & DevOps Engineer,7,0.5385,13,1,1,3.5,1,B.Tech / B.E / B.S,3,6,1,559,Docker; CI/CD; AWS; Python; Jenkins; Ansible; Terraform,Linux; Kubernetes; GitHub Actions; Bash; Prometheus; Git,58.93,1
CAND_1699,Alex Miller,Mobile Application Developer,9,0.75,10,3,2,0.6,1,B.Tech / B.E / B.S,3,3,1,482,Android; React Native; Dart; Firebase; SQLite; Kotlin; Java; UI/UX; Git,Flutter; Swift; REST API,77.84,1
CAND_1700,Chloe Reddy,Cloud & DevOps Engineer,10,0.7692,12,1,2,1.0,1,B.Tech / B.E / B.S,4,3,1,239,Kubernetes; Terraform; Jenkins; Docker; Python; Bash; Git; AWS; Linux; Prometheus,CI/CD; GitHub Actions; Ansible,61.4,1
CAND_1701,Rahul Iyer,Python / AI Engineer,9,0.6923,15,2,0,3.1,1,B.Tech / B.E / B.S,5,4,1,463,Git; Computer Vision; Python; TensorFlow; NLP; FastAPI; Pandas; Docker; Scikit-Learn,PyTorch; NumPy; SQL; REST API,73.55,1
CAND_1702,Maya Anderson,Cloud & DevOps Engineer,8,0.6154,11,3,1,1.2,1,B.Tech / B.E / B.S,6,5,1,510,AWS; Git; Bash; CI/CD; Terraform; Ansible; Prometheus; Python,Linux; Docker; Kubernetes; Jenkins; GitHub Actions,72.74,1
CAND_1703,Emily Patel,Python / AI Engineer,10,0.7692,13,3,2,1.4,1,B.Tech / B.E / B.S,2,3,0,437,Python; NLP; Docker; SQL; TensorFlow; Pandas; Git; Computer Vision; FastAPI; REST API,PyTorch; Scikit-Learn; NumPy,77.56,1
CAND_1704,Aarav Miller,Frontend React Engineer,2,0.1538,6,0,1,12.0,1,B.Tech / B.E / B.S,2,11,0,356,JavaScript; HTML5,React; TypeScript; Next.js; CSS3; Tailwind CSS; Redux; REST API; GraphQL; Webpack; Vite; Git,38.25,0
CAND_1705,Aarav Singh,Cloud & DevOps Engineer,7,0.5385,11,1,0,0.5,1,B.Tech / B.E / B.S,3,6,1,532,Prometheus; Python; Jenkins; CI/CD; Bash; Ansible; AWS,Linux; Docker; Kubernetes; Terraform; GitHub Actions; Git,53.67,0
CAND_1706,Sarah Miller,Backend Java Developer,8,0.5714,10,1,2,4.2,1,B.Tech / B.E / B.S,1,6,0,366,Docker; Microservices; Hibernate; Git; REST API; Redis; MySQL; AWS,Java; Spring Boot; SQL; PostgreSQL; Kafka; Maven,54.71,0
CAND_1707,Emily Brown,Backend Java Developer,7,0.5,8,5,1,1.7,1,B.Tech / B.E / B.S,4,7,0,287,SQL; Docker; Microservices; AWS; Java; Spring Boot; Kafka,REST API; PostgreSQL; MySQL; Hibernate; Redis; Git; Maven,67.17,1
CAND_1708,Vikram Wilson,Mobile Application Developer,4,0.3333,10,0,2,2.3,1,B.Tech / B.E / B.S,1,8,1,288,Java; React Native; Dart; Git,Flutter; Android; Kotlin; Swift; Firebase; REST API; SQLite; UI/UX,42.75,0
CAND_1709,Sarah Taylor,Mobile Application Developer,10,0.8333,14,1,0,1.2,2,M.Tech / M.S / Ph.D,2,2,1,444,SQLite; Java; UI/UX; React Native; Firebase; Kotlin; Android; Git; Swift; Dart,Flutter; REST API,63.82,1
CAND_1710,Emily Singh,Backend Java Developer,7,0.5,9,2,1,2.5,1,B.Tech / B.E / B.S,4,7,1,341,MySQL; Kafka; Java; Git; Hibernate; REST API; SQL,Spring Boot; Microservices; PostgreSQL; Redis; Docker; AWS; Maven,66.92,1
CAND_1711,Sarah Miller,Python / AI Engineer,8,0.6154,10,1,3,3.7,1,B.Tech / B.E / B.S,1,5,1,390,NumPy; Python; REST API; NLP; FastAPI; Git; Computer Vision; Pandas,PyTorch; TensorFlow; Scikit-Learn; SQL; Docker,63.7,1
CAND_1712,Elena Patel,Backend Java Developer,1,0.0714,6,3,3,2.8,2,M.Tech / M.S / Ph.D,3,13,1,336,AWS,Java; Spring Boot; Microservices; REST API; SQL; PostgreSQL; MySQL; Hibernate; Redis; Kafka; Docker; Git; Maven,54.11,0
CAND_1713,Daniel Kumar,Cloud & DevOps Engineer,13,1.0,18,4,2,4.9,1,B.Tech / B.E / B.S,1,0,1,471,Ansible; Docker; Git; Python; Prometheus; AWS; GitHub Actions; CI/CD; Linux; Kubernetes; Jenkins; Terraform; Bash,,97.11,1
CAND_1714,Chloe Sharma,Cloud & DevOps Engineer,5,0.3846,10,1,0,5.4,1,B.Tech / B.E / B.S,3,8,1,615,GitHub Actions; Ansible; Git; Python; CI/CD,Linux; Docker; Kubernetes; AWS; Terraform; Jenkins; Bash; Prometheus,54.4,0
CAND_1715,Sarah Smith,Frontend React Engineer,10,0.7692,16,1,0,2.6,2,M.Tech / M.S / Ph.D,2,3,1,379,HTML5; TypeScript; React; GraphQL; Git; REST API; Webpack; CSS3; Next.js; JavaScript,Tailwind CSS; Redux; Vite,63.52,1
CAND_1716,James Verma,Mobile Application Developer,6,0.5,11,2,0,4.0,1,B.Tech / B.E / B.S,2,6,1,354,Kotlin; SQLite; Flutter; UI/UX; Firebase; Git,Dart; React Native; Android; Swift; Java; REST API,64.32,1
CAND_1717,Vikram Davis,Fullstack Software Engineer,12,0.8571,17,2,3,2.2,1,B.Tech / B.E / B.S,3,2,1,589,CSS3; HTML5; Java; Docker; TypeScript; Git; MongoDB; SQL; REST API; React; PostgreSQL; Spring Boot,JavaScript; Node.js,82.77,1
CAND_1718,Priya Anderson,Mobile Application Developer,9,0.75,12,2,0,3.1,1,B.Tech / B.E / B.S,1,3,0,475,React Native; Git; Firebase; Swift; UI/UX; SQLite; REST API; Dart; Android,Flutter; Kotlin; Java,64.8,1
CAND_1719,Priya Davis,Fullstack Software Engineer,3,0.2143,6,0,1,2.7,0,Diploma / Associate,3,11,1,469,Spring Boot; JavaScript; TypeScript,React; Node.js; Java; SQL; PostgreSQL; MongoDB; REST API; Git; Docker; HTML5; CSS3,34.95,0
CAND_1720,Maya Iyer,Cloud & DevOps Engineer,7,0.5385,10,1,1,0.6,1,B.Tech / B.E / B.S,5,6,0,517,Git; Jenkins; Prometheus; AWS; GitHub Actions; Kubernetes; Docker,Linux; Terraform; CI/CD; Ansible; Python; Bash,53.68,0
CAND_1721,James Smith,Fullstack Software Engineer,4,0.2857,6,2,0,0.3,1,B.Tech / B.E / B.S,1,10,0,375,Git; Java; JavaScript; React,TypeScript; Node.js; Spring Boot; SQL; PostgreSQL; MongoDB; REST API; Docker; HTML5; CSS3,37.27,0
CAND_1722,Priya Taylor,Cloud & DevOps Engineer,5,0.3846,12,2,1,2.1,1,B.Tech / B.E / B.S,2,8,1,283,GitHub Actions; Terraform; Git; Ansible; AWS,Linux; Docker; Kubernetes; CI/CD; Jenkins; Python; Bash; Prometheus,55.56,0
CAND_1723,David Johnson,Cloud & DevOps Engineer,7,0.5385,10,3,0,9.1,1,B.Tech / B.E / B.S,2,6,1,473,Terraform; Kubernetes; Ansible; Jenkins; Linux; Git; Python,Docker; AWS; CI/CD; GitHub Actions; Bash; Prometheus,69.7,1
CAND_1724,Michael Johnson,Mobile Application Developer,5,0.4167,9,3,0,3.7,2,M.Tech / M.S / Ph.D,2,7,1,695,Swift; REST API; Flutter; Dart; UI/UX,React Native; Android; Kotlin; Java; Firebase; SQLite; Git,66.21,1
CAND_1725,Sarah Thomas,Mobile Application Developer,11,0.9167,11,1,2,7.2,1,B.Tech / B.E / B.S,3,1,1,294,Kotlin; Swift; UI/UX; SQLite; Dart; React Native; Git; REST API; Android; Firebase; Flutter,Java,80.84,1
CAND_1726,James Gupta,Python / AI Engineer,8,0.6154,8,2,0,1.0,1,B.Tech / B.E / B.S,2,5,1,531,NumPy; Computer Vision; TensorFlow; Git; Docker; Python; NLP; FastAPI,PyTorch; Scikit-Learn; Pandas; SQL; REST API,53.44,0
CAND_1727,Rohan Sharma,Cloud & DevOps Engineer,5,0.3846,9,1,3,4.7,1,B.Tech / B.E / B.S,3,8,1,528,Docker; Ansible; Git; GitHub Actions; CI/CD,Linux; Kubernetes; AWS; Terraform; Jenkins; Python; Bash; Prometheus,55.9,0
CAND_1728,Ananya Rao,Frontend React Engineer,1,0.0769,4,4,1,1.1,1,B.Tech / B.E / B.S,3,12,1,455,Next.js,React; JavaScript; TypeScript; HTML5; CSS3; Tailwind CSS; Redux; REST API; GraphQL; Webpack; Vite; Git,39.16,0
CAND_1729,Aditi Sharma,Python / AI Engineer,7,0.5385,10,3,1,0.5,1,B.Tech / B.E / B.S,4,6,1,308,PyTorch; Python; NLP; Scikit-Learn; Git; Docker; REST API,TensorFlow; Pandas; NumPy; SQL; FastAPI; Computer Vision,65.71,1
CAND_1730,Maya Iyer,Cloud & DevOps Engineer,8,0.6154,13,1,1,4.6,2,M.Tech / M.S / Ph.D,1,5,0,580,Bash; Git; Python; Kubernetes; Docker; Prometheus; GitHub Actions; Jenkins,Linux; AWS; Terraform; CI/CD; Ansible,70.96,1
CAND_1731,Michael Patel,Mobile Application Developer,6,0.5,11,2,0,1.6,2,M.Tech / M.S / Ph.D,2,6,1,407,Firebase; Kotlin; Java; Swift; Git; Dart,Flutter; React Native; Android; REST API; SQLite; UI/UX,61.45,1
CAND_1732,Rohan Kumar,Fullstack Software Engineer,12,0.8571,18,2,0,0.4,1,B.Tech / B.E / B.S,2,2,0,321,SQL; CSS3; Spring Boot; React; Java; REST API; TypeScript; Node.js; Git; HTML5; JavaScript; PostgreSQL,MongoDB; Docker,60.91,1
CAND_1733,David Nair,Mobile Application Developer,2,0.1667,6,3,4,4.9,1,B.Tech / B.E / B.S,6,10,1,373,Firebase; Dart,Flutter; React Native; Android; Kotlin; Swift; Java; REST API; SQLite; Git; UI/UX,57.76,0
CAND_1734,Vikram Miller,Cloud & DevOps Engineer,6,0.4615,11,0,0,2.9,1,B.Tech / B.E / B.S,3,7,1,394,AWS; Python; Bash; Docker; GitHub Actions; Terraform,Linux; Kubernetes; CI/CD; Jenkins; Ansible; Prometheus; Git,50.48,0
CAND_1735,Sneha Verma,Fullstack Software Engineer,8,0.5714,10,2,3,2.6,2,M.Tech / M.S / Ph.D,2,6,1,403,JavaScript; REST API; Docker; Java; PostgreSQL; React; HTML5; CSS3,TypeScript; Node.js; Spring Boot; SQL; MongoDB; Git,70.86,1
CAND_1736,Aarav Verma,Mobile Application Developer,6,0.5,12,5,1,4.4,2,M.Tech / M.S / Ph.D,3,6,1,359,Java; Kotlin; React Native; Swift; UI/UX; Git,Flutter; Dart; Android; Firebase; REST API; SQLite,74.88,1
CAND_1737,Aarav Davis,Mobile Application Developer,7,0.5833,8,3,1,1.3,1,B.Tech / B.E / B.S,4,5,1,467,Firebase; UI/UX; Java; SQLite; Dart; Kotlin; Git,Flutter; React Native; Android; Swift; REST API,69.85,1
CAND_1738,Aarav Johnson,Mobile Application Developer,4,0.3333,11,2,0,0.1,2,M.Tech / M.S / Ph.D,2,8,0,321,Firebase; Dart; SQLite; REST API,Flutter; React Native; Android; Kotlin; Swift; Java; Git; UI/UX,39.12,0
CAND_1739,Emily Chen,Mobile Application Developer,6,0.5,11,2,3,2.2,1,B.Tech / B.E / B.S,3,6,0,415,Kotlin; Java; Flutter; Dart; Swift; UI/UX,React Native; Android; Firebase; REST API; SQLite; Git,59.61,1
CAND_1740,Alex Patel,Cloud & DevOps Engineer,10,0.7692,10,2,3,2.6,1,B.Tech / B.E / B.S,2,3,1,370,Git; Terraform; Bash; AWS; Kubernetes; Linux; Python; CI/CD; Docker; Ansible,Jenkins; GitHub Actions; Prometheus,68.39,1
CAND_1741,David Reddy,Mobile Application Developer,7,0.5833,12,1,1,0.2,1,B.Tech / B.E / B.S,3,5,1,474,UI/UX; Swift; Firebase; Dart; SQLite; Git; REST API,Flutter; React Native; Android; Kotlin; Java,46.02,0
CAND_1742,Vikram Verma,Backend Java Developer,6,0.4286,7,1,1,2.7,1,B.Tech / B.E / B.S,3,8,1,269,Java; AWS; Kafka; REST API; Hibernate; MySQL,Spring Boot; Microservices; SQL; PostgreSQL; Redis; Docker; Git; Maven,58.66,1
CAND_1743,Rohan Miller,Mobile Application Developer,5,0.4167,10,0,0,0.6,0,Diploma / Associate,2,7,1,678,Kotlin; Firebase; REST API; Git; Flutter,Dart; React Native; Android; Swift; Java; SQLite; UI/UX,37.39,0
CAND_1744,Aditi Chen,Fullstack Software Engineer,5,0.3571,8,2,0,1.1,2,M.Tech / M.S / Ph.D,2,9,0,368,Spring Boot; HTML5; Docker; React; SQL,JavaScript; TypeScript; Node.js; Java; PostgreSQL; MongoDB; REST API; Git; CSS3,49.34,0
CAND_1745,Sneha Gupta,Mobile Application Developer,10,0.8333,11,2,2,0.6,2,M.Tech / M.S / Ph.D,5,2,0,373,Git; REST API; Firebase; UI/UX; React Native; Swift; Kotlin; Dart; Flutter; Android,Java; SQLite,74.15,1
CAND_1746,Vikram Wilson,Mobile Application Developer,8,0.6667,12,2,1,3.8,1,B.Tech / B.E / B.S,4,4,0,396,Flutter; Firebase; SQLite; UI/UX; Android; Swift; Java; Dart,React Native; Kotlin; REST API; Git,71.73,1
CAND_1747,Aarav Nair,Mobile Application Developer,5,0.4167,6,2,0,2.4,2,M.Tech / M.S / Ph.D,2,7,1,404,Flutter; Kotlin; Dart; Firebase; React Native,Android; Swift; Java; REST API; SQLite; Git; UI/UX,58.71,1
CAND_1748,James Patel,Fullstack Software Engineer,11,0.7857,12,2,2,0.1,1,B.Tech / B.E / B.S,5,3,1,536,JavaScript; PostgreSQL; REST API; Docker; Node.js; CSS3; Git; HTML5; TypeScript; SQL; Spring Boot,React; Java; MongoDB,73.4,1
CAND_1749,Sneha Anderson,Python / AI Engineer,2,0.1538,6,1,0,0.2,1,B.Tech / B.E / B.S,1,11,1,329,TensorFlow; NumPy,Python; PyTorch; Scikit-Learn; Pandas; SQL; FastAPI; Docker; NLP; Computer Vision; REST API; Git,30.4,0
CAND_1750,Rahul Verma,Python / AI Engineer,7,0.5385,7,3,3,4.4,1,B.Tech / B.E / B.S,2,6,1,592,TensorFlow; NumPy; PyTorch; Computer Vision; Pandas; Git; SQL,Python; Scikit-Learn; FastAPI; Docker; NLP; REST API,76.44,1
CAND_1751,Sarah Nair,Mobile Application Developer,11,0.9167,14,1,1,6.9,2,M.Tech / M.S / Ph.D,2,1,1,441,Swift; REST API; React Native; Firebase; Android; Kotlin; Flutter; Dart; UI/UX; SQLite; Java,Git,75.07,1
CAND_1752,Priya Sharma,Cloud & DevOps Engineer,10,0.7692,14,2,0,1.7,2,M.Tech / M.S / Ph.D,3,3,0,505,Docker; Linux; Prometheus; Kubernetes; Git; Terraform; AWS; CI/CD; Jenkins; Ansible,GitHub Actions; Python; Bash,68.02,1
CAND_1753,Rahul Iyer,Mobile Application Developer,5,0.4167,8,1,1,4.8,1,B.Tech / B.E / B.S,3,7,1,248,Kotlin; REST API; Firebase; Java; Android,Flutter; Dart; React Native; Swift; SQLite; Git; UI/UX,62.88,1
CAND_1754,Priya Thomas,Mobile Application Developer,5,0.4167,8,2,2,1.2,1,B.Tech / B.E / B.S,4,7,1,241,Flutter; SQLite; React Native; Firebase; Dart,Android; Kotlin; Swift; Java; REST API; Git; UI/UX,53.11,0
CAND_1755,Pooja Smith,Cloud & DevOps Engineer,11,0.8462,14,4,0,4.5,1,B.Tech / B.E / B.S,1,2,0,377,Linux; Ansible; AWS; Bash; Docker; Prometheus; Terraform; Kubernetes; Jenkins; GitHub Actions; Python,CI/CD; Git,86.13,1
CAND_1756,Rahul Kumar,Fullstack Software Engineer,10,0.7143,13,3,1,4.2,1,B.Tech / B.E / B.S,1,4,1,672,Node.js; JavaScript; TypeScript; Git; PostgreSQL; REST API; Docker; HTML5; Spring Boot; React,Java; SQL; MongoDB; CSS3,76.26,1
CAND_1757,Aditi Smith,Frontend React Engineer,8,0.6154,12,1,1,0.4,0,Diploma / Associate,2,5,1,441,Next.js; Tailwind CSS; HTML5; CSS3; Redux; React; REST API; GraphQL,JavaScript; TypeScript; Webpack; Vite; Git,47.04,0
CAND_1758,Aditi Miller,Backend Java Developer,6,0.4286,9,2,1,4.7,1,B.Tech / B.E / B.S,4,8,1,331,Microservices; Git; Java; Hibernate; Redis; Spring Boot,REST API; SQL; PostgreSQL; MySQL; Kafka; Docker; AWS; Maven,64.46,1
CAND_1759,Rohan Singh,Mobile Application Developer,8,0.6667,12,1,3,0.8,1,B.Tech / B.E / B.S,2,4,0,544,Firebase; SQLite; Git; Swift; Java; Dart; REST API; React Native,Flutter; Android; Kotlin; UI/UX,51.4,0
CAND_1760,Ananya Reddy,Frontend React Engineer,4,0.3077,10,1,2,2.0,2,M.Tech / M.S / Ph.D,2,9,1,366,Next.js; JavaScript; Git; Tailwind CSS,React; TypeScript; HTML5; CSS3; Redux; REST API; GraphQL; Webpack; Vite,45.31,0
CAND_1761,Rahul Johnson,Backend Java Developer,6,0.4286,9,2,0,0.9,1,B.Tech / B.E / B.S,1,8,1,344,Spring Boot; Hibernate; Kafka; Git; Java; MySQL,Microservices; REST API; SQL; PostgreSQL; Redis; Docker; AWS; Maven,55.15,0
CAND_1762,Vikram Gupta,Python / AI Engineer,6,0.4615,10,1,0,4.3,1,B.Tech / B.E / B.S,2,7,1,326,FastAPI; TensorFlow; SQL; NumPy; REST API; Git,Python; PyTorch; Scikit-Learn; Pandas; Docker; NLP; Computer Vision,60.14,1
CAND_1763,Rahul Smith,Frontend React Engineer,11,0.8462,12,1,3,1.8,1,B.Tech / B.E / B.S,2,2,1,494,Next.js; CSS3; TypeScript; React; GraphQL; HTML5; JavaScript; REST API; Git; Redux; Tailwind CSS,Webpack; Vite,70.26,1
CAND_1764,Priya Chen,Backend Java Developer,7,0.5,10,2,0,0.3,2,M.Tech / M.S / Ph.D,3,7,0,361,SQL; Kafka; Microservices; Docker; Git; AWS; REST API,Java; Spring Boot; PostgreSQL; MySQL; Hibernate; Redis; Maven,52.73,0
CAND_1765,Rohan Brown,Python / AI Engineer,4,0.3077,7,2,2,4.0,1,B.Tech / B.E / B.S,2,9,0,495,FastAPI; Scikit-Learn; NLP; Git,Python; PyTorch; TensorFlow; Pandas; NumPy; SQL; Docker; Computer Vision; REST API,50.09,0
CAND_1766,Michael Kumar,Fullstack Software Engineer,6,0.4286,10,2,0,3.1,1,B.Tech / B.E / B.S,3,8,1,549,Docker; SQL; CSS3; Node.js; Git; Spring Boot,React; JavaScript; TypeScript; Java; PostgreSQL; MongoDB; REST API; HTML5,54.54,0
CAND_1767,Sarah Anderson,Backend Java Developer,1,0.0714,5,4,1,1.7,1,B.Tech / B.E / B.S,2,13,1,422,Kafka,Java; Spring Boot; Microservices; REST API; SQL; PostgreSQL; MySQL; Hibernate; Redis; Docker; AWS; Git; Maven,44.77,0
CAND_1768,Vikram Anderson,Fullstack Software Engineer,11,0.7857,13,1,0,1.2,2,M.Tech / M.S / Ph.D,4,3,1,564,SQL; React; HTML5; PostgreSQL; MongoDB; Docker; CSS3; Java; Node.js; Spring Boot; REST API,JavaScript; TypeScript; Git,57.94,0
CAND_1769,Michael Wilson,Backend Java Developer,11,0.7857,14,2,1,4.8,1,B.Tech / B.E / B.S,1,3,1,367,Spring Boot; Redis; Java; MySQL; REST API; Microservices; PostgreSQL; Git; Maven; AWS; SQL,Hibernate; Kafka; Docker,79.29,1
CAND_1770,Elena Rao,Backend Java Developer,7,0.5,11,2,0,4.9,2,M.Tech / M.S / Ph.D,2,7,1,464,AWS; Hibernate; Kafka; Maven; Java; Git; Redis,Spring Boot; Microservices; REST API; SQL; PostgreSQL; MySQL; Docker,62.77,1
CAND_1771,Vikram Johnson,Backend Java Developer,8,0.5714,14,2,1,2.3,1,B.Tech / B.E / B.S,3,6,1,646,Git; PostgreSQL; Docker; Hibernate; Java; Spring Boot; MySQL; Maven,Microservices; REST API; SQL; Redis; Kafka; AWS,71.78,1
CAND_1772,Alex Davis,Fullstack Software Engineer,7,0.5,9,2,1,1.4,2,M.Tech / M.S / Ph.D,2,7,1,391,Java; SQL; CSS3; REST API; MongoDB; Node.js; JavaScript,React; TypeScript; Spring Boot; PostgreSQL; Git; Docker; HTML5,57.43,0
CAND_1773,Maya Chen,Mobile Application Developer,5,0.4167,12,2,4,0.8,1,B.Tech / B.E / B.S,2,7,1,349,Flutter; REST API; Swift; UI/UX; Dart,React Native; Android; Kotlin; Java; Firebase; SQLite; Git,57.09,0
CAND_1774,David Smith,Cloud & DevOps Engineer,5,0.3846,6,4,1,3.0,1,B.Tech / B.E / B.S,2,8,1,246,Python; Linux; CI/CD; Bash; Kubernetes,Docker; AWS; Terraform; Jenkins; GitHub Actions; Ansible; Prometheus; Git,64.26,1
CAND_1775,Chloe Patel,Python / AI Engineer,5,0.3846,7,3,0,0.2,1,B.Tech / B.E / B.S,3,8,1,363,REST API; Scikit-Learn; TensorFlow; NumPy; Git,Python; PyTorch; Pandas; SQL; FastAPI; Docker; NLP; Computer Vision,54.76,0
CAND_1776,Chloe Reddy,Mobile Application Developer,8,0.6667,13,4,0,0.2,1,B.Tech / B.E / B.S,3,4,1,547,Firebase; SQLite; Android; Git; Swift; React Native; Java; Kotlin,Flutter; Dart; REST API; UI/UX,71.28,1
CAND_1777,Sarah Kumar,Fullstack Software Engineer,7,0.5,10,2,0,1.4,0,Diploma / Associate,5,7,0,324,JavaScript; Spring Boot; HTML5; PostgreSQL; Git; MongoDB; CSS3,React; TypeScript; Node.js; Java; SQL; REST API; Docker,51.3,0
CAND_1778,Elena Miller,Mobile Application Developer,8,0.6667,18,2,0,0.7,1,B.Tech / B.E / B.S,3,4,1,515,REST API; Kotlin; Firebase; Swift; Dart; SQLite; Android; Flutter,React Native; Java; Git; UI/UX,67.04,1
CAND_1779,Rohan Johnson,Backend Java Developer,8,0.5714,15,4,1,3.5,1,B.Tech / B.E / B.S,2,6,1,345,SQL; Spring Boot; Git; Microservices; Maven; AWS; Docker; REST API,Java; PostgreSQL; MySQL; Hibernate; Redis; Kafka,76.69,1
CAND_1780,Vikram Gupta,Python / AI Engineer,6,0.4615,9,1,0,8.0,1,B.Tech / B.E / B.S,3,7,1,331,Computer Vision; Python; Pandas; SQL; Docker; TensorFlow,PyTorch; Scikit-Learn; NumPy; FastAPI; NLP; REST API; Git,55.89,0
CAND_1781,Elena Smith,Cloud & DevOps Engineer,8,0.6154,16,2,0,0.4,1,B.Tech / B.E / B.S,1,5,0,610,GitHub Actions; Prometheus; Bash; Linux; Terraform; AWS; Python; Jenkins,Docker; Kubernetes; CI/CD; Ansible; Git,45.2,0
CAND_1782,Ananya Davis,Mobile Application Developer,7,0.5833,10,2,0,0.8,1,B.Tech / B.E / B.S,4,5,0,537,Swift; Java; SQLite; UI/UX; REST API; Android; Kotlin,Flutter; Dart; React Native; Firebase; Git,56.83,0
CAND_1783,Daniel Miller,Cloud & DevOps Engineer,11,0.8462,15,2,0,2.5,2,M.Tech / M.S / Ph.D,2,2,1,337,GitHub Actions; Terraform; Python; Kubernetes; Prometheus; Bash; Jenkins; Git; Docker; AWS; Ansible,Linux; CI/CD,80.29,1
CAND_1784,Pooja Verma,Backend Java Developer,9,0.6429,13,4,1,2.6,1,B.Tech / B.E / B.S,1,5,0,380,PostgreSQL; SQL; Hibernate; Microservices; Kafka; Docker; Git; Spring Boot; MySQL,Java; REST API; Redis; AWS; Maven,67.75,1
CAND_1785,Vikram Nair,Backend Java Developer,6,0.4286,8,3,0,4.2,1,B.Tech / B.E / B.S,3,8,0,603,Spring Boot; Java; PostgreSQL; Kafka; Microservices; Hibernate,REST API; SQL; MySQL; Redis; Docker; AWS; Git; Maven,63.8,1
CAND_1786,Karthik Smith,Backend Java Developer,7,0.5,8,1,0,1.8,1,B.Tech / B.E / B.S,1,7,1,455,REST API; Redis; AWS; Java; PostgreSQL; Kafka; Microservices,Spring Boot; SQL; MySQL; Hibernate; Docker; Git; Maven,51.97,0
CAND_1787,Emily Taylor,Python / AI Engineer,9,0.6923,13,3,0,0.7,1,B.Tech / B.E / B.S,2,4,1,541,TensorFlow; Docker; Pandas; PyTorch; Python; SQL; Scikit-Learn; NLP; FastAPI,NumPy; Computer Vision; REST API; Git,61.13,1
CAND_1788,Alex Iyer,Fullstack Software Engineer,6,0.4286,10,3,1,7.3,2,M.Tech / M.S / Ph.D,3,8,1,443,Docker; MongoDB; HTML5; Spring Boot; Java; PostgreSQL,React; JavaScript; TypeScript; Node.js; SQL; REST API; Git; CSS3,67.54,1
CAND_1789,Pooja Anderson,Mobile Application Developer,7,0.5833,9,1,0,4.1,1,B.Tech / B.E / B.S,2,5,0,350,React Native; SQLite; Firebase; Swift; Dart; REST API; Android,Flutter; Kotlin; Java; Git; UI/UX,55.07,0
CAND_1790,Aditi Iyer,Mobile Application Developer,3,0.25,8,1,1,1.5,1,B.Tech / B.E / B.S,4,9,1,422,REST API; Dart; Kotlin,Flutter; React Native; Android; Swift; Java; Firebase; SQLite; Git; UI/UX,51.75,0
CAND_1791,Aarav Johnson,Python / AI Engineer,6,0.4615,8,4,0,3.8,1,B.Tech / B.E / B.S,2,7,1,223,Scikit-Learn; FastAPI; NumPy; PyTorch; Computer Vision; Python,TensorFlow; Pandas; SQL; Docker; NLP; REST API; Git,70.71,1
CAND_1792,Maya Gupta,Python / AI Engineer,10,0.7692,14,1,0,0.4,1,B.Tech / B.E / B.S,1,3,1,354,Docker; Scikit-Learn; Pandas; REST API; Python; PyTorch; Computer Vision; NLP; Git; NumPy,TensorFlow; SQL; FastAPI,56.92,0
CAND_1793,Rahul Wilson,Frontend React Engineer,11,0.8462,19,3,2,7.3,1,B.Tech / B.E / B.S,3,2,1,276,GraphQL; Git; REST API; React; CSS3; Tailwind CSS; JavaScript; Webpack; Next.js; TypeScript; Redux,HTML5; Vite,92.19,1
CAND_1794,Emily Sharma,Frontend React Engineer,9,0.6923,11,2,0,3.5,2,M.Tech / M.S / Ph.D,2,4,1,599,CSS3; Git; HTML5; Redux; REST API; JavaScript; GraphQL; Vite; Next.js,React; TypeScript; Tailwind CSS; Webpack,72.97,1
CAND_1795,Sarah Taylor,Frontend React Engineer,8,0.6154,17,2,2,0.8,1,B.Tech / B.E / B.S,2,5,0,285,TypeScript; Vite; Tailwind CSS; Webpack; Git; JavaScript; Redux; GraphQL,React; Next.js; HTML5; CSS3; REST API,61.47,1
CAND_1796,Pooja Wilson,Python / AI Engineer,2,0.1538,4,3,0,2.3,1,B.Tech / B.E / B.S,3,11,0,343,NumPy; PyTorch,Python; TensorFlow; Scikit-Learn; Pandas; SQL; FastAPI; Docker; NLP; Computer Vision; REST API; Git,44.84,0
CAND_1797,James Johnson,Fullstack Software Engineer,2,0.1429,6,0,1,1.8,1,B.Tech / B.E / B.S,3,12,1,545,React; SQL,JavaScript; TypeScript; Node.js; Java; Spring Boot; PostgreSQL; MongoDB; REST API; Git; Docker; HTML5; CSS3,19.14,0
CAND_1798,Karthik Brown,Backend Java Developer,8,0.5714,12,3,2,4.7,1,B.Tech / B.E / B.S,4,6,1,380,Redis; Hibernate; AWS; Kafka; Microservices; REST API; Docker; MySQL,Java; Spring Boot; SQL; PostgreSQL; Git; Maven,80.62,1
CAND_1799,David Rao,Python / AI Engineer,7,0.5385,8,3,3,4.6,1,B.Tech / B.E / B.S,3,6,1,305,FastAPI; Python; Pandas; NLP; Computer Vision; Git; Docker,PyTorch; TensorFlow; Scikit-Learn; NumPy; SQL; REST API,74.49,1
CAND_1800,Michael Singh,Fullstack Software Engineer,8,0.5714,13,0,1,3.7,1,B.Tech / B.E / B.S,1,6,1,513,HTML5; React; TypeScript; Java; Git; PostgreSQL; JavaScript; Spring Boot,Node.js; SQL; MongoDB; REST API; Docker; CSS3,58.04,1
CAND_1801,Pooja Brown,Backend Java Developer,7,0.5,13,0,3,0.7,2,M.Tech / M.S / Ph.D,2,7,1,411,Hibernate; AWS; Docker; REST API; Java; Spring Boot; SQL,Microservices; PostgreSQL; MySQL; Redis; Kafka; Git; Maven,47.45,0
CAND_1802,Elena Patel,Python / AI Engineer,3,0.2308,6,0,0,0.2,1,B.Tech / B.E / B.S,2,10,0,451,REST API; NumPy; NLP,Python; PyTorch; TensorFlow; Scikit-Learn; Pandas; SQL; FastAPI; Docker; Computer Vision; Git,18.68,0
CAND_1803,Elena Anderson,Cloud & DevOps Engineer,6,0.4615,9,0,2,1.2,2,M.Tech / M.S / Ph.D,1,7,0,366,Terraform; Bash; Prometheus; GitHub Actions; Docker; CI/CD,Linux; Kubernetes; AWS; Jenkins; Ansible; Python; Git,43.14,0
CAND_1804,Daniel Anderson,Fullstack Software Engineer,8,0.5714,9,2,2,1.4,2,M.Tech / M.S / Ph.D,3,6,1,475,CSS3; Java; TypeScript; REST API; React; Docker; Spring Boot; Node.js,JavaScript; SQL; PostgreSQL; MongoDB; Git; HTML5,64.61,1
CAND_1805,Vikram Smith,Backend Java Developer,12,0.8571,14,2,2,1.9,2,M.Tech / M.S / Ph.D,3,2,0,388,Java; SQL; PostgreSQL; MySQL; AWS; Maven; Git; Microservices; Hibernate; Redis; Spring Boot; Docker,REST API; Kafka,74.1,1
CAND_1806,Priya Reddy,Python / AI Engineer,11,0.8462,11,1,0,3.3,1,B.Tech / B.E / B.S,4,2,1,506,Git; TensorFlow; Docker; NumPy; NLP; Pandas; REST API; Computer Vision; SQL; Python; FastAPI,PyTorch; Scikit-Learn,80.1,1
CAND_1807,James Smith,Backend Java Developer,9,0.6429,12,1,0,0.6,1,B.Tech / B.E / B.S,3,5,1,446,Java; Microservices; Redis; SQL; PostgreSQL; Hibernate; MySQL; Git; Spring Boot,REST API; Kafka; Docker; AWS; Maven,57.5,0
CAND_1808,Sneha Gupta,Backend Java Developer,9,0.6429,14,1,0,0.3,1,B.Tech / B.E / B.S,2,5,0,398,Redis; REST API; Git; Maven; Kafka; Docker; Spring Boot; AWS; MySQL,Java; Microservices; SQL; PostgreSQL; Hibernate,48.92,0
CAND_1809,Rohan Reddy,Backend Java Developer,13,0.9286,16,1,0,0.5,1,B.Tech / B.E / B.S,1,1,1,367,Java; Hibernate; PostgreSQL; SQL; AWS; Microservices; Git; Docker; MySQL; Redis; Spring Boot; Kafka; REST API,Maven,63.0,1
CAND_1810,Aarav Reddy,Backend Java Developer,3,0.2143,9,2,4,3.2,2,M.Tech / M.S / Ph.D,3,11,0,415,Microservices; AWS; Maven,Java; Spring Boot; REST API; SQL; PostgreSQL; MySQL; Hibernate; Redis; Kafka; Docker; Git,55.26,0
CAND_1811,Ananya Rao,Backend Java Developer,8,0.5714,10,1,0,3.9,2,M.Tech / M.S / Ph.D,4,6,0,520,REST API; Microservices; Spring Boot; MySQL; AWS; Kafka; Java; Docker,SQL; PostgreSQL; Hibernate; Redis; Git; Maven,55.72,0
CAND_1812,Elena Brown,Fullstack Software Engineer,4,0.2857,5,3,0,0.1,1,B.Tech / B.E / B.S,1,10,0,674,Node.js; JavaScript; React; Git,TypeScript; Java; Spring Boot; SQL; PostgreSQL; MongoDB; REST API; Docker; HTML5; CSS3,37.18,0
CAND_1813,Daniel Anderson,Fullstack Software Engineer,5,0.3571,10,3,1,7.7,1,B.Tech / B.E / B.S,5,9,1,469,PostgreSQL; JavaScript; Java; React; HTML5,TypeScript; Node.js; Spring Boot; SQL; MongoDB; REST API; Git; Docker; CSS3,66.62,1
CAND_1814,Pooja Sharma,Fullstack Software Engineer,6,0.4286,10,3,3,1.0,1,B.Tech / B.E / B.S,2,8,0,528,HTML5; JavaScript; REST API; Node.js; Docker; Git,React; TypeScript; Java; Spring Boot; SQL; PostgreSQL; MongoDB; CSS3,52.13,0
CAND_1815,Priya Smith,Fullstack Software Engineer,4,0.2857,10,2,4,1.0,1,B.Tech / B.E / B.S,2,10,1,391,JavaScript; TypeScript; Docker; Java,React; Node.js; Spring Boot; SQL; PostgreSQL; MongoDB; REST API; Git; HTML5; CSS3,52.31,0
CAND_1816,James Smith,Frontend React Engineer,10,0.7692,15,4,4,0.2,2,M.Tech / M.S / Ph.D,2,3,1,506,TypeScript; REST API; GraphQL; Next.js; Vite; JavaScript; React; HTML5; Tailwind CSS; Redux,CSS3; Webpack; Git,75.51,1
CAND_1817,Rahul Rao,Backend Java Developer,6,0.4286,7,0,2,0.5,1,B.Tech / B.E / B.S,4,8,0,423,Git; Redis; Java; Spring Boot; REST API; Maven,Microservices; SQL; PostgreSQL; MySQL; Hibernate; Kafka; Docker; AWS,33.3,0
CAND_1818,Elena Smith,Mobile Application Developer,12,1.0,15,0,1,4.8,1,B.Tech / B.E / B.S,5,0,0,342,SQLite; React Native; Firebase; Dart; Git; Java; UI/UX; Android; Kotlin; Flutter; Swift; REST API,,74.47,1
CAND_1819,Sneha Chen,Fullstack Software Engineer,7,0.5,13,2,0,1.0,2,M.Tech / M.S / Ph.D,2,7,1,278,PostgreSQL; JavaScript; MongoDB; TypeScript; CSS3; Spring Boot; Java,React; Node.js; SQL; REST API; Git; Docker; HTML5,63.55,1
CAND_1820,Chloe Verma,Fullstack Software Engineer,11,0.7857,14,1,0,1.0,1,B.Tech / B.E / B.S,3,3,1,485,Spring Boot; PostgreSQL; JavaScript; SQL; Java; HTML5; REST API; CSS3; Node.js; Docker; Git,React; TypeScript; MongoDB,58.07,1
CAND_1821,Pooja Brown,Backend Java Developer,8,0.5714,12,3,0,1.4,2,M.Tech / M.S / Ph.D,2,6,1,468,Maven; Spring Boot; Hibernate; Docker; PostgreSQL; Microservices; Java; Kafka,REST API; SQL; MySQL; Redis; AWS; Git,67.01,1
CAND_1822,Elena Reddy,Cloud & DevOps Engineer,9,0.6923,13,1,1,0.1,1,B.Tech / B.E / B.S,2,4,0,496,GitHub Actions; Ansible; Bash; Docker; Python; Kubernetes; AWS; Jenkins; Terraform,Linux; CI/CD; Prometheus; Git,52.13,0
CAND_1823,Sneha Nair,Fullstack Software Engineer,3,0.2143,9,1,0,3.2,2,M.Tech / M.S / Ph.D,3,11,0,562,Spring Boot; Node.js; CSS3,React; JavaScript; TypeScript; Java; SQL; PostgreSQL; MongoDB; REST API; Git; Docker; HTML5,47.61,0
CAND_1824,Rahul Thomas,Cloud & DevOps Engineer,6,0.4615,11,4,0,1.0,2,M.Tech / M.S / Ph.D,2,7,1,520,Docker; AWS; Jenkins; GitHub Actions; Terraform; Ansible,Linux; Kubernetes; CI/CD; Python; Bash; Prometheus; Git,57.7,0
CAND_1825,David Smith,Cloud & DevOps Engineer,6,0.4615,9,3,1,1.7,1,B.Tech / B.E / B.S,3,7,1,482,Bash; Python; Jenkins; GitHub Actions; Ansible; Terraform,Linux; Docker; Kubernetes; AWS; CI/CD; Prometheus; Git,62.56,1
CAND_1826,Vikram Taylor,Fullstack Software Engineer,7,0.5,11,3,1,2.5,1,B.Tech / B.E / B.S,6,7,0,465,JavaScript; Java; PostgreSQL; Docker; Node.js; TypeScript; React,Spring Boot; SQL; MongoDB; REST API; Git; HTML5; CSS3,63.76,1
CAND_1827,Sneha Verma,Fullstack Software Engineer,9,0.6429,14,3,0,0.1,1,B.Tech / B.E / B.S,3,5,1,297,PostgreSQL; Git; React; TypeScript; SQL; Spring Boot; HTML5; CSS3; Java,JavaScript; Node.js; MongoDB; REST API; Docker,67.01,1
CAND_1828,Maya Reddy,Fullstack Software Engineer,11,0.7857,15,3,0,3.6,1,B.Tech / B.E / B.S,2,3,1,456,Git; HTML5; MongoDB; PostgreSQL; CSS3; Node.js; Java; Spring Boot; Docker; SQL; TypeScript,React; JavaScript; REST API,83.92,1
CAND_1829,Chloe Chen,Python / AI Engineer,4,0.3077,9,2,0,1.8,1,B.Tech / B.E / B.S,3,9,1,388,Docker; Python; REST API; SQL,PyTorch; TensorFlow; Scikit-Learn; Pandas; NumPy; FastAPI; NLP; Computer Vision; Git,48.13,0
CAND_1830,Sneha Johnson,Cloud & DevOps Engineer,5,0.3846,12,1,1,1.7,0,Diploma / Associate,1,8,0,339,CI/CD; Jenkins; GitHub Actions; Bash; Linux,Docker; Kubernetes; AWS; Terraform; Ansible; Python; Prometheus; Git,38.42,0
CAND_1831,Aditi Nair,Python / AI Engineer,6,0.4615,8,2,0,10.5,1,B.Tech / B.E / B.S,2,7,1,463,Computer Vision; Pandas; TensorFlow; FastAPI; SQL; Git,Python; PyTorch; Scikit-Learn; NumPy; Docker; NLP; REST API,52.19,0
CAND_1832,Pooja Johnson,Cloud & DevOps Engineer,5,0.3846,5,2,2,0.0,1,B.Tech / B.E / B.S,5,8,1,460,Git; Docker; Python; GitHub Actions; Ansible,Linux; Kubernetes; AWS; Terraform; CI/CD; Jenkins; Bash; Prometheus,52.67,0
CAND_1833,Chloe Anderson,Cloud & DevOps Engineer,7,0.5385,10,2,2,5.0,2,M.Tech / M.S / Ph.D,4,6,1,540,GitHub Actions; Ansible; Kubernetes; Prometheus; Linux; Jenkins; Bash,Docker; AWS; Terraform; CI/CD; Python; Git,79.17,1
CAND_1834,Elena Anderson,Cloud & DevOps Engineer,9,0.6923,13,3,0,0.5,1,B.Tech / B.E / B.S,3,4,0,428,Python; Bash; CI/CD; Terraform; Prometheus; Linux; GitHub Actions; Git; Jenkins,Docker; Kubernetes; AWS; Ansible,58.72,1
CAND_1835,Vikram Smith,Frontend React Engineer,8,0.6154,11,2,0,1.6,1,B.Tech / B.E / B.S,1,5,1,234,Git; Vite; GraphQL; React; CSS3; Tailwind CSS; Webpack; Next.js,JavaScript; TypeScript; HTML5; Redux; REST API,57.88,0
CAND_1836,Emily Smith,Cloud & DevOps Engineer,1,0.0769,7,2,2,0.4,1,B.Tech / B.E / B.S,2,12,1,428,CI/CD,Linux; Docker; Kubernetes; AWS; Terraform; Jenkins; GitHub Actions; Ansible; Python; Bash; Prometheus; Git,38.1,0
CAND_1837,Aditi Singh,Backend Java Developer,5,0.3571,10,2,2,1.5,1,B.Tech / B.E / B.S,3,9,0,554,REST API; Docker; SQL; Kafka; Spring Boot,Java; Microservices; PostgreSQL; MySQL; Hibernate; Redis; AWS; Git; Maven,52.28,0
CAND_1838,Rohan Rao,Fullstack Software Engineer,1,0.0714,4,1,0,1.1,1,B.Tech / B.E / B.S,3,13,1,519,Spring Boot,React; JavaScript; TypeScript; Node.js; Java; SQL; PostgreSQL; MongoDB; REST API; Git; Docker; HTML5; CSS3,26.17,0
CAND_1839,Priya Sharma,Python / AI Engineer,10,0.7692,14,1,2,0.2,0,Diploma / Associate,3,3,1,417,NumPy; Python; FastAPI; SQL; Docker; NLP; TensorFlow; REST API; Scikit-Learn; Git,PyTorch; Pandas; Computer Vision,60.68,1
CAND_1840,Alex Johnson,Python / AI Engineer,7,0.5385,11,0,0,1.7,1,B.Tech / B.E / B.S,3,6,1,450,SQL; NumPy; NLP; PyTorch; FastAPI; Computer Vision; REST API,Python; TensorFlow; Scikit-Learn; Pandas; Docker; Git,45.93,0
CAND_1841,Rahul Chen,Cloud & DevOps Engineer,11,0.8462,17,1,0,0.3,1,B.Tech / B.E / B.S,3,2,1,483,Ansible; Bash; CI/CD; Kubernetes; Terraform; Prometheus; AWS; Docker; Jenkins; Linux; Python,GitHub Actions; Git,64.32,1
CAND_1842,Rahul Rao,Frontend React Engineer,11,0.8462,13,5,0,1.3,1,B.Tech / B.E / B.S,2,2,1,464,React; HTML5; GraphQL; Tailwind CSS; Next.js; JavaScript; CSS3; Vite; Git; TypeScript; Redux,REST API; Webpack,76.67,1
CAND_1843,Rohan Anderson,Python / AI Engineer,12,0.9231,18,2,2,1.2,1,B.Tech / B.E / B.S,2,1,1,419,FastAPI; SQL; Scikit-Learn; NumPy; PyTorch; Pandas; Git; TensorFlow; Computer Vision; NLP; Python; Docker,REST API,79.94,1
CAND_1844,David Kumar,Python / AI Engineer,7,0.5385,11,2,4,1.0,1,B.Tech / B.E / B.S,2,6,0,498,Docker; FastAPI; Computer Vision; Git; TensorFlow; Python; NumPy,PyTorch; Scikit-Learn; Pandas; SQL; NLP; REST API,59.16,1
CAND_1845,Daniel Nair,Python / AI Engineer,2,0.1538,4,3,0,1.5,1,B.Tech / B.E / B.S,3,11,1,359,FastAPI; Scikit-Learn,Python; PyTorch; TensorFlow; Pandas; NumPy; SQL; Docker; NLP; Computer Vision; REST API; Git,44.0,0
CAND_1846,Michael Kumar,Mobile Application Developer,11,0.9167,12,5,1,4.4,2,M.Tech / M.S / Ph.D,3,1,0,485,REST API; SQLite; Java; Flutter; Android; React Native; Firebase; Dart; Kotlin; UI/UX; Swift,Git,88.63,1
CAND_1847,Sarah Brown,Frontend React Engineer,10,0.7692,12,3,1,1.0,1,B.Tech / B.E / B.S,5,3,1,441,JavaScript; Webpack; Next.js; Tailwind CSS; HTML5; REST API; CSS3; Git; TypeScript; GraphQL,React; Redux; Vite,79.88,1
CAND_1848,David Singh,Fullstack Software Engineer,4,0.2857,6,1,1,2.8,1,B.Tech / B.E / B.S,1,10,1,412,TypeScript; Node.js; React; HTML5,JavaScript; Java; Spring Boot; SQL; PostgreSQL; MongoDB; REST API; Git; Docker; CSS3,35.46,0
CAND_1849,Pooja Taylor,Cloud & DevOps Engineer,7,0.5385,11,2,0,0.4,1,B.Tech / B.E / B.S,2,6,1,309,Ansible; Jenkins; Prometheus; Linux; AWS; Kubernetes; GitHub Actions,Docker; Terraform; CI/CD; Python; Bash; Git,55.54,0
CAND_1850,Vikram Sharma,Frontend React Engineer,11,0.8462,12,2,0,1.1,1,B.Tech / B.E / B.S,2,2,1,383,Git; HTML5; Webpack; REST API; TypeScript; React; CSS3; Next.js; Redux; Vite; Tailwind CSS,JavaScript; GraphQL,68.72,1
CAND_1851,Alex Thomas,Frontend React Engineer,10,0.7692,15,2,1,0.1,1,B.Tech / B.E / B.S,1,3,1,538,JavaScript; Tailwind CSS; CSS3; Git; Vite; TypeScript; GraphQL; React; HTML5; Webpack,Next.js; Redux; REST API,66.52,1
CAND_1852,Daniel Anderson,Python / AI Engineer,12,0.9231,14,1,2,2.4,2,M.Tech / M.S / Ph.D,1,1,1,365,Pandas; FastAPI; PyTorch; Scikit-Learn; Computer Vision; NumPy; TensorFlow; Git; NLP; Docker; REST API; Python,SQL,77.64,1
CAND_1853,Vikram Reddy,Backend Java Developer,11,0.7857,15,5,3,0.1,1,B.Tech / B.E / B.S,1,3,1,316,REST API; SQL; Hibernate; MySQL; Git; Java; AWS; Kafka; Microservices; Redis; PostgreSQL,Spring Boot; Docker; Maven,72.02,1
CAND_1854,Chloe Brown,Cloud & DevOps Engineer,6,0.4615,12,3,2,6.8,1,B.Tech / B.E / B.S,3,7,0,483,Bash; AWS; Terraform; Kubernetes; CI/CD; GitHub Actions,Linux; Docker; Jenkins; Ansible; Python; Prometheus; Git,70.0,1
CAND_1855,Emily Rao,Fullstack Software Engineer,9,0.6429,12,0,0,1.9,1,B.Tech / B.E / B.S,2,5,1,328,Git; REST API; React; CSS3; Docker; Node.js; Java; PostgreSQL; MongoDB,JavaScript; TypeScript; Spring Boot; SQL; HTML5,55.17,0
CAND_1856,Pooja Smith,Mobile Application Developer,6,0.5,8,1,2,1.6,0,Diploma / Associate,3,6,1,255,Dart; REST API; Android; Firebase; Java; Flutter,React Native; Kotlin; Swift; SQLite; Git; UI/UX,52.33,0
CAND_1857,David Kumar,Frontend React Engineer,8,0.6154,10,3,3,0.5,1,B.Tech / B.E / B.S,3,5,1,273,JavaScript; Next.js; HTML5; Vite; TypeScript; Redux; CSS3; REST API,React; Tailwind CSS; GraphQL; Webpack; Git,68.55,1
CAND_1858,Sarah Verma,Frontend React Engineer,6,0.4615,8,3,0,0.6,1,B.Tech / B.E / B.S,4,7,0,517,JavaScript; Redux; Vite; Tailwind CSS; CSS3; GraphQL,React; TypeScript; Next.js; HTML5; REST API; Webpack; Git,52.92,0
CAND_1859,Sneha Nair,Mobile Application Developer,3,0.25,5,2,0,0.0,2,M.Tech / M.S / Ph.D,3,9,1,442,Kotlin; REST API; Dart,Flutter; React Native; Android; Swift; Java; Firebase; SQLite; Git; UI/UX,42.53,0
CAND_1860,Emily Brown,Python / AI Engineer,7,0.5385,13,3,1,2.4,2,M.Tech / M.S / Ph.D,3,6,1,513,REST API; Docker; NumPy; FastAPI; Python; Git; Computer Vision,PyTorch; TensorFlow; Scikit-Learn; Pandas; SQL; NLP,69.74,1
CAND_1861,Priya Taylor,Mobile Application Developer,11,0.9167,11,2,0,3.1,1,B.Tech / B.E / B.S,2,1,1,485,React Native; Flutter; Java; Android; Kotlin; UI/UX; Firebase; Git; Swift; REST API; SQLite,Dart,75.47,1
CAND_1862,Daniel Iyer,Python / AI Engineer,10,0.7692,19,3,3,0.5,1,B.Tech / B.E / B.S,2,3,0,509,Computer Vision; SQL; NumPy; FastAPI; NLP; TensorFlow; Docker; PyTorch; Pandas; REST API,Python; Scikit-Learn; Git,66.67,1
CAND_1863,Pooja Gupta,Fullstack Software Engineer,9,0.6429,14,0,0,4.0,0,Diploma / Associate,2,5,0,444,SQL; Spring Boot; TypeScript; CSS3; Git; Node.js; React; PostgreSQL; Java,JavaScript; MongoDB; REST API; Docker; HTML5,57.66,0
CAND_1864,Maya Singh,Fullstack Software Engineer,8,0.5714,11,4,1,2.6,1,B.Tech / B.E / B.S,4,6,1,254,PostgreSQL; Node.js; Java; TypeScript; React; SQL; MongoDB; Docker,JavaScript; Spring Boot; REST API; Git; HTML5; CSS3,73.97,1
CAND_1865,Karthik Iyer,Fullstack Software Engineer,4,0.2857,4,3,2,1.1,1,B.Tech / B.E / B.S,2,10,0,591,Spring Boot; TypeScript; REST API; JavaScript,React; Node.js; Java; SQL; PostgreSQL; MongoDB; Git; Docker; HTML5; CSS3,47.33,0
CAND_1866,Aarav Davis,Cloud & DevOps Engineer,7,0.5385,12,1,0,4.1,0,Diploma / Associate,4,6,1,499,Git; GitHub Actions; Bash; Prometheus; Docker; AWS; CI/CD,Linux; Kubernetes; Terraform; Jenkins; Ansible; Python,60.91,1
CAND_1867,Rahul Gupta,Frontend React Engineer,5,0.3846,10,0,2,6.3,1,B.Tech / B.E / B.S,2,8,1,418,HTML5; Vite; Redux; Tailwind CSS; TypeScript,React; JavaScript; Next.js; CSS3; REST API; GraphQL; Webpack; Git,52.46,0
CAND_1868,Sarah Gupta,Python / AI Engineer,8,0.6154,14,1,2,0.5,2,M.Tech / M.S / Ph.D,2,5,0,513,Scikit-Learn; Pandas; Computer Vision; Git; SQL; TensorFlow; NLP; PyTorch,Python; NumPy; FastAPI; Docker; REST API,50.29,0
CAND_1869,Aarav Rao,Frontend React Engineer,3,0.2308,6,2,1,1.0,1,B.Tech / B.E / B.S,3,10,1,596,Next.js; GraphQL; Redux,React; JavaScript; TypeScript; HTML5; CSS3; Tailwind CSS; REST API; Webpack; Vite; Git,45.31,0
CAND_1870,Ananya Smith,Python / AI Engineer,9,0.6923,15,3,0,2.7,0,Diploma / Associate,4,4,1,438,Computer Vision; Git; FastAPI; PyTorch; Python; REST API; NLP; TensorFlow; Scikit-Learn,Pandas; NumPy; SQL; Docker,85.03,1
CAND_1871,Rahul Johnson,Mobile Application Developer,8,0.6667,11,5,1,0.5,1,B.Tech / B.E / B.S,4,4,1,191,Java; SQLite; Kotlin; Dart; REST API; Git; Flutter; Swift,React Native; Android; Firebase; UI/UX,73.0,1
CAND_1872,Alex Singh,Cloud & DevOps Engineer,11,0.8462,17,3,1,0.2,1,B.Tech / B.E / B.S,1,2,0,544,CI/CD; Python; Bash; Prometheus; Linux; Ansible; Kubernetes; Terraform; Git; AWS; Docker,Jenkins; GitHub Actions,74.08,1
CAND_1873,David Smith,Backend Java Developer,11,0.7857,15,2,1,1.5,1,B.Tech / B.E / B.S,3,3,1,472,Redis; Java; Kafka; Microservices; SQL; Docker; Hibernate; Maven; REST API; Spring Boot; Git,PostgreSQL; MySQL; AWS,77.41,1
CAND_1874,Alex Davis,Cloud & DevOps Engineer,9,0.6923,14,1,2,4.9,1,B.Tech / B.E / B.S,2,4,1,576,Kubernetes; Terraform; Docker; CI/CD; Linux; Git; AWS; GitHub Actions; Python,Jenkins; Ansible; Bash; Prometheus,70.6,1
CAND_1875,Sarah Rao,Frontend React Engineer,5,0.3846,9,3,3,0.2,1,B.Tech / B.E / B.S,4,8,1,550,GraphQL; HTML5; REST API; CSS3; Tailwind CSS,React; JavaScript; TypeScript; Next.js; Redux; Webpack; Vite; Git,61.33,1
CAND_1876,Priya Chen,Mobile Application Developer,11,0.9167,16,3,1,0.8,1,B.Tech / B.E / B.S,1,1,1,342,Firebase; React Native; REST API; UI/UX; Flutter; Dart; Java; SQLite; Swift; Kotlin; Git,Android,82.09,1
CAND_1877,Elena Kumar,Backend Java Developer,11,0.7857,14,2,2,1.9,2,M.Tech / M.S / Ph.D,2,3,1,489,AWS; Hibernate; MySQL; Spring Boot; Git; Java; Kafka; Microservices; PostgreSQL; SQL; REST API,Redis; Docker; Maven,73.89,1
CAND_1878,Michael Wilson,Fullstack Software Engineer,10,0.7143,13,1,0,1.1,1,B.Tech / B.E / B.S,1,4,0,504,CSS3; Docker; TypeScript; JavaScript; Spring Boot; Git; Node.js; SQL; HTML5; MongoDB,React; Java; PostgreSQL; REST API,57.29,0
CAND_1879,Priya Davis,Frontend React Engineer,9,0.6923,14,3,0,0.5,1,B.Tech / B.E / B.S,3,4,0,350,GraphQL; Webpack; Git; Next.js; React; TypeScript; Vite; REST API; JavaScript,HTML5; CSS3; Tailwind CSS; Redux,72.11,1
CAND_1880,Elena Reddy,Frontend React Engineer,11,0.8462,16,3,2,2.9,1,B.Tech / B.E / B.S,2,2,1,275,React; HTML5; Webpack; JavaScript; Tailwind CSS; CSS3; Vite; Git; TypeScript; GraphQL; Redux,Next.js; REST API,88.78,1
CAND_1881,Rohan Taylor,Mobile Application Developer,5,0.4167,8,2,2,0.7,1,B.Tech / B.E / B.S,5,7,0,412,Git; Firebase; UI/UX; Kotlin; Flutter,Dart; React Native; Android; Swift; Java; REST API; SQLite,49.67,0
CAND_1882,Alex Verma,Mobile Application Developer,9,0.75,12,2,0,0.3,1,B.Tech / B.E / B.S,2,3,0,504,SQLite; Firebase; Swift; React Native; Android; Java; Flutter; REST API; Kotlin,Dart; Git; UI/UX,58.76,1
CAND_1883,Aditi Patel,Python / AI Engineer,10,0.7692,15,2,3,0.9,2,M.Tech / M.S / Ph.D,1,3,1,436,NLP; SQL; PyTorch; REST API; Pandas; TensorFlow; Computer Vision; Scikit-Learn; Python; Docker,NumPy; FastAPI; Git,75.52,1
CAND_1884,Rahul Nair,Cloud & DevOps Engineer,8,0.6154,10,1,1,4.2,1,B.Tech / B.E / B.S,3,5,1,398,Git; Jenkins; Terraform; Kubernetes; Docker; Bash; AWS; Prometheus,Linux; CI/CD; GitHub Actions; Ansible; Python,62.62,1
CAND_1885,Pooja Thomas,Backend Java Developer,12,0.8571,14,4,0,4.2,0,Diploma / Associate,4,2,1,244,PostgreSQL; Docker; Spring Boot; Maven; Redis; REST API; Hibernate; Kafka; MySQL; Git; Microservices; SQL,Java; AWS,83.58,1
CAND_1886,Maya Brown,Fullstack Software Engineer,12,0.8571,14,2,1,1.1,1,B.Tech / B.E / B.S,3,2,0,402,HTML5; SQL; Spring Boot; REST API; TypeScript; CSS3; MongoDB; React; PostgreSQL; Java; Git; JavaScript,Node.js; Docker,68.59,1
CAND_1887,Ananya Iyer,Cloud & DevOps Engineer,11,0.8462,16,2,2,2.3,0,Diploma / Associate,1,2,1,337,Ansible; Bash; Prometheus; Git; Docker; Terraform; AWS; Jenkins; Linux; CI/CD; Python,Kubernetes; GitHub Actions,82.15,1
CAND_1888,Vikram Iyer,Mobile Application Developer,4,0.3333,6,0,0,0.8,1,B.Tech / B.E / B.S,1,8,1,395,Kotlin; Android; REST API; Java,Flutter; Dart; React Native; Swift; Firebase; SQLite; Git; UI/UX,31.01,0
CAND_1889,Pooja Anderson,Fullstack Software Engineer,10,0.7143,11,4,4,2.3,2,M.Tech / M.S / Ph.D,3,4,1,456,MongoDB; JavaScript; React; CSS3; HTML5; Git; SQL; Node.js; Docker; PostgreSQL,TypeScript; Java; Spring Boot; REST API,78.85,1
CAND_1890,James Kumar,Frontend React Engineer,10,0.7692,15,3,0,0.5,1,B.Tech / B.E / B.S,4,3,1,635,HTML5; GraphQL; JavaScript; REST API; React; Webpack; CSS3; Tailwind CSS; Next.js; Redux,TypeScript; Vite; Git,73.45,1
CAND_1891,Priya Johnson,Fullstack Software Engineer,9,0.6429,10,3,2,0.6,1,B.Tech / B.E / B.S,1,5,1,660,JavaScript; SQL; Docker; Java; Spring Boot; PostgreSQL; MongoDB; Git; TypeScript,React; Node.js; REST API; HTML5; CSS3,65.1,1
CAND_1892,Alex Nair,Backend Java Developer,10,0.7143,11,3,2,1.9,1,B.Tech / B.E / B.S,2,4,1,437,Microservices; Spring Boot; AWS; Kafka; SQL; Git; MySQL; Docker; Java; PostgreSQL,REST API; Hibernate; Redis; Maven,72.18,1
CAND_1893,David Reddy,Fullstack Software Engineer,11,0.7857,15,4,2,1.9,2,M.Tech / M.S / Ph.D,2,3,1,536,TypeScript; Git; PostgreSQL; Docker; SQL; HTML5; Java; MongoDB; REST API; CSS3; Node.js,React; JavaScript; Spring Boot,85.61,1
CAND_1894,Pooja Patel,Backend Java Developer,7,0.5,9,4,0,0.8,2,M.Tech / M.S / Ph.D,2,7,1,466,Microservices; Java; REST API; Spring Boot; Git; AWS; Kafka,SQL; PostgreSQL; MySQL; Hibernate; Redis; Docker; Maven,58.67,1
CAND_1895,Rahul Wilson,Mobile Application Developer,10,0.8333,14,2,0,2.3,1,B.Tech / B.E / B.S,2,2,0,480,React Native; Git; Android; Java; SQLite; Flutter; UI/UX; Firebase; Dart; Kotlin,Swift; REST API,70.02,1
CAND_1896,Sarah Sharma,Fullstack Software Engineer,5,0.3571,9,2,2,2.0,1,B.Tech / B.E / B.S,2,9,0,340,TypeScript; CSS3; Docker; PostgreSQL; Git,React; JavaScript; Node.js; Java; Spring Boot; SQL; MongoDB; REST API; HTML5,49.2,0
CAND_1897,Elena Sharma,Cloud & DevOps Engineer,8,0.6154,10,1,0,5.9,1,B.Tech / B.E / B.S,3,5,1,340,Python; AWS; Prometheus; Terraform; Jenkins; Linux; Kubernetes; GitHub Actions,Docker; CI/CD; Ansible; Bash; Git,61.91,1
CAND_1898,Sneha Brown,Cloud & DevOps Engineer,7,0.5385,11,4,0,4.3,1,B.Tech / B.E / B.S,2,6,1,452,GitHub Actions; Prometheus; Python; Bash; Ansible; Terraform; Linux,Docker; Kubernetes; AWS; CI/CD; Jenkins; Git,74.79,1
CAND_1899,Elena Johnson,Cloud & DevOps Engineer,7,0.5385,10,1,1,0.3,1,B.Tech / B.E / B.S,3,6,1,410,Ansible; Python; Prometheus; GitHub Actions; AWS; Linux; Terraform,Docker; Kubernetes; CI/CD; Jenkins; Bash; Git,49.93,0
CAND_1900,Aarav Brown,Python / AI Engineer,12,0.9231,16,2,2,1.9,1,B.Tech / B.E / B.S,3,1,1,294,NumPy; Docker; PyTorch; Pandas; SQL; FastAPI; Python; Scikit-Learn; NLP; TensorFlow; Computer Vision; Git,REST API,79.46,1
CAND_1901,Aarav Nair,Frontend React Engineer,10,0.7692,16,1,1,4.5,2,M.Tech / M.S / Ph.D,3,3,1,458,Vite; Next.js; Redux; CSS3; Webpack; Git; HTML5; JavaScript; Tailwind CSS; TypeScript,React; REST API; GraphQL,78.95,1
CAND_1902,Maya Taylor,Backend Java Developer,2,0.1429,3,2,1,3.0,2,M.Tech / M.S / Ph.D,1,12,1,366,SQL; AWS,Java; Spring Boot; Microservices; REST API; PostgreSQL; MySQL; Hibernate; Redis; Kafka; Docker; Git; Maven,44.74,0
CAND_1903,David Brown,Mobile Application Developer,5,0.4167,6,2,4,0.5,1,B.Tech / B.E / B.S,6,7,0,632,Git; Swift; Firebase; React Native; Android,Flutter; Dart; Kotlin; Java; REST API; SQLite; UI/UX,50.28,0
CAND_1904,Pooja Patel,Mobile Application Developer,8,0.6667,13,3,0,3.1,1,B.Tech / B.E / B.S,2,4,0,222,Firebase; React Native; Git; Android; SQLite; Kotlin; REST API; Flutter,Dart; Swift; Java; UI/UX,76.81,1
CAND_1905,Sarah Wilson,Frontend React Engineer,12,0.9231,20,5,0,0.1,1,B.Tech / B.E / B.S,1,1,1,405,Next.js; Git; REST API; React; GraphQL; CSS3; TypeScript; Tailwind CSS; JavaScript; HTML5; Redux; Webpack,Vite,78.3,1
CAND_1906,Rohan Chen,Cloud & DevOps Engineer,5,0.3846,6,2,3,4.6,2,M.Tech / M.S / Ph.D,2,8,1,430,Docker; Python; AWS; Git; Ansible,Linux; Kubernetes; Terraform; CI/CD; Jenkins; GitHub Actions; Bash; Prometheus,59.47,1
CAND_1907,Ananya Wilson,Frontend React Engineer,7,0.5385,14,2,2,8.6,1,B.Tech / B.E / B.S,2,6,1,463,CSS3; Git; React; REST API; HTML5; TypeScript; Tailwind CSS,JavaScript; Next.js; Redux; GraphQL; Webpack; Vite,74.72,1
CAND_1908,Daniel Thomas,Mobile Application Developer,8,0.6667,11,1,0,0.6,1,B.Tech / B.E / B.S,6,4,0,279,Dart; Flutter; Firebase; SQLite; UI/UX; Git; Kotlin; Swift,React Native; Android; Java; REST API,47.31,0
CAND_1909,Sneha Miller,Fullstack Software Engineer,10,0.7143,16,3,3,5.2,0,Diploma / Associate,2,4,1,633,MongoDB; JavaScript; TypeScript; Git; HTML5; Node.js; Spring Boot; REST API; PostgreSQL; Docker,React; Java; SQL; CSS3,80.71,1
CAND_1910,Michael Davis,Cloud & DevOps Engineer,4,0.3077,7,2,2,8.2,1,B.Tech / B.E / B.S,3,9,1,259,Prometheus; Docker; Kubernetes; CI/CD,Linux; AWS; Terraform; Jenkins; GitHub Actions; Ansible; Python; Bash; Git,66.1,1
CAND_1911,Alex Iyer,Fullstack Software Engineer,7,0.5,12,2,4,1.3,1,B.Tech / B.E / B.S,1,7,0,262,CSS3; Node.js; PostgreSQL; SQL; React; HTML5; Docker,JavaScript; TypeScript; Java; Spring Boot; MongoDB; REST API; Git,61.38,1
CAND_1912,Alex Rao,Python / AI Engineer,3,0.2308,5,3,0,5.3,1,B.Tech / B.E / B.S,3,10,1,619,TensorFlow; PyTorch; Pandas,Python; Scikit-Learn; NumPy; SQL; FastAPI; Docker; NLP; Computer Vision; REST API; Git,58.32,0
CAND_1913,Emily Brown,Frontend React Engineer,9,0.6923,13,4,0,2.6,1,B.Tech / B.E / B.S,5,4,1,150,Webpack; Git; Next.js; TypeScript; REST API; Tailwind CSS; Redux; JavaScript; CSS3,React; HTML5; GraphQL; Vite,77.53,1
CAND_1914,Sarah Brown,Cloud & DevOps Engineer,12,0.9231,18,4,0,5.1,1,B.Tech / B.E / B.S,4,1,1,527,GitHub Actions; Ansible; Bash; CI/CD; Linux; Git; Docker; Prometheus; Terraform; Python; AWS; Jenkins,Kubernetes,87.27,1
CAND_1915,Alex Johnson,Backend Java Developer,4,0.2857,8,2,0,1.1,1,B.Tech / B.E / B.S,3,10,1,314,MySQL; Java; Maven; Git,Spring Boot; Microservices; REST API; SQL; PostgreSQL; Hibernate; Redis; Kafka; Docker; AWS,39.85,0
CAND_1916,Vikram Anderson,Fullstack Software Engineer,8,0.5714,10,3,0,3.4,2,M.Tech / M.S / Ph.D,3,6,1,613,Git; Docker; CSS3; MongoDB; Java; SQL; HTML5; Spring Boot,React; JavaScript; TypeScript; Node.js; PostgreSQL; REST API,78.85,1
CAND_1917,Chloe Rao,Mobile Application Developer,8,0.6667,11,2,0,2.2,1,B.Tech / B.E / B.S,3,4,0,274,UI/UX; Swift; Git; Flutter; Kotlin; Firebase; Java; Dart,React Native; Android; REST API; SQLite,61.83,1
CAND_1918,David Taylor,Mobile Application Developer,5,0.4167,9,1,3,1.5,1,B.Tech / B.E / B.S,2,7,0,246,Android; REST API; SQLite; Firebase; Swift,Flutter; Dart; React Native; Kotlin; Java; Git; UI/UX,40.05,0
CAND_1919,David Gupta,Frontend React Engineer,6,0.4615,10,1,0,1.5,1,B.Tech / B.E / B.S,3,7,1,523,JavaScript; React; REST API; CSS3; Tailwind CSS; TypeScript,Next.js; HTML5; Redux; GraphQL; Webpack; Vite; Git,50.16,0
CAND_1920,Daniel Miller,Frontend React Engineer,7,0.5385,7,3,3,0.5,1,B.Tech / B.E / B.S,3,6,0,445,Next.js; JavaScript; REST API; Webpack; HTML5; CSS3; Tailwind CSS,React; TypeScript; Redux; GraphQL; Vite; Git,59.37,1
CAND_1921,Priya Sharma,Fullstack Software Engineer,8,0.5714,8,3,2,3.0,1,B.Tech / B.E / B.S,3,6,1,424,HTML5; MongoDB; REST API; Java; Node.js; Git; SQL; CSS3,React; JavaScript; TypeScript; Spring Boot; PostgreSQL; Docker,74.42,1
CAND_1922,Sneha Verma,Frontend React Engineer,6,0.4615,10,3,0,0.0,1,B.Tech / B.E / B.S,3,7,1,348,HTML5; Webpack; REST API; CSS3; JavaScript; React,TypeScript; Next.js; Tailwind CSS; Redux; GraphQL; Vite; Git,56.93,0
CAND_1923,Sneha Taylor,Frontend React Engineer,9,0.6923,10,1,1,1.7,2,M.Tech / M.S / Ph.D,1,4,1,611,GraphQL; Vite; React; Redux; CSS3; Next.js; Tailwind CSS; REST API; HTML5,JavaScript; TypeScript; Webpack; Git,70.71,1
CAND_1924,James Miller,Python / AI Engineer,5,0.3846,6,1,0,2.1,1,B.Tech / B.E / B.S,2,8,1,468,Scikit-Learn; NumPy; Pandas; Computer Vision; TensorFlow,Python; PyTorch; SQL; FastAPI; Docker; NLP; REST API; Git,44.25,0
CAND_1925,David Davis,Mobile Application Developer,8,0.6667,12,4,0,2.3,1,B.Tech / B.E / B.S,3,4,1,466,Android; Dart; Swift; REST API; UI/UX; Java; React Native; Firebase,Flutter; Kotlin; SQLite; Git,75.07,1
CAND_1926,Sneha Iyer,Mobile Application Developer,8,0.6667,11,3,0,2.0,1,B.Tech / B.E / B.S,3,4,1,516,Java; UI/UX; Dart; SQLite; Flutter; Android; REST API; Git,React Native; Kotlin; Swift; Firebase,75.87,1
CAND_1927,Rahul Taylor,Fullstack Software Engineer,8,0.5714,12,1,1,0.2,2,M.Tech / M.S / Ph.D,4,6,0,399,Spring Boot; Git; MongoDB; SQL; REST API; Docker; HTML5; PostgreSQL,React; JavaScript; TypeScript; Node.js; Java; CSS3,52.3,0
CAND_1928,Karthik Anderson,Cloud & DevOps Engineer,6,0.4615,10,3,0,4.0,1,B.Tech / B.E / B.S,3,7,1,416,Bash; Jenkins; GitHub Actions; Git; Prometheus; Kubernetes,Linux; Docker; AWS; Terraform; CI/CD; Ansible; Python,67.21,1
CAND_1929,Vikram Davis,Backend Java Developer,11,0.7857,15,1,0,1.2,1,B.Tech / B.E / B.S,2,3,0,411,Hibernate; AWS; Maven; Microservices; Redis; Kafka; Spring Boot; PostgreSQL; Git; REST API; SQL,Java; MySQL; Docker,56.14,0
CAND_1930,Aditi Nair,Python / AI Engineer,12,0.9231,14,1,0,0.8,1,B.Tech / B.E / B.S,2,1,1,379,NumPy; PyTorch; NLP; SQL; REST API; Docker; TensorFlow; Pandas; Computer Vision; Python; Git; Scikit-Learn,FastAPI,64.71,1
CAND_1931,Sneha Smith,Frontend React Engineer,5,0.3846,8,2,0,0.3,2,M.Tech / M.S / Ph.D,2,8,0,539,CSS3; HTML5; Vite; Redux; React,JavaScript; TypeScript; Next.js; Tailwind CSS; REST API; GraphQL; Webpack; Git,42.27,0
CAND_1932,Vikram Iyer,Python / AI Engineer,1,0.0769,2,3,2,1.7,1,B.Tech / B.E / B.S,3,12,1,342,SQL,Python; PyTorch; TensorFlow; Scikit-Learn; Pandas; NumPy; FastAPI; Docker; NLP; Computer Vision; REST API; Git,47.58,0
CAND_1933,Aditi Rao,Frontend React Engineer,2,0.1538,7,2,2,1.7,1,B.Tech / B.E / B.S,3,11,0,418,Next.js; TypeScript,React; JavaScript; HTML5; CSS3; Tailwind CSS; Redux; REST API; GraphQL; Webpack; Vite; Git,38.23,0
CAND_1934,Elena Sharma,Fullstack Software Engineer,5,0.3571,10,3,1,1.6,2,M.Tech / M.S / Ph.D,4,9,1,305,MongoDB; Spring Boot; JavaScript; React; SQL,TypeScript; Node.js; Java; PostgreSQL; REST API; Git; Docker; HTML5; CSS3,59.98,1
CAND_1935,Elena Anderson,Frontend React Engineer,5,0.3846,7,3,1,2.4,1,B.Tech / B.E / B.S,2,8,0,364,GraphQL; Redux; CSS3; Tailwind CSS; Vite,React; JavaScript; TypeScript; Next.js; HTML5; REST API; Webpack; Git,53.38,0
CAND_1936,Maya Iyer,Backend Java Developer,8,0.5714,11,1,1,2.3,1,B.Tech / B.E / B.S,2,6,0,430,Redis; Docker; Hibernate; AWS; Git; Microservices; PostgreSQL; Java,Spring Boot; REST API; SQL; MySQL; Kafka; Maven,52.68,0
CAND_1937,Maya Thomas,Cloud & DevOps Engineer,7,0.5385,9,2,0,0.4,1,B.Tech / B.E / B.S,1,6,0,263,Jenkins; AWS; Git; CI/CD; Ansible; Linux; Python,Docker; Kubernetes; Terraform; GitHub Actions; Bash; Prometheus,50.74,0
CAND_1938,Michael Kumar,Mobile Application Developer,7,0.5833,11,2,1,0.2,1,B.Tech / B.E / B.S,3,5,0,521,Dart; React Native; Flutter; Kotlin; UI/UX; Swift; REST API,Android; Java; Firebase; SQLite; Git,52.89,0
CAND_1939,Rohan Gupta,Python / AI Engineer,9,0.6923,14,2,0,0.0,1,B.Tech / B.E / B.S,5,4,0,523,Docker; NLP; Python; REST API; Git; Scikit-Learn; SQL; FastAPI; Pandas,PyTorch; TensorFlow; NumPy; Computer Vision,66.21,1
CAND_1940,Aarav Reddy,Mobile Application Developer,9,0.75,11,2,3,2.8,1,B.Tech / B.E / B.S,3,3,1,467,REST API; React Native; Flutter; Kotlin; Android; Dart; Swift; UI/UX; Firebase,Java; SQLite; Git,72.99,1
CAND_1941,Rohan Miller,Python / AI Engineer,10,0.7692,14,1,0,1.9,1,B.Tech / B.E / B.S,2,3,0,414,NumPy; SQL; NLP; Python; FastAPI; Computer Vision; TensorFlow; Scikit-Learn; PyTorch; Git,Pandas; Docker; REST API,62.91,1
CAND_1942,Aarav Davis,Frontend React Engineer,4,0.3077,6,3,0,0.4,1,B.Tech / B.E / B.S,3,9,1,544,Tailwind CSS; HTML5; JavaScript; Webpack,React; TypeScript; Next.js; CSS3; Redux; REST API; GraphQL; Vite; Git,48.35,0
CAND_1943,Sneha Miller,Backend Java Developer,12,0.8571,16,2,0,1.0,1,B.Tech / B.E / B.S,3,2,0,192,SQL; Microservices; Git; Maven; Spring Boot; AWS; Docker; REST API; PostgreSQL; Kafka; Java; Redis,MySQL; Hibernate,75.52,1
CAND_1944,Alex Nair,Fullstack Software Engineer,8,0.5714,17,2,2,0.3,1,B.Tech / B.E / B.S,2,6,0,274,Docker; React; Java; SQL; JavaScript; Spring Boot; TypeScript; Node.js,PostgreSQL; MongoDB; REST API; Git; HTML5; CSS3,52.12,0
CAND_1945,Alex Kumar,Cloud & DevOps Engineer,6,0.4615,9,4,0,1.7,1,B.Tech / B.E / B.S,2,7,1,577,Docker; Linux; AWS; Bash; Python; GitHub Actions,Kubernetes; Terraform; CI/CD; Jenkins; Ansible; Prometheus; Git,64.06,1
CAND_1946,Daniel Davis,Cloud & DevOps Engineer,3,0.2308,7,2,0,0.2,1,B.Tech / B.E / B.S,2,10,1,515,Docker; Terraform; Linux,Kubernetes; AWS; CI/CD; Jenkins; GitHub Actions; Ansible; Python; Bash; Prometheus; Git,42.88,0
CAND_1947,Alex Taylor,Python / AI Engineer,3,0.2308,7,1,0,5.1,1,B.Tech / B.E / B.S,3,10,0,479,SQL; PyTorch; FastAPI,Python; TensorFlow; Scikit-Learn; Pandas; NumPy; Docker; NLP; Computer Vision; REST API; Git,46.16,0
CAND_1948,Aarav Brown,Mobile Application Developer,6,0.5,9,2,1,0.0,1,B.Tech / B.E / B.S,1,6,1,410,Android; Flutter; Kotlin; REST API; Dart; Firebase,React Native; Swift; Java; SQLite; Git; UI/UX,48.82,0
CAND_1949,Chloe Iyer,Frontend React Engineer,9,0.6923,11,1,1,2.0,0,Diploma / Associate,3,4,0,393,GraphQL; Tailwind CSS; Redux; JavaScript; REST API; Next.js; Vite; Git; TypeScript,React; HTML5; CSS3; Webpack,53.73,0
CAND_1950,Chloe Nair,Backend Java Developer,9,0.6429,18,4,0,2.6,2,M.Tech / M.S / Ph.D,3,5,0,428,Redis; MySQL; Maven; Hibernate; Java; Kafka; Docker; Git; SQL,Spring Boot; Microservices; REST API; PostgreSQL; AWS,70.46,1
CAND_1951,Pooja Nair,Fullstack Software Engineer,12,0.8571,16,3,1,5.1,0,Diploma / Associate,4,2,1,320,React; PostgreSQL; Java; REST API; Docker; SQL; Spring Boot; MongoDB; HTML5; JavaScript; TypeScript; CSS3,Node.js; Git,85.32,1
CAND_1952,Priya Miller,Python / AI Engineer,9,0.6923,16,1,1,1.6,0,Diploma / Associate,4,4,0,329,PyTorch; Pandas; Git; SQL; Computer Vision; TensorFlow; NumPy; REST API; FastAPI,Python; Scikit-Learn; Docker; NLP,53.63,0
CAND_1953,Sarah Gupta,Python / AI Engineer,9,0.6923,13,4,0,6.7,1,B.Tech / B.E / B.S,5,4,1,366,Docker; NumPy; Computer Vision; REST API; Pandas; FastAPI; TensorFlow; PyTorch; SQL,Python; Scikit-Learn; NLP; Git,81.02,1
CAND_1954,Alex Gupta,Cloud & DevOps Engineer,5,0.3846,9,4,0,0.7,0,Diploma / Associate,3,8,0,407,Python; CI/CD; Linux; Kubernetes; Bash,Docker; AWS; Terraform; Jenkins; GitHub Actions; Ansible; Prometheus; Git,45.42,0
CAND_1955,Maya Wilson,Fullstack Software Engineer,7,0.5,11,2,1,0.5,1,B.Tech / B.E / B.S,4,7,0,282,React; Git; TypeScript; SQL; MongoDB; PostgreSQL; HTML5,JavaScript; Node.js; Java; Spring Boot; REST API; Docker; CSS3,51.35,0
CAND_1956,Chloe Patel,Mobile Application Developer,4,0.3333,7,4,3,2.1,1,B.Tech / B.E / B.S,3,8,0,346,Git; Dart; REST API; Flutter,React Native; Android; Kotlin; Swift; Java; Firebase; SQLite; UI/UX,58.1,1
CAND_1957,Michael Reddy,Frontend React Engineer,7,0.5385,11,2,0,5.1,1,B.Tech / B.E / B.S,3,6,0,327,Tailwind CSS; GraphQL; CSS3; Git; TypeScript; React; Redux,JavaScript; Next.js; HTML5; REST API; Webpack; Vite,68.51,1
CAND_1958,Michael Smith,Backend Java Developer,10,0.7143,13,1,0,0.8,1,B.Tech / B.E / B.S,3,4,0,312,Hibernate; Java; REST API; Git; SQL; PostgreSQL; AWS; Docker; Kafka; Microservices,Spring Boot; MySQL; Redis; Maven,54.48,0
CAND_1959,Ananya Singh,Cloud & DevOps Engineer,6,0.4615,14,1,3,0.8,1,B.Tech / B.E / B.S,3,7,0,527,CI/CD; Linux; Terraform; GitHub Actions; AWS; Prometheus,Docker; Kubernetes; Jenkins; Ansible; Python; Bash; Git,43.44,0
CAND_1960,Rahul Johnson,Fullstack Software Engineer,3,0.2143,7,3,1,3.9,1,B.Tech / B.E / B.S,1,11,0,371,CSS3; Java; REST API,React; JavaScript; TypeScript; Node.js; Spring Boot; SQL; PostgreSQL; MongoDB; Git; Docker; HTML5,53.76,0
CAND_1961,Daniel Wilson,Backend Java Developer,10,0.7143,14,2,0,0.5,0,Diploma / Associate,3,4,1,319,Redis; REST API; Docker; Kafka; AWS; Microservices; Spring Boot; SQL; Hibernate; Java,PostgreSQL; MySQL; Git; Maven,65.16,1
CAND_1962,Vikram Kumar,Python / AI Engineer,5,0.3846,12,2,0,1.9,1,B.Tech / B.E / B.S,1,8,1,454,Scikit-Learn; Docker; Pandas; Git; Python,PyTorch; TensorFlow; NumPy; SQL; FastAPI; NLP; Computer Vision; REST API,53.65,0
CAND_1963,Chloe Thomas,Frontend React Engineer,9,0.6923,15,3,3,0.8,2,M.Tech / M.S / Ph.D,5,4,0,450,Webpack; REST API; Redux; React; Tailwind CSS; GraphQL; Vite; TypeScript; Next.js,JavaScript; HTML5; CSS3; Git,69.46,1
CAND_1964,Sarah Kumar,Fullstack Software Engineer,4,0.2857,5,3,1,5.4,1,B.Tech / B.E / B.S,4,10,0,449,Git; MongoDB; PostgreSQL; Docker,React; JavaScript; TypeScript; Node.js; Java; Spring Boot; SQL; REST API; HTML5; CSS3,59.25,1
CAND_1965,Emily Davis,Fullstack Software Engineer,13,0.9286,16,2,0,3.5,1,B.Tech / B.E / B.S,3,1,1,603,Docker; Node.js; React; Java; SQL; MongoDB; PostgreSQL; TypeScript; CSS3; HTML5; JavaScript; Git; Spring Boot,REST API,81.25,1
CAND_1966,James Sharma,Mobile Application Developer,3,0.25,12,2,2,2.4,1,B.Tech / B.E / B.S,2,9,1,497,Android; Java; Dart,Flutter; React Native; Kotlin; Swift; Firebase; REST API; SQLite; Git; UI/UX,54.14,0
CAND_1967,Ananya Gupta,Backend Java Developer,6,0.4286,11,4,2,7.8,1,B.Tech / B.E / B.S,5,8,0,542,PostgreSQL; SQL; Spring Boot; Docker; AWS; Java,Microservices; REST API; MySQL; Hibernate; Redis; Kafka; Git; Maven,72.19,1
CAND_1968,Elena Brown,Fullstack Software Engineer,8,0.5714,13,1,0,10.6,0,Diploma / Associate,2,6,1,342,REST API; HTML5; Git; Spring Boot; Java; Node.js; JavaScript; MongoDB,React; TypeScript; SQL; PostgreSQL; Docker; CSS3,56.31,0
CAND_1969,Ananya Chen,Fullstack Software Engineer,11,0.7857,14,3,0,1.1,1,B.Tech / B.E / B.S,3,3,1,300,CSS3; Spring Boot; MongoDB; Node.js; JavaScript; PostgreSQL; REST API; HTML5; Git; Java; React,TypeScript; SQL; Docker,82.26,1
CAND_1970,Rohan Verma,Fullstack Software Engineer,9,0.6429,11,1,2,2.1,1,B.Tech / B.E / B.S,1,5,1,467,SQL; Spring Boot; Docker; JavaScript; TypeScript; React; PostgreSQL; MongoDB; REST API,Node.js; Java; Git; HTML5; CSS3,61.31,1
CAND_1971,Maya Brown,Fullstack Software Engineer,9,0.6429,11,2,1,3.2,1,B.Tech / B.E / B.S,3,5,1,301,JavaScript; Git; React; MongoDB; Docker; Java; SQL; Node.js; REST API,TypeScript; Spring Boot; PostgreSQL; HTML5; CSS3,77.2,1
CAND_1972,Maya Brown,Backend Java Developer,6,0.4286,9,3,2,7.4,1,B.Tech / B.E / B.S,3,8,1,330,Maven; Kafka; Docker; Git; Java; Hibernate,Spring Boot; Microservices; REST API; SQL; PostgreSQL; MySQL; Redis; AWS,74.53,1
CAND_1973,David Taylor,Cloud & DevOps Engineer,1,0.0769,5,1,1,0.8,1,B.Tech / B.E / B.S,2,12,0,501,Python,Linux; Docker; Kubernetes; AWS; Terraform; CI/CD; Jenkins; GitHub Actions; Ansible; Bash; Prometheus; Git,14.98,0
CAND_1974,Maya Reddy,Frontend React Engineer,7,0.5385,8,2,0,1.1,1,B.Tech / B.E / B.S,2,6,1,150,Webpack; Git; React; Redux; REST API; CSS3; HTML5,JavaScript; TypeScript; Next.js; Tailwind CSS; GraphQL; Vite,50.5,0
CAND_1975,Rahul Reddy,Fullstack Software Engineer,13,0.9286,20,2,1,0.1,1,B.Tech / B.E / B.S,4,1,1,623,React; REST API; Docker; JavaScript; HTML5; Node.js; TypeScript; Spring Boot; Java; PostgreSQL; SQL; Git; MongoDB,CSS3,75.71,1
CAND_1976,Maya Taylor,Backend Java Developer,5,0.3571,12,2,0,2.1,0,Diploma / Associate,3,9,0,240,REST API; Microservices; Java; AWS; Git,Spring Boot; SQL; PostgreSQL; MySQL; Hibernate; Redis; Kafka; Docker; Maven,41.66,0
CAND_1977,Pooja Anderson,Cloud & DevOps Engineer,6,0.4615,10,1,0,0.0,1,B.Tech / B.E / B.S,3,7,0,319,Ansible; Bash; CI/CD; Terraform; Git; Kubernetes,Linux; Docker; AWS; Jenkins; GitHub Actions; Python; Prometheus,37.25,0
CAND_1978,Vikram Wilson,Frontend React Engineer,1,0.0769,5,1,0,0.7,1,B.Tech / B.E / B.S,4,12,0,359,GraphQL,React; JavaScript; TypeScript; Next.js; HTML5; CSS3; Tailwind CSS; Redux; REST API; Webpack; Vite; Git,18.26,0
CAND_1979,Alex Rao,Frontend React Engineer,6,0.4615,10,2,0,2.5,1,B.Tech / B.E / B.S,4,7,1,356,React; REST API; GraphQL; TypeScript; Git; Next.js,JavaScript; HTML5; CSS3; Tailwind CSS; Redux; Webpack; Vite,62.97,1
CAND_1980,Daniel Miller,Fullstack Software Engineer,5,0.3571,11,3,2,4.6,1,B.Tech / B.E / B.S,2,9,0,510,SQL; Spring Boot; Node.js; Docker; Git,React; JavaScript; TypeScript; Java; PostgreSQL; MongoDB; REST API; HTML5; CSS3,72.45,1
CAND_1981,Rohan Chen,Backend Java Developer,2,0.1429,4,2,0,0.9,1,B.Tech / B.E / B.S,2,12,1,499,Docker; Hibernate,Java; Spring Boot; Microservices; REST API; SQL; PostgreSQL; MySQL; Redis; Kafka; AWS; Git; Maven,35.58,0
CAND_1982,Michael Thomas,Mobile Application Developer,7,0.5833,10,1,0,10.1,1,B.Tech / B.E / B.S,5,5,0,373,Swift; SQLite; Git; UI/UX; Kotlin; Android; React Native,Flutter; Dart; Java; Firebase; REST API,63.48,1
CAND_1983,Priya Reddy,Cloud & DevOps Engineer,9,0.6923,14,1,0,0.3,1,B.Tech / B.E / B.S,2,4,1,318,Git; Linux; GitHub Actions; AWS; Prometheus; Python; CI/CD; Docker; Bash,Kubernetes; Terraform; Jenkins; Ansible,55.95,0
CAND_1984,Maya Gupta,Backend Java Developer,13,0.9286,14,1,0,2.1,0,Diploma / Associate,2,1,1,385,Hibernate; AWS; PostgreSQL; MySQL; REST API; Docker; Microservices; Redis; Java; Maven; Git; Kafka; Spring Boot,SQL,69.85,1
CAND_1985,Aarav Miller,Fullstack Software Engineer,3,0.2143,4,2,2,2.6,1,B.Tech / B.E / B.S,3,11,0,331,TypeScript; Java; PostgreSQL,React; JavaScript; Node.js; Spring Boot; SQL; MongoDB; REST API; Git; Docker; HTML5; CSS3,46.19,0
CAND_1986,Rahul Anderson,Frontend React Engineer,4,0.3077,7,4,0,0.7,1,B.Tech / B.E / B.S,2,9,1,502,React; Git; Next.js; Webpack,JavaScript; TypeScript; HTML5; CSS3; Tailwind CSS; Redux; REST API; GraphQL; Vite,49.92,0
CAND_1987,Pooja Nair,Backend Java Developer,8,0.5714,12,3,0,1.1,1,B.Tech / B.E / B.S,3,6,0,502,SQL; AWS; Microservices; PostgreSQL; Redis; REST API; Git; Spring Boot,Java; MySQL; Hibernate; Kafka; Docker; Maven,61.91,1
CAND_1988,Aarav Nair,Frontend React Engineer,12,0.9231,18,2,0,1.4,2,M.Tech / M.S / Ph.D,5,1,0,403,JavaScript; React; Webpack; TypeScript; Tailwind CSS; Git; GraphQL; Redux; REST API; Next.js; Vite; CSS3,HTML5,74.83,1
CAND_1989,Emily Nair,Python / AI Engineer,9,0.6923,15,1,0,2.9,2,M.Tech / M.S / Ph.D,2,4,1,471,Git; NLP; SQL; PyTorch; REST API; TensorFlow; Docker; Computer Vision; NumPy,Python; Scikit-Learn; Pandas; FastAPI,64.61,1
CAND_1990,Chloe Johnson,Mobile Application Developer,6,0.5,9,4,2,3.3,2,M.Tech / M.S / Ph.D,6,6,1,408,Swift; UI/UX; SQLite; Java; Android; Flutter,Dart; React Native; Kotlin; Firebase; REST API; Git,74.87,1
CAND_1991,Maya Anderson,Backend Java Developer,4,0.2857,8,2,1,0.7,1,B.Tech / B.E / B.S,2,10,1,497,Maven; Redis; SQL; Microservices,Java; Spring Boot; REST API; PostgreSQL; MySQL; Hibernate; Kafka; Docker; AWS; Git,48.41,0
CAND_1992,Alex Singh,Fullstack Software Engineer,7,0.5,9,2,0,1.1,1,B.Tech / B.E / B.S,2,7,1,355,Git; HTML5; Java; TypeScript; MongoDB; PostgreSQL; Node.js,React; JavaScript; Spring Boot; SQL; REST API; Docker; CSS3,53.84,0
CAND_1993,Rohan Wilson,Mobile Application Developer,10,0.8333,14,0,1,6.6,2,M.Tech / M.S / Ph.D,2,2,1,505,SQLite; Dart; React Native; REST API; Java; Firebase; Swift; Kotlin; UI/UX; Git,Flutter; Android,77.47,1
CAND_1994,Daniel Taylor,Backend Java Developer,9,0.6429,13,1,1,3.8,1,B.Tech / B.E / B.S,3,5,1,320,PostgreSQL; AWS; Maven; Redis; Hibernate; Kafka; Docker; Microservices; SQL,Java; Spring Boot; REST API; MySQL; Git,72.22,1
CAND_1995,David Anderson,Mobile Application Developer,10,0.8333,13,4,1,1.3,2,M.Tech / M.S / Ph.D,6,2,0,421,Flutter; Android; Git; SQLite; Firebase; Java; Dart; REST API; Swift; Kotlin,React Native; UI/UX,73.89,1
CAND_1996,Sarah Johnson,Python / AI Engineer,4,0.3077,8,3,0,2.2,1,B.Tech / B.E / B.S,3,9,0,346,TensorFlow; NumPy; Pandas; Docker,Python; PyTorch; Scikit-Learn; SQL; FastAPI; NLP; Computer Vision; REST API; Git,53.4,0
CAND_1997,Rohan Iyer,Fullstack Software Engineer,8,0.5714,13,0,1,0.3,1,B.Tech / B.E / B.S,3,6,0,385,Java; PostgreSQL; MongoDB; Spring Boot; Node.js; React; HTML5; CSS3,JavaScript; TypeScript; SQL; REST API; Git; Docker,41.89,0
CAND_1998,Maya Chen,Cloud & DevOps Engineer,10,0.7692,11,4,0,0.3,1,B.Tech / B.E / B.S,4,3,1,316,GitHub Actions; Git; Jenkins; Bash; CI/CD; Prometheus; Kubernetes; Python; AWS; Linux,Docker; Terraform; Ansible,68.13,1
CAND_1999,Priya Taylor,Backend Java Developer,7,0.5,12,1,0,1.7,1,B.Tech / B.E / B.S,2,7,1,410,SQL; Docker; Spring Boot; PostgreSQL; AWS; Maven; Kafka,Java; Microservices; REST API; MySQL; Hibernate; Redis; Git,46.72,0
CAND_2000,Karthik Singh,Fullstack Software Engineer,2,0.1429,5,3,2,1.0,0,Diploma / Associate,6,12,1,384,JavaScript; CSS3,React; TypeScript; Node.js; Java; Spring Boot; SQL; PostgreSQL; MongoDB; REST API; Git; Docker; HTML5,47.8,0
CAND_2001,Emily Verma,Python / AI Engineer,3,0.2308,5,2,0,0.4,1,B.Tech / B.E / B.S,4,10,1,290,Scikit-Learn; NumPy; Git,Python; PyTorch; TensorFlow; Pandas; SQL; FastAPI; Docker; NLP; Computer Vision; REST API,42.06,0
CAND_2002,Alex Kumar,Frontend React Engineer,3,0.2308,8,0,0,3.0,1,B.Tech / B.E / B.S,3,10,1,353,Vite; Webpack; HTML5,React; JavaScript; TypeScript; Next.js; CSS3; Tailwind CSS; Redux; REST API; GraphQL; Git,36.02,0
CAND_2003,Rahul Thomas,Backend Java Developer,2,0.1429,6,2,1,0.8,1,B.Tech / B.E / B.S,5,12,0,324,Maven; Git,Java; Spring Boot; Microservices; REST API; SQL; PostgreSQL; MySQL; Hibernate; Redis; Kafka; Docker; AWS,34.71,0
CAND_2004,Chloe Kumar,Fullstack Software Engineer,6,0.4286,9,0,0,2.1,1,B.Tech / B.E / B.S,2,8,0,372,HTML5; Java; CSS3; Spring Boot; SQL; REST API,React; JavaScript; TypeScript; Node.js; PostgreSQL; MongoDB; Git; Docker,37.92,0
CAND_2005,James Sharma,Cloud & DevOps Engineer,4,0.3077,6,1,0,2.3,1,B.Tech / B.E / B.S,2,9,1,150,Bash; Ansible; Kubernetes; Jenkins,Linux; Docker; AWS; Terraform; CI/CD; GitHub Actions; Python; Prometheus; Git,38.33,0
CAND_2006,Ananya Singh,Mobile Application Developer,9,0.75,9,4,0,10.2,1,B.Tech / B.E / B.S,2,3,1,530,UI/UX; Android; Firebase; Git; SQLite; Swift; REST API; React Native; Flutter,Dart; Kotlin; Java,78.42,1
CAND_2007,Alex Gupta,Cloud & DevOps Engineer,2,0.1538,5,1,2,0.1,1,B.Tech / B.E / B.S,2,11,1,471,Git; Prometheus,Linux; Docker; Kubernetes; AWS; Terraform; CI/CD; Jenkins; GitHub Actions; Ansible; Python; Bash,29.03,0
CAND_2008,Sarah Gupta,Cloud & DevOps Engineer,5,0.3846,8,3,1,2.3,1,B.Tech / B.E / B.S,3,8,1,596,GitHub Actions; Ansible; Linux; CI/CD; Kubernetes,Docker; AWS; Terraform; Jenkins; Python; Bash; Prometheus; Git,68.41,1
CAND_2009,James Iyer,Frontend React Engineer,4,0.3077,7,4,1,1.1,0,Diploma / Associate,2,9,0,307,Vite; React; Redux; CSS3,JavaScript; TypeScript; Next.js; HTML5; Tailwind CSS; REST API; GraphQL; Webpack; Git,46.01,0
CAND_2010,Alex Singh,Cloud & DevOps Engineer,10,0.7692,12,2,3,0.2,1,B.Tech / B.E / B.S,2,3,0,207,Jenkins; Bash; Git; Ansible; Terraform; CI/CD; Python; Linux; Prometheus; GitHub Actions,Docker; Kubernetes; AWS,64.58,1
CAND_2011,Vikram Iyer,Frontend React Engineer,6,0.4615,9,2,2,3.1,1,B.Tech / B.E / B.S,3,7,1,494,GraphQL; Webpack; Git; Vite; Tailwind CSS; REST API,React; JavaScript; TypeScript; Next.js; HTML5; CSS3; Redux,66.71,1
CAND_2012,Rahul Johnson,Fullstack Software Engineer,7,0.5,12,2,1,1.2,1,B.Tech / B.E / B.S,3,7,1,415,MongoDB; SQL; Node.js; PostgreSQL; JavaScript; Spring Boot; Git,React; TypeScript; Java; REST API; Docker; HTML5; CSS3,59.1,1
CAND_2013,Pooja Patel,Backend Java Developer,8,0.5714,10,0,0,1.0,1,B.Tech / B.E / B.S,3,6,0,544,Spring Boot; Docker; Redis; Microservices; Java; Hibernate; Kafka; Maven,REST API; SQL; PostgreSQL; MySQL; AWS; Git,35.27,0
CAND_2014,Rahul Patel,Cloud & DevOps Engineer,2,0.1538,6,2,2,1.4,1,B.Tech / B.E / B.S,3,11,1,371,Terraform; AWS,Linux; Docker; Kubernetes; CI/CD; Jenkins; GitHub Actions; Ansible; Python; Bash; Prometheus; Git,43.81,0
CAND_2015,Ananya Rao,Mobile Application Developer,8,0.6667,10,2,1,2.1,1,B.Tech / B.E / B.S,3,4,0,504,REST API; Dart; Firebase; Flutter; Swift; Kotlin; UI/UX; Git,React Native; Android; Java; SQLite,65.1,1
CAND_2016,Alex Brown,Cloud & DevOps Engineer,5,0.3846,9,3,4,3.8,1,B.Tech / B.E / B.S,2,8,0,394,Kubernetes; Docker; Git; Ansible; Jenkins,Linux; AWS; Terraform; CI/CD; GitHub Actions; Python; Bash; Prometheus,67.71,1
CAND_2017,Elena Patel,Cloud & DevOps Engineer,7,0.5385,16,3,0,3.6,2,M.Tech / M.S / Ph.D,2,6,0,340,AWS; Kubernetes; Git; Terraform; Jenkins; GitHub Actions; Docker,Linux; CI/CD; Ansible; Python; Bash; Prometheus,74.52,1
CAND_2018,Maya Anderson,Frontend React Engineer,10,0.7692,14,4,0,3.6,2,M.Tech / M.S / Ph.D,3,3,1,531,GraphQL; Next.js; REST API; Redux; HTML5; Vite; React; JavaScript; Git; Tailwind CSS,TypeScript; CSS3; Webpack,88.93,1
CAND_2019,David Thomas,Backend Java Developer,12,0.8571,19,4,2,6.1,2,M.Tech / M.S / Ph.D,4,2,1,189,Redis; PostgreSQL; Kafka; Hibernate; Docker; AWS; Java; Git; Maven; Microservices; REST API; Spring Boot,SQL; MySQL,95.18,1
CAND_2020,Pooja Johnson,Python / AI Engineer,9,0.6923,15,2,0,7.8,1,B.Tech / B.E / B.S,1,4,1,376,Git; TensorFlow; SQL; Scikit-Learn; REST API; Computer Vision; NLP; FastAPI; PyTorch,Python; Pandas; NumPy; Docker,78.81,1
CAND_2021,James Reddy,Cloud & DevOps Engineer,12,0.9231,14,2,0,0.4,1,B.Tech / B.E / B.S,1,1,1,445,Prometheus; Linux; AWS; Kubernetes; Terraform; Ansible; CI/CD; Git; Docker; Bash; GitHub Actions; Jenkins,Python,65.08,1
CAND_2022,Emily Patel,Fullstack Software Engineer,6,0.4286,12,3,4,1.4,1,B.Tech / B.E / B.S,2,8,1,403,MongoDB; HTML5; Spring Boot; SQL; PostgreSQL; TypeScript,React; JavaScript; Node.js; Java; REST API; Git; Docker; CSS3,65.11,1
CAND_2023,Karthik Gupta,Python / AI Engineer,1,0.0769,4,3,0,0.1,1,B.Tech / B.E / B.S,3,12,1,459,Python,PyTorch; TensorFlow; Scikit-Learn; Pandas; NumPy; SQL; FastAPI; Docker; NLP; Computer Vision; REST API; Git,43.01,0
CAND_2024,Michael Sharma,Fullstack Software Engineer,10,0.7143,13,2,2,2.4,1,B.Tech / B.E / B.S,4,4,0,520,Git; Docker; CSS3; PostgreSQL; SQL; Spring Boot; REST API; HTML5; JavaScript; Node.js,React; TypeScript; Java; MongoDB,67.82,1
CAND_2025,Aditi Sharma,Frontend React Engineer,3,0.2308,5,4,3,0.7,1,B.Tech / B.E / B.S,3,10,1,352,JavaScript; Vite; TypeScript,React; Next.js; HTML5; CSS3; Tailwind CSS; Redux; REST API; GraphQL; Webpack; Git,49.93,0
CAND_2026,Alex Taylor,Cloud & DevOps Engineer,12,0.9231,21,0,0,1.9,1,B.Tech / B.E / B.S,3,1,0,326,GitHub Actions; Docker; Prometheus; Ansible; AWS; Git; Bash; Python; Kubernetes; Jenkins; Linux; Terraform,CI/CD,57.57,0
CAND_2027,Maya Reddy,Backend Java Developer,9,0.6429,11,3,0,2.4,2,M.Tech / M.S / Ph.D,4,5,1,611,SQL; Spring Boot; Redis; MySQL; Microservices; Git; Java; PostgreSQL; Kafka,REST API; Hibernate; Docker; AWS; Maven,76.69,1
CAND_2028,Vikram Taylor,Frontend React Engineer,7,0.5385,10,3,0,0.4,1,B.Tech / B.E / B.S,2,6,1,415,TypeScript; Next.js; React; REST API; Vite; Redux; CSS3,JavaScript; HTML5; Tailwind CSS; GraphQL; Webpack; Git,60.42,1
CAND_2029,Aditi Davis,Mobile Application Developer,7,0.5833,9,1,0,2.4,1,B.Tech / B.E / B.S,4,5,1,371,Git; UI/UX; Dart; Java; Kotlin; Android; Flutter,React Native; Swift; Firebase; REST API; SQLite,55.78,0
CAND_2030,Maya Sharma,Fullstack Software Engineer,3,0.2143,7,2,0,2.3,1,B.Tech / B.E / B.S,2,11,0,495,HTML5; SQL; Node.js,React; JavaScript; TypeScript; Java; Spring Boot; PostgreSQL; MongoDB; REST API; Git; Docker; CSS3,43.48,0
CAND_2031,Ananya Smith,Backend Java Developer,4,0.2857,7,2,2,1.8,0,Diploma / Associate,5,10,0,186,REST API; Spring Boot; Java; MySQL,Microservices; SQL; PostgreSQL; Hibernate; Redis; Kafka; Docker; AWS; Git; Maven,44.65,0
CAND_2032,Aarav Sharma,Frontend React Engineer,10,0.7692,14,1,2,1.2,1,B.Tech / B.E / B.S,3,3,0,218,Next.js; Webpack; Vite; JavaScript; Git; GraphQL; Tailwind CSS; CSS3; Redux; HTML5,React; TypeScript; REST API,60.67,1
CAND_2033,Aditi Brown,Python / AI Engineer,10,0.7692,14,1,0,2.6,1,B.Tech / B.E / B.S,2,3,1,511,PyTorch; NumPy; REST API; Docker; Scikit-Learn; NLP; Pandas; FastAPI; Computer Vision; Python,TensorFlow; SQL; Git,61.42,1
CAND_2034,Ananya Gupta,Fullstack Software Engineer,8,0.5714,12,2,1,2.1,1,B.Tech / B.E / B.S,4,6,0,549,Spring Boot; CSS3; TypeScript; React; SQL; HTML5; Git; Node.js,JavaScript; Java; PostgreSQL; MongoDB; REST API; Docker,60.95,1
CAND_2035,Rahul Taylor,Backend Java Developer,7,0.5,11,2,0,1.5,1,B.Tech / B.E / B.S,1,7,1,261,Spring Boot; Docker; SQL; Git; Kafka; PostgreSQL; Java,Microservices; REST API; MySQL; Hibernate; Redis; AWS; Maven,59.88,1
CAND_2036,Rohan Gupta,Cloud & DevOps Engineer,8,0.6154,13,4,0,9.9,2,M.Tech / M.S / Ph.D,3,5,0,364,Terraform; Python; GitHub Actions; Docker; Ansible; Kubernetes; Bash; Linux,AWS; CI/CD; Jenkins; Prometheus; Git,80.44,1
CAND_2037,Maya Chen,Mobile Application Developer,1,0.0833,1,3,1,0.4,2,M.Tech / M.S / Ph.D,2,11,1,447,UI/UX,Flutter; Dart; React Native; Android; Kotlin; Swift; Java; Firebase; REST API; SQLite; Git,36.72,0
CAND_2038,David Iyer,Frontend React Engineer,6,0.4615,10,0,2,4.0,1,B.Tech / B.E / B.S,3,7,1,411,TypeScript; Webpack; CSS3; Redux; JavaScript; Vite,React; Next.js; HTML5; Tailwind CSS; REST API; GraphQL; Git,54.28,0
CAND_2039,Aarav Thomas,Python / AI Engineer,6,0.4615,9,2,1,1.0,1,B.Tech / B.E / B.S,1,7,0,505,FastAPI; SQL; Docker; Scikit-Learn; Computer Vision; Python,PyTorch; TensorFlow; Pandas; NumPy; NLP; REST API; Git,50.22,0
CAND_2040,Ananya Sharma,Python / AI Engineer,1,0.0769,4,1,0,1.3,1,B.Tech / B.E / B.S,2,12,1,632,Git,Python; PyTorch; TensorFlow; Scikit-Learn; Pandas; NumPy; SQL; FastAPI; Docker; NLP; Computer Vision; REST API,29.81,0
CAND_2041,Sneha Rao,Backend Java Developer,8,0.5714,12,2,2,1.8,1,B.Tech / B.E / B.S,2,6,1,554,AWS; MySQL; REST API; Kafka; Spring Boot; Java; Microservices; Hibernate,SQL; PostgreSQL; Redis; Docker; Git; Maven,65.63,1
CAND_2042,Elena Rao,Backend Java Developer,8,0.5714,12,5,2,3.0,1,B.Tech / B.E / B.S,2,6,1,533,Microservices; MySQL; REST API; Docker; Java; AWS; Hibernate; PostgreSQL,Spring Boot; SQL; Redis; Kafka; Git; Maven,73.84,1
CAND_2043,Alex Iyer,Frontend React Engineer,9,0.6923,14,1,1,1.0,1,B.Tech / B.E / B.S,2,4,0,449,CSS3; Webpack; React; REST API; Tailwind CSS; HTML5; GraphQL; Vite; JavaScript,TypeScript; Next.js; Redux; Git,60.09,1
CAND_2044,Alex Chen,Backend Java Developer,5,0.3571,12,2,0,0.9,1,B.Tech / B.E / B.S,5,9,1,398,REST API; Redis; Java; Docker; Maven,Spring Boot; Microservices; SQL; PostgreSQL; MySQL; Hibernate; Kafka; AWS; Git,51.98,0
CAND_2045,Ananya Thomas,Cloud & DevOps Engineer,11,0.8462,14,2,0,4.9,1,B.Tech / B.E / B.S,3,2,0,419,Ansible; CI/CD; Kubernetes; GitHub Actions; Linux; Docker; Jenkins; AWS; Git; Python; Terraform,Bash; Prometheus,82.45,1
CAND_2046,Vikram Gupta,Backend Java Developer,2,0.1429,4,4,2,1.6,1,B.Tech / B.E / B.S,2,12,0,443,Spring Boot; Microservices,Java; REST API; SQL; PostgreSQL; MySQL; Hibernate; Redis; Kafka; Docker; AWS; Git; Maven,39.93,0
CAND_2047,James Miller,Backend Java Developer,8,0.5714,10,4,1,3.1,1,B.Tech / B.E / B.S,3,6,1,326,REST API; Redis; Spring Boot; MySQL; Hibernate; SQL; Microservices; PostgreSQL,Java; Kafka; Docker; AWS; Git; Maven,73.66,1
CAND_2048,Rahul Singh,Cloud & DevOps Engineer,4,0.3077,6,2,1,0.3,2,M.Tech / M.S / Ph.D,3,9,1,523,Kubernetes; Python; AWS; Terraform,Linux; Docker; CI/CD; Jenkins; GitHub Actions; Ansible; Bash; Prometheus; Git,51.11,0
CAND_2049,Pooja Anderson,Cloud & DevOps Engineer,4,0.3077,8,0,1,0.7,1,B.Tech / B.E / B.S,3,9,1,267,Bash; AWS; Terraform; GitHub Actions,Linux; Docker; Kubernetes; CI/CD; Jenkins; Ansible; Python; Prometheus; Git,38.09,0
CAND_2050,Rohan Smith,Cloud & DevOps Engineer,8,0.6154,12,3,1,1.5,2,M.Tech / M.S / Ph.D,2,5,1,594,Jenkins; Kubernetes; GitHub Actions; Bash; Git; Ansible; Python; Docker,Linux; AWS; Terraform; CI/CD; Prometheus,77.7,1
CAND_2051,Elena Sharma,Cloud & DevOps Engineer,6,0.4615,12,2,1,3.9,2,M.Tech / M.S / Ph.D,4,7,0,388,Jenkins; Docker; Terraform; Python; Ansible; Kubernetes,Linux; AWS; CI/CD; GitHub Actions; Bash; Prometheus; Git,56.42,0
CAND_2052,Chloe Nair,Frontend React Engineer,11,0.8462,14,4,2,3.4,1,B.Tech / B.E / B.S,4,2,0,413,Tailwind CSS; Redux; HTML5; Vite; Webpack; Git; REST API; GraphQL; Next.js; React; JavaScript,TypeScript; CSS3,87.44,1
CAND_2053,Vikram Wilson,Backend Java Developer,8,0.5714,14,5,1,4.2,1,B.Tech / B.E / B.S,3,6,0,486,Microservices; REST API; Java; AWS; Redis; PostgreSQL; Hibernate; Git,Spring Boot; SQL; MySQL; Kafka; Docker; Maven,75.61,1
CAND_2054,Sarah Johnson,Mobile Application Developer,6,0.5,7,1,1,0.3,1,B.Tech / B.E / B.S,2,6,1,330,Swift; Java; Firebase; Kotlin; Dart; Android,Flutter; React Native; REST API; SQLite; Git; UI/UX,48.93,0
CAND_2055,Aditi Reddy,Cloud & DevOps Engineer,11,0.8462,15,3,0,1.1,1,B.Tech / B.E / B.S,4,2,0,562,Python; Kubernetes; AWS; Jenkins; Terraform; CI/CD; Ansible; GitHub Actions; Bash; Prometheus; Git,Linux; Docker,72.96,1
CAND_2056,Aditi Johnson,Cloud & DevOps Engineer,4,0.3077,9,1,0,0.2,1,B.Tech / B.E / B.S,3,9,0,455,Prometheus; AWS; Git; GitHub Actions,Linux; Docker; Kubernetes; Terraform; CI/CD; Jenkins; Ansible; Python; Bash,35.7,0
CAND_2057,Aditi Smith,Mobile Application Developer,5,0.4167,9,3,4,0.1,2,M.Tech / M.S / Ph.D,1,7,1,476,UI/UX; Git; Flutter; React Native; Kotlin,Dart; Android; Swift; Java; Firebase; REST API; SQLite,55.85,0
CAND_2058,Maya Taylor,Mobile Application Developer,8,0.6667,11,2,1,0.0,1,B.Tech / B.E / B.S,2,4,1,446,React Native; Kotlin; Android; UI/UX; Flutter; Firebase; Java; SQLite,Dart; Swift; REST API; Git,61.47,1
CAND_2059,David Anderson,Fullstack Software Engineer,2,0.1429,8,3,2,3.8,1,B.Tech / B.E / B.S,2,12,1,476,MongoDB; Node.js,React; JavaScript; TypeScript; Java; Spring Boot; SQL; PostgreSQL; REST API; Git; Docker; HTML5; CSS3,58.93,0
CAND_2060,Sarah Nair,Cloud & DevOps Engineer,4,0.3077,9,2,1,4.9,2,M.Tech / M.S / Ph.D,5,9,1,390,Terraform; Prometheus; Git; Ansible,Linux; Docker; Kubernetes; AWS; CI/CD; Jenkins; GitHub Actions; Python; Bash,66.52,1
CAND_2061,Chloe Johnson,Python / AI Engineer,4,0.3077,5,3,1,7.1,1,B.Tech / B.E / B.S,1,9,1,396,Pandas; REST API; SQL; PyTorch,Python; TensorFlow; Scikit-Learn; NumPy; FastAPI; Docker; NLP; Computer Vision; Git,58.14,1
CAND_2062,Sneha Anderson,Frontend React Engineer,7,0.5385,13,4,1,4.9,1,B.Tech / B.E / B.S,2,6,0,518,TypeScript; HTML5; Next.js; Tailwind CSS; Vite; React; JavaScript,CSS3; Redux; REST API; GraphQL; Webpack; Git,75.38,1
CAND_2063,Elena Sharma,Fullstack Software Engineer,8,0.5714,19,1,1,1.1,1,B.Tech / B.E / B.S,2,6,0,344,JavaScript; HTML5; Docker; SQL; MongoDB; Git; Java; Spring Boot,React; TypeScript; Node.js; PostgreSQL; REST API; CSS3,44.34,0
CAND_2064,Sarah Nair,Backend Java Developer,13,0.9286,16,1,0,0.1,1,B.Tech / B.E / B.S,3,1,1,364,PostgreSQL; Microservices; AWS; Git; REST API; Hibernate; Docker; SQL; Java; Kafka; Spring Boot; Maven; Redis,MySQL,64.57,1
CAND_2065,Aditi Nair,Backend Java Developer,2,0.1429,5,2,1,1.5,1,B.Tech / B.E / B.S,2,12,0,529,SQL; MySQL,Java; Spring Boot; Microservices; REST API; PostgreSQL; Hibernate; Redis; Kafka; Docker; AWS; Git; Maven,41.24,0
CAND_2066,Michael Thomas,Fullstack Software Engineer,10,0.7143,12,2,2,3.3,1,B.Tech / B.E / B.S,2,4,1,570,CSS3; Git; TypeScript; JavaScript; Java; HTML5; SQL; React; Docker; PostgreSQL,Node.js; Spring Boot; MongoDB; REST API,80.37,1
CAND_2067,Alex Sharma,Python / AI Engineer,7,0.5385,9,2,1,1.5,0,Diploma / Associate,3,6,1,438,Scikit-Learn; FastAPI; REST API; PyTorch; Python; Docker; TensorFlow,Pandas; NumPy; SQL; NLP; Computer Vision; Git,58.65,1
CAND_2068,Aarav Anderson,Fullstack Software Engineer,8,0.5714,10,3,0,1.2,2,M.Tech / M.S / Ph.D,2,6,0,336,JavaScript; Node.js; MongoDB; React; SQL; Docker; Java; HTML5,TypeScript; Spring Boot; PostgreSQL; REST API; Git; CSS3,61.66,1
CAND_2069,Elena Chen,Python / AI Engineer,5,0.3846,11,3,1,0.3,1,B.Tech / B.E / B.S,2,8,1,420,SQL; NumPy; REST API; Computer Vision; NLP,Python; PyTorch; TensorFlow; Scikit-Learn; Pandas; FastAPI; Docker; Git,56.88,0
CAND_2070,Ananya Smith,Mobile Application Developer,7,0.5833,12,0,2,3.8,1,B.Tech / B.E / B.S,2,5,0,421,Java; UI/UX; SQLite; Flutter; Swift; Git; React Native,Dart; Android; Kotlin; Firebase; REST API,57.57,0
CAND_2071,Sneha Sharma,Cloud & DevOps Engineer,10,0.7692,10,4,1,4.2,0,Diploma / Associate,2,3,1,403,Prometheus; Jenkins; Kubernetes; Linux; Docker; Terraform; CI/CD; Ansible; Bash; AWS,GitHub Actions; Python; Git,85.63,1
CAND_2072,Maya Wilson,Python / AI Engineer,5,0.3846,8,3,1,1.0,1,B.Tech / B.E / B.S,1,8,1,400,SQL; Computer Vision; Scikit-Learn; Python; NumPy,PyTorch; TensorFlow; Pandas; FastAPI; Docker; NLP; REST API; Git,51.99,0
CAND_2073,Aarav Smith,Fullstack Software Engineer,6,0.4286,9,1,0,5.9,1,B.Tech / B.E / B.S,5,8,1,518,HTML5; Docker; Spring Boot; Git; PostgreSQL; Node.js,React; JavaScript; TypeScript; Java; SQL; MongoDB; REST API; CSS3,53.31,0
CAND_2074,Maya Wilson,Cloud & DevOps Engineer,2,0.1538,5,2,0,0.5,1,B.Tech / B.E / B.S,2,11,1,433,Prometheus; Python,Linux; Docker; Kubernetes; AWS; Terraform; CI/CD; Jenkins; GitHub Actions; Ansible; Bash; Git,35.67,0
CAND_2075,Rohan Smith,Cloud & DevOps Engineer,6,0.4615,8,1,0,0.5,1,B.Tech / B.E / B.S,1,7,1,497,GitHub Actions; Bash; Docker; Jenkins; Terraform; AWS,Linux; Kubernetes; CI/CD; Ansible; Python; Prometheus; Git,34.64,0
CAND_2076,Vikram Davis,Python / AI Engineer,2,0.1538,3,3,1,3.2,1,B.Tech / B.E / B.S,4,11,0,316,Git; REST API,Python; PyTorch; TensorFlow; Scikit-Learn; Pandas; NumPy; SQL; FastAPI; Docker; NLP; Computer Vision,46.95,0
CAND_2077,Daniel Verma,Backend Java Developer,6,0.4286,8,2,0,2.4,1,B.Tech / B.E / B.S,1,8,0,505,Hibernate; Git; Spring Boot; SQL; Redis; Maven,Java; Microservices; REST API; PostgreSQL; MySQL; Kafka; Docker; AWS,42.33,0
CAND_2078,Priya Taylor,Fullstack Software Engineer,12,0.8571,17,2,1,0.7,1,B.Tech / B.E / B.S,3,2,0,272,PostgreSQL; Git; MongoDB; Node.js; HTML5; REST API; TypeScript; SQL; Spring Boot; React; Java; JavaScript,Docker; CSS3,69.06,1
CAND_2079,Aarav Nair,Frontend React Engineer,8,0.6154,12,2,0,0.1,2,M.Tech / M.S / Ph.D,4,5,0,415,Tailwind CSS; HTML5; Next.js; Vite; Redux; JavaScript; CSS3; REST API,React; TypeScript; GraphQL; Webpack; Git,58.94,1
CAND_2080,Chloe Wilson,Fullstack Software Engineer,10,0.7143,15,1,3,0.7,1,B.Tech / B.E / B.S,2,4,1,391,HTML5; Docker; Spring Boot; Node.js; REST API; JavaScript; CSS3; Git; PostgreSQL; SQL,React; TypeScript; Java; MongoDB,64.92,1
CAND_2081,Chloe Brown,Backend Java Developer,7,0.5,8,2,0,3.5,1,B.Tech / B.E / B.S,4,7,1,436,REST API; SQL; Spring Boot; Git; AWS; Kafka; Redis,Java; Microservices; PostgreSQL; MySQL; Hibernate; Docker; Maven,60.48,1
CAND_2082,Alex Anderson,Backend Java Developer,9,0.6429,18,3,1,9.3,1,B.Tech / B.E / B.S,2,5,0,423,AWS; Spring Boot; Kafka; PostgreSQL; Microservices; Docker; MySQL; SQL; Redis,Java; REST API; Hibernate; Git; Maven,82.66,1
CAND_2083,Aarav Rao,Fullstack Software Engineer,1,0.0714,4,3,1,0.6,1,B.Tech / B.E / B.S,1,13,0,375,REST API,React; JavaScript; TypeScript; Node.js; Java; Spring Boot; SQL; PostgreSQL; MongoDB; Git; Docker; HTML5; CSS3,37.63,0
CAND_2084,Chloe Gupta,Cloud & DevOps Engineer,5,0.3846,8,1,0,1.8,1,B.Tech / B.E / B.S,2,8,1,363,Jenkins; CI/CD; Prometheus; Kubernetes; Ansible,Linux; Docker; AWS; Terraform; GitHub Actions; Python; Bash; Git,45.23,0
CAND_2085,Maya Anderson,Backend Java Developer,7,0.5,11,2,0,1.4,1,B.Tech / B.E / B.S,2,7,0,392,Spring Boot; MySQL; Java; Redis; Hibernate; PostgreSQL; Microservices,REST API; SQL; Kafka; Docker; AWS; Git; Maven,47.55,0
CAND_2086,Pooja Singh,Cloud & DevOps Engineer,6,0.4615,8,2,0,5.6,1,B.Tech / B.E / B.S,1,7,1,471,Bash; GitHub Actions; Kubernetes; Python; Terraform; Git,Linux; Docker; AWS; CI/CD; Jenkins; Ansible; Prometheus,58.72,1
CAND_2087,Aditi Thomas,Frontend React Engineer,8,0.6154,17,2,1,0.9,2,M.Tech / M.S / Ph.D,3,5,0,460,HTML5; REST API; JavaScript; Git; Redux; Next.js; Vite; TypeScript,React; CSS3; Tailwind CSS; GraphQL; Webpack,66.26,1
CAND_2088,David Verma,Frontend React Engineer,6,0.4615,10,5,0,9.3,2,M.Tech / M.S / Ph.D,6,7,1,409,TypeScript; Vite; Next.js; Webpack; React; Git,JavaScript; HTML5; CSS3; Tailwind CSS; Redux; REST API; GraphQL,74.92,1
CAND_2089,Elena Johnson,Frontend React Engineer,5,0.3846,13,3,1,3.6,1,B.Tech / B.E / B.S,2,8,0,460,Webpack; TypeScript; React; REST API; Tailwind CSS,JavaScript; Next.js; HTML5; CSS3; Redux; GraphQL; Vite; Git,59.28,1
CAND_2090,Alex Brown,Mobile Application Developer,8,0.6667,11,0,2,2.9,1,B.Tech / B.E / B.S,2,4,1,340,Firebase; Swift; Java; SQLite; Dart; Kotlin; Git; React Native,Flutter; Android; REST API; UI/UX,63.1,1
CAND_2091,Pooja Gupta,Mobile Application Developer,10,0.8333,15,4,1,4.5,2,M.Tech / M.S / Ph.D,2,2,1,275,REST API; Java; Dart; React Native; Swift; Git; Kotlin; Flutter; UI/UX; SQLite,Android; Firebase,83.34,1
CAND_2092,Priya Anderson,Backend Java Developer,7,0.5,14,2,1,3.3,1,B.Tech / B.E / B.S,1,7,1,184,Hibernate; AWS; Maven; SQL; Microservices; REST API; Redis,Java; Spring Boot; PostgreSQL; MySQL; Kafka; Docker; Git,65.87,1
CAND_2093,Rahul Sharma,Frontend React Engineer,5,0.3846,9,3,3,1.7,2,M.Tech / M.S / Ph.D,1,8,1,395,Vite; GraphQL; JavaScript; TypeScript; Tailwind CSS,React; Next.js; HTML5; CSS3; Redux; REST API; Webpack; Git,62.5,1
CAND_2094,Sarah Nair,Fullstack Software Engineer,3,0.2143,4,2,1,3.3,1,B.Tech / B.E / B.S,1,11,0,424,JavaScript; Spring Boot; PostgreSQL,React; TypeScript; Node.js; Java; SQL; MongoDB; REST API; Git; Docker; HTML5; CSS3,45.69,0
CAND_2095,Priya Verma,Fullstack Software Engineer,3,0.2143,7,2,1,1.3,1,B.Tech / B.E / B.S,3,11,1,380,MongoDB; Git; Spring Boot,React; JavaScript; TypeScript; Node.js; Java; SQL; PostgreSQL; REST API; Docker; HTML5; CSS3,44.35,0
CAND_2096,James Brown,Backend Java Developer,11,0.7857,16,1,4,0.3,1,B.Tech / B.E / B.S,2,3,1,499,Docker; AWS; MySQL; REST API; Java; Spring Boot; Maven; Hibernate; Git; Microservices; Redis,SQL; PostgreSQL; Kafka,62.72,1
CAND_2097,David Patel,Cloud & DevOps Engineer,6,0.4615,9,2,0,5.9,2,M.Tech / M.S / Ph.D,4,7,1,260,Bash; Jenkins; Terraform; GitHub Actions; CI/CD; Linux,Docker; Kubernetes; AWS; Ansible; Python; Prometheus; Git,64.22,1
CAND_2098,Sneha Reddy,Fullstack Software Engineer,12,0.8571,15,3,2,7.7,1,B.Tech / B.E / B.S,3,2,1,547,JavaScript; PostgreSQL; Git; Docker; MongoDB; Node.js; React; Java; SQL; Spring Boot; REST API; CSS3,TypeScript; HTML5,96.02,1
CAND_2099,Sneha Anderson,Backend Java Developer,12,0.8571,17,4,1,3.4,1,B.Tech / B.E / B.S,2,2,0,421,MySQL; Hibernate; Docker; Maven; SQL; Microservices; Spring Boot; Redis; Java; Kafka; Git; REST API,PostgreSQL; AWS,81.97,1
CAND_2100,Aarav Johnson,Python / AI Engineer,10,0.7692,13,5,0,2.1,1,B.Tech / B.E / B.S,4,3,0,409,Docker; Git; FastAPI; PyTorch; REST API; NLP; SQL; Computer Vision; Python; NumPy,TensorFlow; Scikit-Learn; Pandas,73.93,1
CAND_2101,Maya Nair,Fullstack Software Engineer,5,0.3571,8,2,0,0.3,1,B.Tech / B.E / B.S,2,9,0,573,MongoDB; PostgreSQL; Spring Boot; JavaScript; React,TypeScript; Node.js; Java; SQL; REST API; Git; Docker; HTML5; CSS3,36.35,0
CAND_2102,Vikram Anderson,Backend Java Developer,10,0.7143,15,2,0,2.8,1,B.Tech / B.E / B.S,3,4,1,444,Docker; Microservices; Spring Boot; Redis; SQL; Java; AWS; Maven; Kafka; Git,REST API; PostgreSQL; MySQL; Hibernate,71.46,1
CAND_2103,Emily Miller,Backend Java Developer,10,0.7143,11,2,1,12.0,1,B.Tech / B.E / B.S,3,4,0,622,MySQL; Docker; Java; REST API; SQL; AWS; Kafka; PostgreSQL; Hibernate; Git,Spring Boot; Microservices; Redis; Maven,77.91,1
CAND_2104,Vikram Anderson,Cloud & DevOps Engineer,4,0.3077,5,0,0,3.0,1,B.Tech / B.E / B.S,3,9,1,484,Prometheus; CI/CD; Ansible; Git,Linux; Docker; Kubernetes; AWS; Terraform; Jenkins; GitHub Actions; Python; Bash,40.67,0
CAND_2105,Maya Miller,Python / AI Engineer,4,0.3077,6,3,1,2.3,1,B.Tech / B.E / B.S,1,9,0,150,Scikit-Learn; REST API; PyTorch; Python,TensorFlow; Pandas; NumPy; SQL; FastAPI; Docker; NLP; Computer Vision; Git,51.05,0
CAND_2106,Ananya Verma,Backend Java Developer,3,0.2143,6,2,1,6.7,1,B.Tech / B.E / B.S,4,11,1,370,Microservices; SQL; REST API,Java; Spring Boot; PostgreSQL; MySQL; Hibernate; Redis; Kafka; Docker; AWS; Git; Maven,51.19,0
CAND_2107,Vikram Thomas,Python / AI Engineer,10,0.7692,16,0,0,2.0,1,B.Tech / B.E / B.S,2,3,1,450,Scikit-Learn; NLP; NumPy; Pandas; TensorFlow; SQL; Python; REST API; Docker; Computer Vision,PyTorch; FastAPI; Git,58.0,1
CAND_2108,David Nair,Cloud & DevOps Engineer,6,0.4615,10,4,2,0.7,1,B.Tech / B.E / B.S,5,7,1,150,GitHub Actions; Docker; Terraform; Jenkins; Kubernetes; AWS,Linux; CI/CD; Ansible; Python; Bash; Prometheus; Git,66.06,1
CAND_2109,Rohan Kumar,Mobile Application Developer,9,0.75,10,2,1,0.5,1,B.Tech / B.E / B.S,3,3,1,599,UI/UX; Git; Android; Swift; React Native; SQLite; Dart; Firebase; Java,Flutter; Kotlin; REST API,69.64,1
CAND_2110,David Sharma,Python / AI Engineer,2,0.1538,5,2,0,0.3,1,B.Tech / B.E / B.S,1,11,1,441,Scikit-Learn; PyTorch,Python; TensorFlow; Pandas; NumPy; SQL; FastAPI; Docker; NLP; Computer Vision; REST API; Git,27.73,0
CAND_2111,Karthik Reddy,Python / AI Engineer,11,0.8462,13,3,1,1.5,1,B.Tech / B.E / B.S,2,2,1,419,PyTorch; Computer Vision; Docker; SQL; Git; NumPy; FastAPI; Python; TensorFlow; Pandas; REST API,Scikit-Learn; NLP,72.45,1
CAND_2112,Vikram Singh,Frontend React Engineer,10,0.7692,15,4,1,7.8,1,B.Tech / B.E / B.S,5,3,1,431,React; JavaScript; Tailwind CSS; Next.js; Webpack; Vite; REST API; Git; Redux; TypeScript,HTML5; CSS3; GraphQL,84.18,1
CAND_2113,James Wilson,Fullstack Software Engineer,7,0.5,13,2,0,0.2,1,B.Tech / B.E / B.S,2,7,0,155,MongoDB; Spring Boot; Docker; REST API; Java; CSS3; Git,React; JavaScript; TypeScript; Node.js; SQL; PostgreSQL; HTML5,49.41,0
CAND_2114,Maya Reddy,Fullstack Software Engineer,2,0.1429,4,2,1,1.2,1,B.Tech / B.E / B.S,4,12,1,423,TypeScript; Spring Boot,React; JavaScript; Node.js; Java; SQL; PostgreSQL; MongoDB; REST API; Git; Docker; HTML5; CSS3,37.87,0
CAND_2115,David Nair,Frontend React Engineer,5,0.3846,10,2,1,0.6,1,B.Tech / B.E / B.S,3,8,1,398,Git; Vite; Webpack; REST API; GraphQL,React; JavaScript; TypeScript; Next.js; HTML5; CSS3; Tailwind CSS; Redux,60.17,1
CAND_2116,Maya Johnson,Cloud & DevOps Engineer,5,0.3846,12,2,1,0.7,1,B.Tech / B.E / B.S,5,8,0,359,Python; Kubernetes; Terraform; Linux; Ansible,Docker; AWS; CI/CD; Jenkins; GitHub Actions; Bash; Prometheus; Git,50.73,0
CAND_2117,Vikram Iyer,Backend Java Developer,8,0.5714,11,5,1,3.3,2,M.Tech / M.S / Ph.D,3,6,1,265,MySQL; Kafka; AWS; SQL; Java; PostgreSQL; REST API; Redis,Spring Boot; Microservices; Hibernate; Docker; Git; Maven,76.34,1
CAND_2118,Maya Brown,Mobile Application Developer,8,0.6667,8,3,3,2.8,1,B.Tech / B.E / B.S,5,4,1,328,Firebase; React Native; UI/UX; Swift; SQLite; Kotlin; Git; REST API,Flutter; Dart; Android; Java,86.23,1
CAND_2119,Sarah Davis,Mobile Application Developer,9,0.75,10,2,0,0.4,1,B.Tech / B.E / B.S,2,3,1,505,Android; Kotlin; Dart; Git; Java; Firebase; React Native; Flutter; REST API,Swift; SQLite; UI/UX,65.81,1
CAND_2120,Rohan Singh,Fullstack Software Engineer,11,0.7857,15,3,0,0.3,1,B.Tech / B.E / B.S,2,3,0,393,TypeScript; REST API; React; JavaScript; Java; MongoDB; PostgreSQL; SQL; Docker; Node.js; Git,Spring Boot; HTML5; CSS3,70.02,1
CAND_2121,Elena Wilson,Python / AI Engineer,7,0.5385,9,3,2,3.4,1,B.Tech / B.E / B.S,1,6,0,343,Computer Vision; Git; Docker; PyTorch; SQL; Python; Pandas,TensorFlow; Scikit-Learn; NumPy; FastAPI; NLP; REST API,66.95,1
CAND_2122,Rahul Sharma,Mobile Application Developer,3,0.25,8,2,3,0.7,2,M.Tech / M.S / Ph.D,5,9,1,331,Java; REST API; Swift,Flutter; Dart; React Native; Android; Kotlin; Firebase; SQLite; Git; UI/UX,54.5,0
CAND_2123,Ananya Davis,Mobile Application Developer,7,0.5833,10,2,4,3.8,1,B.Tech / B.E / B.S,3,5,1,412,SQLite; Flutter; UI/UX; Firebase; React Native; Swift; Kotlin,Dart; Android; Java; REST API; Git,67.95,1
CAND_2124,Ananya Nair,Fullstack Software Engineer,10,0.7143,14,3,3,0.4,1,B.Tech / B.E / B.S,3,4,1,583,Spring Boot; TypeScript; MongoDB; CSS3; React; SQL; PostgreSQL; Node.js; JavaScript; HTML5,Java; REST API; Git; Docker,78.12,1
CAND_2125,Sneha Chen,Mobile Application Developer,9,0.75,11,1,0,1.3,2,M.Tech / M.S / Ph.D,2,3,0,290,Android; REST API; Dart; Kotlin; Git; UI/UX; React Native; Swift; SQLite,Flutter; Java; Firebase,52.0,0
CAND_2126,Aarav Anderson,Cloud & DevOps Engineer,4,0.3077,8,4,2,0.1,1,B.Tech / B.E / B.S,2,9,1,331,AWS; Terraform; Bash; Ansible,Linux; Docker; Kubernetes; CI/CD; Jenkins; GitHub Actions; Python; Prometheus; Git,54.53,0
CAND_2127,Aditi Taylor,Python / AI Engineer,12,0.9231,15,2,0,0.3,1,B.Tech / B.E / B.S,2,1,0,261,FastAPI; Python; NumPy; REST API; Git; Computer Vision; TensorFlow; SQL; NLP; Pandas; PyTorch; Scikit-Learn,Docker,69.11,1
CAND_2128,David Smith,Fullstack Software Engineer,7,0.5,10,1,0,3.4,1,B.Tech / B.E / B.S,3,7,1,257,JavaScript; SQL; PostgreSQL; Node.js; CSS3; MongoDB; TypeScript,React; Java; Spring Boot; REST API; Git; Docker; HTML5,59.36,1
CAND_2129,Sarah Reddy,Cloud & DevOps Engineer,10,0.7692,12,1,1,5.3,0,Diploma / Associate,3,3,1,592,Linux; Kubernetes; Bash; Terraform; AWS; GitHub Actions; Ansible; Prometheus; CI/CD; Python,Docker; Jenkins; Git,69.0,1
CAND_2130,Sarah Nair,Python / AI Engineer,2,0.1538,7,2,0,0.4,1,B.Tech / B.E / B.S,3,11,0,280,Git; Pandas,Python; PyTorch; TensorFlow; Scikit-Learn; NumPy; SQL; FastAPI; Docker; NLP; Computer Vision; REST API,31.84,0
CAND_2131,Sneha Taylor,Mobile Application Developer,9,0.75,12,2,0,0.2,1,B.Tech / B.E / B.S,2,3,0,515,Firebase; React Native; Git; Swift; Java; Flutter; SQLite; Dart; UI/UX,Android; Kotlin; REST API,61.0,1
CAND_2132,Rahul Rao,Fullstack Software Engineer,13,0.9286,17,2,0,2.2,1,B.Tech / B.E / B.S,4,1,0,357,TypeScript; SQL; HTML5; Spring Boot; React; CSS3; Node.js; PostgreSQL; Git; MongoDB; REST API; JavaScript; Java,Docker,81.51,1
CAND_2133,Chloe Wilson,Mobile Application Developer,9,0.75,11,2,1,6.7,2,M.Tech / M.S / Ph.D,3,3,1,483,UI/UX; React Native; Swift; Java; REST API; Dart; Flutter; SQLite; Kotlin,Android; Firebase; Git,76.67,1
CAND_2134,Vikram Iyer,Frontend React Engineer,7,0.5385,9,0,0,0.6,1,B.Tech / B.E / B.S,3,6,1,365,REST API; React; Webpack; Next.js; Vite; CSS3; GraphQL,JavaScript; TypeScript; HTML5; Tailwind CSS; Redux; Git,43.69,0
CAND_2135,Maya Sharma,Cloud & DevOps Engineer,10,0.7692,14,0,0,2.2,1,B.Tech / B.E / B.S,2,3,1,265,GitHub Actions; Terraform; Prometheus; Git; Docker; Jenkins; Ansible; Bash; Python; CI/CD,Linux; Kubernetes; AWS,61.25,1
CAND_2136,Ananya Kumar,Fullstack Software Engineer,13,0.9286,17,2,2,9.9,1,B.Tech / B.E / B.S,1,1,1,313,CSS3; Java; Docker; Node.js; SQL; Git; PostgreSQL; Spring Boot; React; HTML5; JavaScript; REST API; TypeScript,MongoDB,86.97,1
CAND_2137,Ananya Reddy,Backend Java Developer,6,0.4286,10,1,1,0.1,0,Diploma / Associate,3,8,0,294,MySQL; Java; SQL; REST API; Microservices; Maven,Spring Boot; PostgreSQL; Hibernate; Redis; Kafka; Docker; AWS; Git,42.69,0
CAND_2138,Aarav Thomas,Backend Java Developer,5,0.3571,7,2,0,4.5,1,B.Tech / B.E / B.S,3,9,0,281,Spring Boot; Java; MySQL; AWS; Redis,Microservices; REST API; SQL; PostgreSQL; Hibernate; Kafka; Docker; Git; Maven,56.64,0
CAND_2139,Pooja Singh,Backend Java Developer,9,0.6429,16,3,0,0.6,1,B.Tech / B.E / B.S,3,5,0,325,PostgreSQL; MySQL; Hibernate; Java; Redis; Git; Docker; Microservices; AWS,Spring Boot; REST API; SQL; Kafka; Maven,67.29,1
CAND_2140,Karthik Smith,Frontend React Engineer,7,0.5385,10,1,2,6.1,1,B.Tech / B.E / B.S,3,6,1,246,CSS3; Vite; Tailwind CSS; Next.js; Git; React; JavaScript,TypeScript; HTML5; Redux; REST API; GraphQL; Webpack,64.32,1
CAND_2141,Aditi Sharma,Fullstack Software Engineer,4,0.2857,8,4,1,1.6,2,M.Tech / M.S / Ph.D,4,10,1,445,Git; Docker; Spring Boot; Node.js,React; JavaScript; TypeScript; Java; SQL; PostgreSQL; MongoDB; REST API; HTML5; CSS3,56.73,0
CAND_2142,Pooja Wilson,Frontend React Engineer,12,0.9231,17,2,2,0.1,1,B.Tech / B.E / B.S,4,1,0,342,GraphQL; JavaScript; Tailwind CSS; TypeScript; HTML5; Redux; Git; Webpack; CSS3; React; Next.js; REST API,Vite,68.05,1
CAND_2143,Chloe Iyer,Frontend React Engineer,10,0.7692,14,3,1,4.2,1,B.Tech / B.E / B.S,4,3,1,383,CSS3; Vite; Git; GraphQL; REST API; Webpack; JavaScript; Redux; TypeScript; Tailwind CSS,React; Next.js; HTML5,86.69,1
CAND_2144,James Johnson,Fullstack Software Engineer,9,0.6429,13,4,0,0.0,1,B.Tech / B.E / B.S,3,5,1,423,JavaScript; TypeScript; Git; REST API; CSS3; React; Node.js; Docker; Spring Boot,Java; SQL; PostgreSQL; MongoDB; HTML5,66.95,1
CAND_2145,Michael Reddy,Fullstack Software Engineer,9,0.6429,14,3,0,3.1,0,Diploma / Associate,3,5,0,379,MongoDB; REST API; Spring Boot; Java; PostgreSQL; Node.js; TypeScript; React; JavaScript,SQL; Git; Docker; HTML5; CSS3,67.7,1
CAND_2146,Rahul Brown,Python / AI Engineer,12,0.9231,16,2,3,4.3,1,B.Tech / B.E / B.S,4,1,1,549,REST API; Pandas; Docker; NumPy; NLP; FastAPI; Computer Vision; SQL; Python; Scikit-Learn; Git; PyTorch,TensorFlow,84.36,1
CAND_2147,Sarah Davis,Python / AI Engineer,9,0.6923,9,2,0,1.2,1,B.Tech / B.E / B.S,2,4,1,649,Git; Python; TensorFlow; NLP; Pandas; Computer Vision; FastAPI; REST API; Docker,PyTorch; Scikit-Learn; NumPy; SQL,67.61,1
CAND_2148,Aditi Gupta,Mobile Application Developer,4,0.3333,7,1,3,1.9,2,M.Tech / M.S / Ph.D,1,8,1,310,Java; Firebase; REST API; SQLite,Flutter; Dart; React Native; Android; Kotlin; Swift; Git; UI/UX,46.02,0
CAND_2149,Rohan Nair,Cloud & DevOps Engineer,10,0.7692,16,3,0,0.6,1,B.Tech / B.E / B.S,3,3,1,283,Git; Ansible; Jenkins; Prometheus; Bash; Python; Terraform; Kubernetes; Docker; GitHub Actions,Linux; AWS; CI/CD,75.72,1
CAND_2150,Aarav Nair,Python / AI Engineer,5,0.3846,10,0,0,5.4,1,B.Tech / B.E / B.S,2,8,0,588,Scikit-Learn; NLP; Python; Docker; FastAPI,PyTorch; TensorFlow; Pandas; NumPy; SQL; Computer Vision; REST API; Git,50.51,0
CAND_2151,Daniel Davis,Frontend React Engineer,10,0.7692,12,3,0,2.5,1,B.Tech / B.E / B.S,1,3,1,428,HTML5; Next.js; Git; Webpack; REST API; JavaScript; Redux; Tailwind CSS; React; CSS3,TypeScript; GraphQL; Vite,78.24,1
CAND_2152,Pooja Verma,Mobile Application Developer,5,0.4167,9,2,0,8.6,1,B.Tech / B.E / B.S,2,7,0,296,React Native; Kotlin; UI/UX; Git; Flutter,Dart; Android; Swift; Java; Firebase; REST API; SQLite,59.05,1
CAND_2153,Ananya Gupta,Python / AI Engineer,5,0.3846,9,2,2,0.2,2,M.Tech / M.S / Ph.D,2,8,0,296,PyTorch; Python; Computer Vision; NumPy; NLP,TensorFlow; Scikit-Learn; Pandas; SQL; FastAPI; Docker; REST API; Git,42.16,0
CAND_2154,Alex Patel,Mobile Application Developer,6,0.5,7,2,1,7.1,1,B.Tech / B.E / B.S,1,6,1,359,REST API; Kotlin; React Native; Java; Git; SQLite,Flutter; Dart; Android; Swift; Firebase; UI/UX,56.0,0
CAND_2155,Aditi Sharma,Frontend React Engineer,5,0.3846,8,1,0,2.4,2,M.Tech / M.S / Ph.D,3,8,1,234,Next.js; Vite; HTML5; TypeScript; Webpack,React; JavaScript; CSS3; Tailwind CSS; Redux; REST API; GraphQL; Git,47.32,0
CAND_2156,Aarav Miller,Mobile Application Developer,2,0.1667,9,2,0,0.5,1,B.Tech / B.E / B.S,3,10,1,500,SQLite; Dart,Flutter; React Native; Android; Kotlin; Swift; Java; Firebase; REST API; Git; UI/UX,43.99,0
CAND_2157,David Kumar,Mobile Application Developer,7,0.5833,9,2,1,0.1,1,B.Tech / B.E / B.S,2,5,0,602,Git; SQLite; REST API; Android; Firebase; Dart; React Native,Flutter; Kotlin; Swift; Java; UI/UX,47.54,0
CAND_2158,Karthik Gupta,Python / AI Engineer,9,0.6923,12,3,0,0.0,1,B.Tech / B.E / B.S,5,4,1,493,Computer Vision; SQL; TensorFlow; FastAPI; Scikit-Learn; REST API; Git; PyTorch; Docker,Python; Pandas; NumPy; NLP,72.31,1
CAND_2159,Rohan Wilson,Backend Java Developer,11,0.7857,14,2,0,4.3,1,B.Tech / B.E / B.S,3,3,0,640,Hibernate; Microservices; Git; REST API; Kafka; Maven; AWS; PostgreSQL; Redis; Java; MySQL,Spring Boot; SQL; Docker,75.45,1
CAND_2160,Priya Nair,Cloud & DevOps Engineer,8,0.6154,11,1,2,2.3,1,B.Tech / B.E / B.S,3,5,0,513,Bash; Python; AWS; Docker; Kubernetes; Prometheus; Git; GitHub Actions,Linux; Terraform; CI/CD; Jenkins; Ansible,53.4,0
CAND_2161,Michael Johnson,Fullstack Software Engineer,13,0.9286,17,4,3,6.6,2,M.Tech / M.S / Ph.D,4,1,0,150,Docker; MongoDB; TypeScript; React; REST API; JavaScript; SQL; Node.js; Git; Spring Boot; Java; CSS3; PostgreSQL,HTML5,98.13,1
CAND_2162,Vikram Singh,Fullstack Software Engineer,9,0.6429,11,2,0,0.3,1,B.Tech / B.E / B.S,4,5,1,410,Java; TypeScript; Git; REST API; React; Docker; JavaScript; CSS3; Spring Boot,Node.js; SQL; PostgreSQL; MongoDB; HTML5,64.05,1
CAND_2163,Alex Patel,Backend Java Developer,13,0.9286,16,1,1,1.7,1,B.Tech / B.E / B.S,2,1,0,361,Microservices; Hibernate; Kafka; Git; Maven; SQL; PostgreSQL; REST API; Spring Boot; Docker; Java; AWS; Redis,MySQL,75.52,1
CAND_2164,Chloe Reddy,Fullstack Software Engineer,6,0.4286,9,1,0,0.1,1,B.Tech / B.E / B.S,2,8,1,339,CSS3; React; JavaScript; MongoDB; Java; Docker,TypeScript; Node.js; Spring Boot; SQL; PostgreSQL; REST API; Git; HTML5,34.76,0
CAND_2165,Daniel Brown,Backend Java Developer,13,0.9286,20,3,4,2.2,2,M.Tech / M.S / Ph.D,2,1,1,430,Java; REST API; Maven; Git; MySQL; Kafka; Microservices; Hibernate; PostgreSQL; Redis; Spring Boot; SQL; Docker,AWS,93.06,1
CAND_2166,Sneha Wilson,Backend Java Developer,9,0.6429,13,1,1,0.3,1,B.Tech / B.E / B.S,4,5,1,584,Spring Boot; REST API; Maven; SQL; PostgreSQL; AWS; Kafka; Java; Microservices,MySQL; Hibernate; Redis; Docker; Git,54.59,0
CAND_2167,Rohan Verma,Python / AI Engineer,8,0.6154,14,2,1,0.1,1,B.Tech / B.E / B.S,2,5,0,479,TensorFlow; Git; SQL; Docker; NumPy; REST API; NLP; Scikit-Learn,Python; PyTorch; Pandas; FastAPI; Computer Vision,59.91,1
CAND_2168,Vikram Rao,Python / AI Engineer,10,0.7692,15,1,1,5.3,2,M.Tech / M.S / Ph.D,3,3,1,356,Pandas; NumPy; PyTorch; Git; FastAPI; REST API; TensorFlow; Docker; Python; NLP,Scikit-Learn; SQL; Computer Vision,74.75,1
CAND_2169,Vikram Iyer,Frontend React Engineer,8,0.6154,11,1,1,0.3,2,M.Tech / M.S / Ph.D,6,5,1,346,TypeScript; Tailwind CSS; Redux; Webpack; JavaScript; REST API; HTML5; Next.js,React; CSS3; GraphQL; Vite; Git,63.25,1
CAND_2170,Karthik Iyer,Fullstack Software Engineer,5,0.3571,8,4,0,3.4,1,B.Tech / B.E / B.S,2,9,0,345,Spring Boot; TypeScript; HTML5; SQL; CSS3,React; JavaScript; Node.js; Java; PostgreSQL; MongoDB; REST API; Git; Docker,62.09,1
CAND_2171,Alex Wilson,Cloud & DevOps Engineer,3,0.2308,5,4,1,1.4,1,B.Tech / B.E / B.S,2,10,1,427,GitHub Actions; Prometheus; Jenkins,Linux; Docker; Kubernetes; AWS; Terraform; CI/CD; Ansible; Python; Bash; Git,51.6,0
CAND_2172,Maya Chen,Backend Java Developer,6,0.4286,9,2,0,7.5,1,B.Tech / B.E / B.S,3,8,0,212,Git; Docker; REST API; MySQL; Maven; Redis,Java; Spring Boot; Microservices; SQL; PostgreSQL; Hibernate; Kafka; AWS,61.58,1
CAND_2173,Elena Miller,Python / AI Engineer,11,0.8462,15,4,0,12.0,2,M.Tech / M.S / Ph.D,5,2,0,493,FastAPI; Docker; REST API; Scikit-Learn; SQL; PyTorch; Pandas; NumPy; NLP; Git; TensorFlow,Python; Computer Vision,90.16,1
CAND_2174,Rohan Singh,Frontend React Engineer,2,0.1538,9,2,0,7.0,1,B.Tech / B.E / B.S,1,11,0,260,React; Next.js,JavaScript; TypeScript; HTML5; CSS3; Tailwind CSS; Redux; REST API; GraphQL; Webpack; Vite; Git,54.14,0
CAND_2175,Aarav Smith,Python / AI Engineer,7,0.5385,11,2,1,3.2,1,B.Tech / B.E / B.S,4,6,1,343,FastAPI; TensorFlow; PyTorch; Python; NumPy; Docker; SQL,Scikit-Learn; Pandas; NLP; Computer Vision; REST API; Git,68.03,1
CAND_2176,Vikram Rao,Cloud & DevOps Engineer,11,0.8462,14,1,1,3.9,1,B.Tech / B.E / B.S,3,2,0,477,Kubernetes; Ansible; Jenkins; AWS; Python; Prometheus; Linux; CI/CD; Docker; Bash; Git,Terraform; GitHub Actions,74.44,1
CAND_2177,Vikram Johnson,Mobile Application Developer,8,0.6667,9,2,1,2.6,1,B.Tech / B.E / B.S,3,4,1,351,Flutter; Java; Swift; UI/UX; Dart; SQLite; Kotlin; REST API,React Native; Android; Firebase; Git,70.51,1
CAND_2178,Elena Thomas,Backend Java Developer,7,0.5,8,0,0,2.2,1,B.Tech / B.E / B.S,3,7,0,394,Java; Microservices; PostgreSQL; Git; Spring Boot; REST API; Kafka,SQL; MySQL; Hibernate; Redis; Docker; AWS; Maven,36.7,0
CAND_2179,Aarav Anderson,Cloud & DevOps Engineer,4,0.3077,9,1,0,8.1,2,M.Tech / M.S / Ph.D,3,9,0,474,Kubernetes; Git; GitHub Actions; Prometheus,Linux; Docker; AWS; Terraform; CI/CD; Jenkins; Ansible; Python; Bash,53.2,0
CAND_2180,Daniel Rao,Cloud & DevOps Engineer,7,0.5385,12,3,1,2.2,1,B.Tech / B.E / B.S,5,6,0,459,Jenkins; Prometheus; CI/CD; GitHub Actions; Linux; Terraform; Ansible,Docker; Kubernetes; AWS; Python; Bash; Git,67.77,1
CAND_2181,Vikram Verma,Mobile Application Developer,8,0.6667,12,3,3,0.2,2,M.Tech / M.S / Ph.D,3,4,0,391,Flutter; SQLite; React Native; REST API; Git; UI/UX; Android; Swift,Dart; Kotlin; Java; Firebase,75.16,1
CAND_2182,Michael Miller,Mobile Application Developer,9,0.75,13,3,0,0.5,1,B.Tech / B.E / B.S,5,3,1,403,Kotlin; SQLite; REST API; UI/UX; Android; Firebase; Dart; React Native; Flutter,Swift; Java; Git,68.51,1
CAND_2183,Daniel Johnson,Backend Java Developer,9,0.6429,12,2,0,4.1,1,B.Tech / B.E / B.S,2,5,1,259,AWS; REST API; MySQL; Kafka; Java; Git; Maven; Spring Boot; PostgreSQL,Microservices; SQL; Hibernate; Redis; Docker,73.54,1
CAND_2184,Chloe Thomas,Fullstack Software Engineer,5,0.3571,7,1,2,0.6,1,B.Tech / B.E / B.S,3,9,0,477,CSS3; Docker; PostgreSQL; HTML5; Spring Boot,React; JavaScript; TypeScript; Node.js; Java; SQL; MongoDB; REST API; Git,36.42,0
CAND_2185,David Johnson,Backend Java Developer,13,0.9286,19,2,1,0.7,1,B.Tech / B.E / B.S,3,1,1,442,Java; Git; PostgreSQL; Docker; MySQL; REST API; SQL; Maven; Kafka; AWS; Microservices; Redis; Spring Boot,Hibernate,71.34,1
CAND_2186,Aarav Singh,Frontend React Engineer,11,0.8462,12,1,0,0.6,1,B.Tech / B.E / B.S,1,2,1,452,TypeScript; REST API; JavaScript; Webpack; Next.js; React; Tailwind CSS; Git; GraphQL; HTML5; CSS3,Redux; Vite,62.12,1
CAND_2187,Aditi Singh,Frontend React Engineer,7,0.5385,9,2,3,0.0,1,B.Tech / B.E / B.S,1,6,1,539,JavaScript; GraphQL; Vite; React; Redux; Webpack; REST API,TypeScript; Next.js; HTML5; CSS3; Tailwind CSS; Git,59.18,1
CAND_2188,Alex Patel,Frontend React Engineer,5,0.3846,8,2,3,0.0,1,B.Tech / B.E / B.S,1,8,1,235,React; CSS3; HTML5; Tailwind CSS; REST API,JavaScript; TypeScript; Next.js; Redux; GraphQL; Webpack; Vite; Git,46.31,0
CAND_2189,Rahul Chen,Cloud & DevOps Engineer,3,0.2308,8,3,0,3.0,2,M.Tech / M.S / Ph.D,1,10,1,262,Prometheus; CI/CD; Kubernetes,Linux; Docker; AWS; Terraform; Jenkins; GitHub Actions; Ansible; Python; Bash; Git,60.89,0
CAND_2190,Sneha Chen,Cloud & DevOps Engineer,9,0.6923,9,3,0,0.3,1,B.Tech / B.E / B.S,3,4,0,455,Prometheus; Ansible; Docker; Git; Kubernetes; Linux; Terraform; AWS; CI/CD,Jenkins; GitHub Actions; Python; Bash,66.81,1
CAND_2191,James Verma,Frontend React Engineer,4,0.3077,9,5,0,0.1,1,B.Tech / B.E / B.S,3,9,1,304,TypeScript; Git; Webpack; Redux,React; JavaScript; Next.js; HTML5; CSS3; Tailwind CSS; REST API; GraphQL; Vite,45.29,0
CAND_2192,Rohan Patel,Mobile Application Developer,7,0.5833,10,5,1,0.1,1,B.Tech / B.E / B.S,2,5,1,382,Android; UI/UX; React Native; SQLite; Swift; Git; Dart,Flutter; Kotlin; Java; Firebase; REST API,64.12,1
CAND_2193,Alex Rao,Frontend React Engineer,9,0.6923,10,2,3,0.8,1,B.Tech / B.E / B.S,2,4,1,298,GraphQL; Tailwind CSS; React; Vite; Next.js; REST API; HTML5; Git; Webpack,JavaScript; TypeScript; CSS3; Redux,63.87,1
CAND_2194,Vikram Anderson,Mobile Application Developer,6,0.5,6,2,2,1.9,1,B.Tech / B.E / B.S,1,6,0,523,Firebase; Dart; Flutter; React Native; Kotlin; UI/UX,Android; Swift; Java; REST API; SQLite; Git,49.47,0
CAND_2195,Rohan Wilson,Fullstack Software Engineer,5,0.3571,11,2,2,4.2,1,B.Tech / B.E / B.S,2,9,0,226,PostgreSQL; Spring Boot; TypeScript; Java; Docker,React; JavaScript; Node.js; SQL; MongoDB; REST API; Git; HTML5; CSS3,55.3,0
CAND_2196,Rohan Kumar,Python / AI Engineer,9,0.6923,14,2,0,4.0,1,B.Tech / B.E / B.S,1,4,1,636,NumPy; Git; PyTorch; Computer Vision; TensorFlow; FastAPI; Docker; Scikit-Learn; SQL,Python; Pandas; NLP; REST API,74.61,1
CAND_2197,Michael Iyer,Fullstack Software Engineer,9,0.6429,10,1,1,0.6,1,B.Tech / B.E / B.S,2,5,1,368,REST API; PostgreSQL; React; Spring Boot; Java; SQL; MongoDB; HTML5; CSS3,JavaScript; TypeScript; Node.js; Git; Docker,55.67,0
CAND_2198,Vikram Taylor,Frontend React Engineer,5,0.3846,7,3,4,1.7,1,B.Tech / B.E / B.S,2,8,0,399,REST API; GraphQL; CSS3; Webpack; JavaScript,React; TypeScript; Next.js; HTML5; Tailwind CSS; Redux; Vite; Git,61.61,1
CAND_2199,Sarah Davis,Cloud & DevOps Engineer,5,0.3846,8,3,0,5.3,1,B.Tech / B.E / B.S,2,8,1,544,Terraform; Bash; Linux; Python; Prometheus,Docker; Kubernetes; AWS; CI/CD; Jenkins; GitHub Actions; Ansible; Git,60.11,1
CAND_2200,Ananya Miller,Fullstack Software Engineer,6,0.4286,11,3,0,3.5,1,B.Tech / B.E / B.S,1,8,0,512,TypeScript; JavaScript; Java; SQL; CSS3; Git,React; Node.js; Spring Boot; PostgreSQL; MongoDB; REST API; Docker; HTML5,61.45,1
CAND_2201,Rohan Singh,Cloud & DevOps Engineer,7,0.5385,10,2,0,7.4,1,B.Tech / B.E / B.S,3,6,0,488,GitHub Actions; Bash; Docker; CI/CD; Git; Ansible; Python,Linux; Kubernetes; AWS; Terraform; Jenkins; Prometheus,66.55,1
CAND_2202,Chloe Taylor,Fullstack Software Engineer,12,0.8571,16,0,1,0.5,1,B.Tech / B.E / B.S,3,2,1,365,JavaScript; TypeScript; Docker; CSS3; SQL; REST API; Node.js; PostgreSQL; HTML5; React; Spring Boot; Git,Java; MongoDB,62.64,1
CAND_2203,Maya Wilson,Backend Java Developer,8,0.5714,11,3,0,0.1,2,M.Tech / M.S / Ph.D,3,6,1,447,AWS; Maven; Hibernate; Spring Boot; SQL; Git; Java; Kafka,Microservices; REST API; PostgreSQL; MySQL; Redis; Docker,60.34,1
CAND_2204,Vikram Wilson,Backend Java Developer,3,0.2143,7,0,1,2.2,1,B.Tech / B.E / B.S,3,11,0,200,Docker; REST API; PostgreSQL,Java; Spring Boot; Microservices; SQL; MySQL; Hibernate; Redis; Kafka; AWS; Git; Maven,28.62,0
CAND_2205,James Verma,Python / AI Engineer,5,0.3846,8,3,2,3.9,1,B.Tech / B.E / B.S,3,8,1,471,Git; SQL; Python; NumPy; REST API,PyTorch; TensorFlow; Scikit-Learn; Pandas; FastAPI; Docker; NLP; Computer Vision,72.03,1
CAND_2206,Elena Gupta,Fullstack Software Engineer,10,0.7143,17,3,1,0.0,1,B.Tech / B.E / B.S,1,4,0,432,Node.js; React; Git; SQL; Java; REST API; TypeScript; HTML5; JavaScript; Docker,Spring Boot; PostgreSQL; MongoDB; CSS3,62.06,1
CAND_2207,Karthik Johnson,Fullstack Software Engineer,4,0.2857,7,2,0,5.6,2,M.Tech / M.S / Ph.D,2,10,1,290,Java; Docker; PostgreSQL; SQL,React; JavaScript; TypeScript; Node.js; Spring Boot; MongoDB; REST API; Git; HTML5; CSS3,51.44,0
CAND_2208,Daniel Gupta,Mobile Application Developer,8,0.6667,10,2,1,0.8,2,M.Tech / M.S / Ph.D,1,4,0,518,Kotlin; React Native; Flutter; Dart; Java; Git; Firebase; REST API,Android; Swift; SQLite; UI/UX,56.7,0
CAND_2209,Rahul Smith,Cloud & DevOps Engineer,5,0.3846,6,2,1,3.0,1,B.Tech / B.E / B.S,3,8,0,245,GitHub Actions; Git; Ansible; Kubernetes; Jenkins,Linux; Docker; AWS; Terraform; CI/CD; Python; Bash; Prometheus,54.13,0
CAND_2210,Emily Anderson,Cloud & DevOps Engineer,11,0.8462,14,2,0,0.7,0,Diploma / Associate,2,2,1,482,Linux; Ansible; Python; AWS; Docker; Kubernetes; GitHub Actions; CI/CD; Jenkins; Git; Bash,Terraform; Prometheus,69.28,1
CAND_2211,Michael Iyer,Cloud & DevOps Engineer,6,0.4615,11,3,0,5.7,1,B.Tech / B.E / B.S,4,7,1,436,CI/CD; Docker; Bash; Jenkins; Terraform; Linux,Kubernetes; AWS; GitHub Actions; Ansible; Python; Prometheus; Git,70.78,1
CAND_2212,Michael Iyer,Mobile Application Developer,8,0.6667,9,3,0,1.0,1,B.Tech / B.E / B.S,2,4,1,440,Firebase; Git; SQLite; Dart; Flutter; REST API; Swift; Java,React Native; Android; Kotlin; UI/UX,64.11,1
CAND_2213,Sarah Miller,Backend Java Developer,10,0.7143,13,4,0,4.4,1,B.Tech / B.E / B.S,1,4,1,483,Kafka; MySQL; REST API; PostgreSQL; AWS; Maven; Java; Microservices; Git; Hibernate,Spring Boot; SQL; Redis; Docker,82.15,1
CAND_2214,Pooja Rao,Python / AI Engineer,9,0.6923,16,1,0,0.7,1,B.Tech / B.E / B.S,2,4,0,573,PyTorch; REST API; FastAPI; Computer Vision; SQL; Docker; TensorFlow; NLP; Pandas,Python; Scikit-Learn; NumPy; Git,49.92,0
CAND_2215,Sarah Davis,Frontend React Engineer,10,0.7692,15,0,1,0.1,2,M.Tech / M.S / Ph.D,3,3,1,620,JavaScript; TypeScript; Redux; Tailwind CSS; CSS3; Vite; HTML5; GraphQL; Git; Next.js,React; REST API; Webpack,49.95,0
CAND_2216,David Rao,Mobile Application Developer,3,0.25,3,2,1,1.9,1,B.Tech / B.E / B.S,3,9,1,535,UI/UX; Git; Java,Flutter; Dart; React Native; Android; Kotlin; Swift; Firebase; REST API; SQLite,53.83,0
CAND_2217,Pooja Thomas,Fullstack Software Engineer,8,0.5714,14,3,1,3.7,1,B.Tech / B.E / B.S,2,6,0,457,JavaScript; HTML5; CSS3; Docker; React; SQL; Git; Node.js,TypeScript; Java; Spring Boot; PostgreSQL; MongoDB; REST API,74.18,1
CAND_2218,Maya Miller,Fullstack Software Engineer,9,0.6429,11,3,1,2.2,1,B.Tech / B.E / B.S,4,5,0,515,Git; PostgreSQL; MongoDB; REST API; React; Java; SQL; JavaScript; HTML5,TypeScript; Node.js; Spring Boot; Docker; CSS3,71.09,1
CAND_2219,Michael Miller,Cloud & DevOps Engineer,6,0.4615,7,0,0,4.7,1,B.Tech / B.E / B.S,5,7,1,418,Docker; AWS; GitHub Actions; Git; CI/CD; Bash,Linux; Kubernetes; Terraform; Jenkins; Ansible; Python; Prometheus,45.47,0
CAND_2220,Sarah Johnson,Fullstack Software Engineer,7,0.5,10,2,0,7.6,1,B.Tech / B.E / B.S,2,7,1,472,Spring Boot; HTML5; Node.js; MongoDB; Java; REST API; Git,React; JavaScript; TypeScript; SQL; PostgreSQL; Docker; CSS3,61.22,1
CAND_2221,Pooja Brown,Mobile Application Developer,6,0.5,12,2,2,0.1,1,B.Tech / B.E / B.S,4,6,0,288,Android; Flutter; Java; Git; REST API; Firebase,Dart; React Native; Kotlin; Swift; SQLite; UI/UX,50.22,0
CAND_2222,Vikram Smith,Python / AI Engineer,6,0.4615,9,5,1,5.0,1,B.Tech / B.E / B.S,4,7,1,557,REST API; NLP; NumPy; Computer Vision; TensorFlow; SQL,Python; PyTorch; Scikit-Learn; Pandas; FastAPI; Docker; Git,70.6,1
CAND_2223,Ananya Miller,Cloud & DevOps Engineer,7,0.5385,11,3,0,0.7,1,B.Tech / B.E / B.S,2,6,1,201,AWS; Python; Bash; Jenkins; Linux; Prometheus; Docker,Kubernetes; Terraform; CI/CD; GitHub Actions; Ansible; Git,63.98,1
CAND_2224,David Nair,Cloud & DevOps Engineer,10,0.7692,13,3,4,1.4,2,M.Tech / M.S / Ph.D,3,3,1,552,CI/CD; Ansible; Kubernetes; Jenkins; AWS; Docker; Git; GitHub Actions; Terraform; Linux,Python; Bash; Prometheus,78.25,1
CAND_2225,James Johnson,Mobile Application Developer,6,0.5,10,2,0,0.7,0,Diploma / Associate,3,6,0,363,Kotlin; REST API; React Native; Swift; Android; Flutter,Dart; Java; Firebase; SQLite; Git; UI/UX,43.24,0
CAND_2226,Rohan Sharma,Cloud & DevOps Engineer,8,0.6154,15,5,1,1.3,0,Diploma / Associate,3,5,0,272,Linux; Bash; Python; Kubernetes; Git; Docker; Terraform; AWS,CI/CD; Jenkins; GitHub Actions; Ansible; Prometheus,64.87,1
CAND_2227,Aarav Iyer,Cloud & DevOps Engineer,7,0.5385,14,1,0,4.0,2,M.Tech / M.S / Ph.D,3,6,1,442,Bash; Git; CI/CD; Kubernetes; AWS; Ansible; Python,Linux; Docker; Terraform; Jenkins; GitHub Actions; Prometheus,64.79,1
CAND_2228,Rahul Miller,Backend Java Developer,13,0.9286,15,0,0,0.4,1,B.Tech / B.E / B.S,1,1,1,405,AWS; Git; MySQL; SQL; Java; Docker; Spring Boot; Hibernate; PostgreSQL; Kafka; Redis; REST API; Maven,Microservices,58.17,1
CAND_2229,Maya Reddy,Fullstack Software Engineer,6,0.4286,8,3,0,0.1,1,B.Tech / B.E / B.S,2,8,1,553,TypeScript; Java; HTML5; CSS3; JavaScript; REST API,React; Node.js; Spring Boot; SQL; PostgreSQL; MongoDB; Git; Docker,56.31,0
CAND_2230,Elena Smith,Backend Java Developer,9,0.6429,16,3,1,0.8,1,B.Tech / B.E / B.S,4,5,1,370,MySQL; Spring Boot; Hibernate; Java; Maven; Git; AWS; PostgreSQL; Docker,Microservices; REST API; SQL; Redis; Kafka,71.88,1
CAND_2231,Rahul Brown,Cloud & DevOps Engineer,5,0.3846,8,3,1,0.3,1,B.Tech / B.E / B.S,3,8,1,424,CI/CD; Bash; GitHub Actions; Kubernetes; Python,Linux; Docker; AWS; Terraform; Jenkins; Ansible; Prometheus; Git,58.71,1
CAND_2232,Pooja Sharma,Backend Java Developer,7,0.5,11,2,0,2.5,1,B.Tech / B.E / B.S,5,7,1,693,Docker; Kafka; Maven; Git; Java; Spring Boot; PostgreSQL,Microservices; REST API; SQL; MySQL; Hibernate; Redis; AWS,66.91,1
CAND_2233,Emily Wilson,Python / AI Engineer,6,0.4615,11,5,2,2.4,1,B.Tech / B.E / B.S,1,7,1,259,NLP; Docker; Python; TensorFlow; REST API; Pandas,PyTorch; Scikit-Learn; NumPy; SQL; FastAPI; Computer Vision; Git,68.38,1
CAND_2234,Sneha Gupta,Python / AI Engineer,4,0.3077,6,3,1,0.6,1,B.Tech / B.E / B.S,1,9,0,602,Python; Docker; Git; REST API,PyTorch; TensorFlow; Scikit-Learn; Pandas; NumPy; SQL; FastAPI; NLP; Computer Vision,42.65,0
CAND_2235,Daniel Iyer,Backend Java Developer,7,0.5,9,3,0,0.1,2,M.Tech / M.S / Ph.D,2,7,1,487,Maven; PostgreSQL; Spring Boot; REST API; Java; Git; Microservices,SQL; MySQL; Hibernate; Redis; Kafka; Docker; AWS,60.36,1
CAND_2236,Ananya Patel,Mobile Application Developer,3,0.25,8,3,0,5.9,1,B.Tech / B.E / B.S,3,9,0,543,UI/UX; React Native; Kotlin,Flutter; Dart; Android; Swift; Java; Firebase; REST API; SQLite; Git,60.47,0
CAND_2237,Karthik Wilson,Backend Java Developer,9,0.6429,14,1,1,3.6,2,M.Tech / M.S / Ph.D,2,5,0,447,Spring Boot; PostgreSQL; AWS; Redis; SQL; Hibernate; Docker; REST API; Kafka,Java; Microservices; MySQL; Git; Maven,65.98,1
CAND_2238,David Gupta,Frontend React Engineer,6,0.4615,9,2,1,2.0,1,B.Tech / B.E / B.S,5,7,0,453,TypeScript; Next.js; Webpack; HTML5; Tailwind CSS; JavaScript,React; CSS3; Redux; REST API; GraphQL; Vite; Git,51.65,0
CAND_2239,James Anderson,Frontend React Engineer,4,0.3077,7,3,2,1.0,1,B.Tech / B.E / B.S,1,9,1,590,TypeScript; Next.js; Redux; Tailwind CSS,React; JavaScript; HTML5; CSS3; REST API; GraphQL; Webpack; Vite; Git,55.51,0
CAND_2240,Michael Brown,Python / AI Engineer,8,0.6154,12,2,1,3.5,1,B.Tech / B.E / B.S,5,5,1,448,REST API; Pandas; NumPy; NLP; PyTorch; SQL; Scikit-Learn; Docker,Python; TensorFlow; FastAPI; Computer Vision; Git,71.39,1
CAND_2241,James Smith,Frontend React Engineer,11,0.8462,15,2,1,9.4,2,M.Tech / M.S / Ph.D,3,2,1,522,Webpack; JavaScript; Redux; TypeScript; React; HTML5; Git; Next.js; GraphQL; Tailwind CSS; Vite,CSS3; REST API,83.56,1
CAND_2242,Aarav Reddy,Backend Java Developer,3,0.2143,6,1,2,0.2,1,B.Tech / B.E / B.S,2,11,1,571,Git; PostgreSQL; MySQL,Java; Spring Boot; Microservices; REST API; SQL; Hibernate; Redis; Kafka; Docker; AWS; Maven,34.96,0
CAND_2243,Priya Smith,Backend Java Developer,8,0.5714,11,3,1,0.7,1,B.Tech / B.E / B.S,4,6,0,396,Spring Boot; REST API; Docker; PostgreSQL; AWS; Microservices; Kafka; Java,SQL; MySQL; Hibernate; Redis; Git; Maven,60.78,1
CAND_2244,Aarav Chen,Mobile Application Developer,5,0.4167,11,1,1,1.3,2,M.Tech / M.S / Ph.D,2,7,1,509,Flutter; Swift; Android; Firebase; Git,Dart; React Native; Kotlin; Java; REST API; SQLite; UI/UX,54.64,0
CAND_2245,Ananya Miller,Fullstack Software Engineer,5,0.3571,9,3,0,2.8,1,B.Tech / B.E / B.S,2,9,1,373,SQL; Java; REST API; Node.js; MongoDB,React; JavaScript; TypeScript; Spring Boot; PostgreSQL; Git; Docker; HTML5; CSS3,68.38,1
CAND_2246,Rahul Reddy,Python / AI Engineer,6,0.4615,14,4,2,3.2,1,B.Tech / B.E / B.S,2,7,0,399,Pandas; REST API; NLP; PyTorch; SQL; Docker,Python; TensorFlow; Scikit-Learn; NumPy; FastAPI; Computer Vision; Git,59.48,1
CAND_2247,Alex Chen,Backend Java Developer,8,0.5714,10,1,1,5.5,1,B.Tech / B.E / B.S,2,6,1,330,REST API; Java; Hibernate; AWS; Git; SQL; MySQL; Kafka,Spring Boot; Microservices; PostgreSQL; Redis; Docker; Maven,57.05,0
CAND_2248,Sneha Taylor,Backend Java Developer,5,0.3571,11,2,1,1.1,1,B.Tech / B.E / B.S,2,9,1,585,Kafka; PostgreSQL; Maven; MySQL; REST API,Java; Spring Boot; Microservices; SQL; Hibernate; Redis; Docker; AWS; Git,49.64,0
CAND_2249,James Sharma,Frontend React Engineer,9,0.6923,10,3,1,0.9,0,Diploma / Associate,4,4,1,458,React; Webpack; GraphQL; Git; Redux; HTML5; JavaScript; Next.js; Vite,TypeScript; CSS3; Tailwind CSS; REST API,71.58,1
CAND_2250,Chloe Davis,Fullstack Software Engineer,8,0.5714,12,1,0,0.7,1,B.Tech / B.E / B.S,3,6,1,459,Spring Boot; Git; React; JavaScript; PostgreSQL; HTML5; SQL; CSS3,TypeScript; Node.js; Java; MongoDB; REST API; Docker,57.71,0
CAND_2251,Pooja Kumar,Frontend React Engineer,4,0.3077,8,1,1,4.7,2,M.Tech / M.S / Ph.D,1,9,0,440,Git; CSS3; Tailwind CSS; JavaScript,React; TypeScript; Next.js; HTML5; Redux; REST API; GraphQL; Webpack; Vite,51.78,0
CAND_2252,Chloe Chen,Cloud & DevOps Engineer,9,0.6923,12,2,0,0.4,2,M.Tech / M.S / Ph.D,1,4,0,559,Python; Linux; Jenkins; Terraform; GitHub Actions; Ansible; Bash; CI/CD; Prometheus,Docker; Kubernetes; AWS; Git,54.64,0
CAND_2253,Emily Thomas,Fullstack Software Engineer,8,0.5714,12,0,3,0.1,1,B.Tech / B.E / B.S,3,6,1,398,React; Node.js; CSS3; Docker; TypeScript; JavaScript; Spring Boot; SQL,Java; PostgreSQL; MongoDB; REST API; Git; HTML5,44.46,0
CAND_2254,Sarah Singh,Backend Java Developer,6,0.4286,6,3,1,2.3,1,B.Tech / B.E / B.S,2,8,1,542,Spring Boot; REST API; AWS; PostgreSQL; Redis; Java,Microservices; SQL; MySQL; Hibernate; Kafka; Docker; Git; Maven,62.53,1
CAND_2255,Aditi Kumar,Fullstack Software Engineer,7,0.5,13,3,1,4.2,1,B.Tech / B.E / B.S,1,7,0,300,JavaScript; React; Java; CSS3; Docker; Spring Boot; SQL,TypeScript; Node.js; PostgreSQL; MongoDB; REST API; Git; HTML5,69.4,1
CAND_2256,Karthik Nair,Backend Java Developer,7,0.5,12,3,0,8.1,1,B.Tech / B.E / B.S,2,7,0,424,Kafka; Hibernate; Spring Boot; Microservices; PostgreSQL; Docker; MySQL,Java; REST API; SQL; Redis; AWS; Git; Maven,67.49,1
CAND_2257,Michael Reddy,Python / AI Engineer,3,0.2308,8,2,1,0.0,2,M.Tech / M.S / Ph.D,4,10,1,577,Docker; Scikit-Learn; NLP,Python; PyTorch; TensorFlow; Pandas; NumPy; SQL; FastAPI; Computer Vision; REST API; Git,43.62,0
CAND_2258,Elena Wilson,Frontend React Engineer,8,0.6154,9,1,0,0.7,1,B.Tech / B.E / B.S,1,5,0,365,CSS3; Vite; Redux; Next.js; JavaScript; HTML5; Tailwind CSS; TypeScript,React; REST API; GraphQL; Webpack; Git,44.98,0
CAND_2259,Rohan Smith,Python / AI Engineer,4,0.3077,11,4,1,0.1,2,M.Tech / M.S / Ph.D,2,9,0,451,Scikit-Learn; Computer Vision; REST API; Git,Python; PyTorch; TensorFlow; Pandas; NumPy; SQL; FastAPI; Docker; NLP,50.03,0
CAND_2260,Rohan Patel,Cloud & DevOps Engineer,2,0.1538,4,0,1,1.5,1,B.Tech / B.E / B.S,2,11,1,358,Linux; AWS,Docker; Kubernetes; Terraform; CI/CD; Jenkins; GitHub Actions; Ansible; Python; Bash; Prometheus; Git,26.88,0
CAND_2261,Aarav Gupta,Cloud & DevOps Engineer,7,0.5385,10,0,1,3.4,1,B.Tech / B.E / B.S,4,6,1,352,Jenkins; AWS; GitHub Actions; Docker; CI/CD; Prometheus; Git,Linux; Kubernetes; Terraform; Ansible; Python; Bash,58.43,1
CAND_2262,James Davis,Python / AI Engineer,11,0.8462,11,0,1,2.1,1,B.Tech / B.E / B.S,2,2,1,478,NumPy; Pandas; FastAPI; TensorFlow; Docker; PyTorch; Computer Vision; SQL; NLP; Scikit-Learn; Git,Python; REST API,60.72,1
CAND_2263,Maya Davis,Backend Java Developer,6,0.4286,10,1,1,8.3,1,B.Tech / B.E / B.S,2,8,1,379,Git; MySQL; REST API; Spring Boot; SQL; Maven,Java; Microservices; PostgreSQL; Hibernate; Redis; Kafka; Docker; AWS,59.31,1
CAND_2264,Priya Rao,Python / AI Engineer,10,0.7692,17,3,3,0.9,1,B.Tech / B.E / B.S,3,3,0,488,Computer Vision; PyTorch; TensorFlow; FastAPI; REST API; Docker; NLP; Python; Scikit-Learn; SQL,Pandas; NumPy; Git,74.54,1
CAND_2265,Karthik Sharma,Cloud & DevOps Engineer,11,0.8462,15,0,1,2.3,2,M.Tech / M.S / Ph.D,3,2,0,339,Bash; Ansible; GitHub Actions; CI/CD; Terraform; Docker; Prometheus; Linux; Kubernetes; AWS; Python,Jenkins; Git,62.81,1
CAND_2266,Vikram Johnson,Python / AI Engineer,7,0.5385,13,1,2,1.0,1,B.Tech / B.E / B.S,3,6,0,482,SQL; Docker; NumPy; Python; FastAPI; Pandas; TensorFlow,PyTorch; Scikit-Learn; NLP; Computer Vision; REST API; Git,48.89,0
CAND_2267,Sneha Verma,Mobile Application Developer,4,0.3333,8,1,0,1.1,1,B.Tech / B.E / B.S,1,8,0,558,Java; UI/UX; Android; Kotlin,Flutter; Dart; React Native; Swift; Firebase; REST API; SQLite; Git,36.16,0
CAND_2268,Rahul Johnson,Backend Java Developer,9,0.6429,15,4,0,1.3,2,M.Tech / M.S / Ph.D,4,5,0,284,Kafka; SQL; Redis; Maven; Hibernate; AWS; MySQL; Java; PostgreSQL,Spring Boot; Microservices; REST API; Docker; Git,67.39,1
CAND_2269,Aditi Singh,Fullstack Software Engineer,13,0.9286,17,2,0,1.3,1,B.Tech / B.E / B.S,3,1,0,290,Node.js; JavaScript; React; Docker; REST API; Java; CSS3; Git; MongoDB; SQL; TypeScript; Spring Boot; HTML5,PostgreSQL,72.55,1
CAND_2270,David Johnson,Fullstack Software Engineer,11,0.7857,16,3,1,1.6,1,B.Tech / B.E / B.S,3,3,1,329,Node.js; Docker; HTML5; Java; PostgreSQL; CSS3; TypeScript; SQL; JavaScript; REST API; Git,React; Spring Boot; MongoDB,81.33,1
CAND_2271,Maya Rao,Mobile Application Developer,10,0.8333,15,0,3,3.8,1,B.Tech / B.E / B.S,3,2,1,230,Flutter; Dart; React Native; REST API; Firebase; Swift; SQLite; Git; Kotlin; Android,Java; UI/UX,72.44,1
CAND_2272,Rohan Nair,Backend Java Developer,13,0.9286,15,2,0,4.6,1,B.Tech / B.E / B.S,3,1,1,463,PostgreSQL; Hibernate; Microservices; Java; Git; MySQL; Maven; Docker; Spring Boot; AWS; Redis; REST API; SQL,Kafka,86.17,1
CAND_2273,Maya Smith,Cloud & DevOps Engineer,3,0.2308,6,5,3,1.0,1,B.Tech / B.E / B.S,3,10,1,428,Python; Linux; GitHub Actions,Docker; Kubernetes; AWS; Terraform; CI/CD; Jenkins; Ansible; Bash; Prometheus; Git,50.25,0
CAND_2274,Ananya Wilson,Fullstack Software Engineer,11,0.7857,12,5,0,2.4,1,B.Tech / B.E / B.S,1,3,1,448,React; CSS3; REST API; Git; Java; Node.js; TypeScript; SQL; JavaScript; HTML5; Docker,Spring Boot; PostgreSQL; MongoDB,81.83,1
CAND_2275,Pooja Chen,Cloud & DevOps Engineer,9,0.6923,17,2,4,3.3,1,B.Tech / B.E / B.S,3,4,1,381,GitHub Actions; Prometheus; CI/CD; Ansible; Terraform; Git; Kubernetes; Jenkins; AWS,Linux; Docker; Python; Bash,69.92,1
CAND_2276,Aarav Smith,Frontend React Engineer,4,0.3077,7,4,1,0.5,1,B.Tech / B.E / B.S,2,9,0,495,Vite; CSS3; REST API; GraphQL,React; JavaScript; TypeScript; Next.js; HTML5; Tailwind CSS; Redux; Webpack; Git,47.16,0
CAND_2277,Elena Reddy,Frontend React Engineer,6,0.4615,13,1,0,1.8,2,M.Tech / M.S / Ph.D,4,7,1,400,Webpack; REST API; Git; React; TypeScript; Tailwind CSS,JavaScript; Next.js; HTML5; CSS3; Redux; GraphQL; Vite,53.45,0
CAND_2278,Ananya Iyer,Frontend React Engineer,7,0.5385,12,1,0,0.3,1,B.Tech / B.E / B.S,2,6,1,331,Redux; React; Next.js; GraphQL; Tailwind CSS; CSS3; JavaScript,TypeScript; HTML5; REST API; Webpack; Vite; Git,50.49,0
CAND_2279,Rohan Gupta,Cloud & DevOps Engineer,8,0.6154,12,2,0,4.8,1,B.Tech / B.E / B.S,2,5,1,442,Bash; Docker; Terraform; Ansible; GitHub Actions; Kubernetes; Python; CI/CD,Linux; AWS; Jenkins; Prometheus; Git,69.84,1
CAND_2280,Emily Chen,Cloud & DevOps Engineer,5,0.3846,5,2,1,5.5,2,M.Tech / M.S / Ph.D,4,8,0,511,Python; Jenkins; Terraform; Bash; AWS,Linux; Docker; Kubernetes; CI/CD; GitHub Actions; Ansible; Prometheus; Git,61.75,1
CAND_2281,Aditi Anderson,Python / AI Engineer,12,0.9231,18,3,1,0.9,1,B.Tech / B.E / B.S,2,1,1,589,REST API; NumPy; NLP; PyTorch; SQL; FastAPI; Pandas; TensorFlow; Git; Python; Scikit-Learn; Computer Vision,Docker,79.8,1
CAND_2282,Vikram Taylor,Mobile Application Developer,4,0.3333,10,0,2,0.7,0,Diploma / Associate,4,8,1,447,React Native; REST API; Kotlin; Git,Flutter; Dart; Android; Swift; Java; Firebase; SQLite; UI/UX,39.9,0
CAND_2283,Priya Rao,Cloud & DevOps Engineer,12,0.9231,15,2,1,2.3,1,B.Tech / B.E / B.S,1,1,1,423,Terraform; Docker; Git; Linux; GitHub Actions; Python; Prometheus; Kubernetes; Bash; Ansible; AWS; Jenkins,CI/CD,83.16,1
CAND_2284,Pooja Sharma,Cloud & DevOps Engineer,8,0.6154,13,3,0,0.5,1,B.Tech / B.E / B.S,1,5,0,460,CI/CD; Bash; Linux; Prometheus; Terraform; Kubernetes; GitHub Actions; Jenkins,Docker; AWS; Ansible; Python; Git,60.08,1
CAND_2285,Daniel Miller,Backend Java Developer,10,0.7143,14,1,1,1.0,1,B.Tech / B.E / B.S,3,4,1,476,Spring Boot; AWS; SQL; Microservices; REST API; MySQL; Maven; Docker; Hibernate; Java,PostgreSQL; Redis; Kafka; Git,62.94,1
CAND_2286,Elena Smith,Backend Java Developer,6,0.4286,9,3,0,1.3,1,B.Tech / B.E / B.S,3,8,0,314,Git; Docker; Maven; MySQL; AWS; Kafka,Java; Spring Boot; Microservices; REST API; SQL; PostgreSQL; Hibernate; Redis,57.57,0
CAND_2287,Sneha Kumar,Frontend React Engineer,7,0.5385,14,3,1,3.3,1,B.Tech / B.E / B.S,3,6,1,523,GraphQL; HTML5; TypeScript; Git; Tailwind CSS; CSS3; REST API,React; JavaScript; Next.js; Redux; Webpack; Vite,73.16,1
CAND_2288,James Iyer,Mobile Application Developer,10,0.8333,17,2,0,3.4,1,B.Tech / B.E / B.S,3,2,1,452,Android; Kotlin; React Native; Java; UI/UX; SQLite; REST API; Flutter; Swift; Firebase,Dart; Git,85.76,1
CAND_2289,Michael Miller,Backend Java Developer,9,0.6429,12,3,0,4.6,2,M.Tech / M.S / Ph.D,3,5,0,291,MySQL; Git; Maven; Spring Boot; Microservices; Redis; Hibernate; PostgreSQL; Kafka,Java; REST API; SQL; Docker; AWS,80.29,1
CAND_2290,Daniel Smith,Cloud & DevOps Engineer,11,0.8462,16,2,2,1.1,1,B.Tech / B.E / B.S,3,2,1,322,CI/CD; Jenkins; GitHub Actions; Prometheus; Python; Bash; Linux; Terraform; Ansible; AWS; Git,Docker; Kubernetes,75.45,1
CAND_2291,Vikram Thomas,Frontend React Engineer,2,0.1538,6,1,2,2.1,1,B.Tech / B.E / B.S,2,11,1,404,Git; Next.js,React; JavaScript; TypeScript; HTML5; CSS3; Tailwind CSS; Redux; REST API; GraphQL; Webpack; Vite,44.2,0
CAND_2292,James Davis,Frontend React Engineer,10,0.7692,15,3,0,0.1,1,B.Tech / B.E / B.S,4,3,1,513,TypeScript; GraphQL; REST API; Vite; HTML5; React; Tailwind CSS; Next.js; JavaScript; CSS3,Redux; Webpack; Git,71.01,1
CAND_2293,Aarav Taylor,Python / AI Engineer,7,0.5385,9,3,0,0.8,2,M.Tech / M.S / Ph.D,2,6,0,507,FastAPI; Python; PyTorch; REST API; Pandas; Computer Vision; TensorFlow,Scikit-Learn; NumPy; SQL; Docker; NLP; Git,57.94,0
CAND_2294,Maya Reddy,Frontend React Engineer,9,0.6923,14,1,0,1.1,1,B.Tech / B.E / B.S,3,4,0,467,GraphQL; Redux; CSS3; React; JavaScript; Git; Webpack; REST API; HTML5,TypeScript; Next.js; Tailwind CSS; Vite,51.14,0
CAND_2295,Vikram Miller,Mobile Application Developer,6,0.5,11,3,2,1.7,1,B.Tech / B.E / B.S,2,6,1,402,Firebase; React Native; Android; Git; Kotlin; Swift,Flutter; Dart; Java; REST API; SQLite; UI/UX,70.53,1
CAND_2296,Pooja Sharma,Cloud & DevOps Engineer,5,0.3846,8,1,0,1.6,1,B.Tech / B.E / B.S,2,8,0,257,Python; Prometheus; AWS; Docker; Git,Linux; Kubernetes; Terraform; CI/CD; Jenkins; GitHub Actions; Ansible; Bash,35.9,0
CAND_2297,Aarav Iyer,Python / AI Engineer,6,0.4615,12,2,1,3.4,2,M.Tech / M.S / Ph.D,2,7,1,325,PyTorch; Docker; Git; Scikit-Learn; NLP; Computer Vision,Python; TensorFlow; Pandas; NumPy; SQL; FastAPI; REST API,65.73,1
CAND_2298,Elena Sharma,Python / AI Engineer,5,0.3846,5,2,3,0.6,0,Diploma / Associate,2,8,0,558,FastAPI; SQL; Python; PyTorch; Pandas,TensorFlow; Scikit-Learn; NumPy; Docker; NLP; Computer Vision; REST API; Git,34.93,0
CAND_2299,David Wilson,Backend Java Developer,1,0.0714,7,1,2,4.3,2,M.Tech / M.S / Ph.D,1,13,1,328,Maven,Java; Spring Boot; Microservices; REST API; SQL; PostgreSQL; MySQL; Hibernate; Redis; Kafka; Docker; AWS; Git,46.02,0
CAND_2300,Ananya Miller,Frontend React Engineer,10,0.7692,11,2,0,0.9,1,B.Tech / B.E / B.S,4,3,0,557,GraphQL; Webpack; Redux; Git; JavaScript; Tailwind CSS; REST API; CSS3; React; Vite,TypeScript; Next.js; HTML5,60.84,1
CAND_2301,Vikram Singh,Backend Java Developer,6,0.4286,11,4,2,1.9,1,B.Tech / B.E / B.S,2,8,0,470,Redis; AWS; Git; Maven; REST API; Hibernate,Java; Spring Boot; Microservices; SQL; PostgreSQL; MySQL; Kafka; Docker,65.1,1
CAND_2302,Elena Rao,Frontend React Engineer,6,0.4615,9,4,0,3.5,1,B.Tech / B.E / B.S,3,7,0,509,Webpack; JavaScript; GraphQL; Redux; CSS3; HTML5,React; TypeScript; Next.js; Tailwind CSS; REST API; Vite; Git,64.77,1
CAND_2303,David Johnson,Mobile Application Developer,10,0.8333,16,2,1,1.2,1,B.Tech / B.E / B.S,2,2,1,535,Dart; Firebase; Java; SQLite; React Native; Flutter; Git; Android; REST API; Swift,Kotlin; UI/UX,75.29,1
CAND_2304,David Sharma,Python / AI Engineer,10,0.7692,12,2,1,2.1,1,B.Tech / B.E / B.S,3,3,1,402,Pandas; Python; Computer Vision; NLP; FastAPI; REST API; TensorFlow; PyTorch; Scikit-Learn; Git,NumPy; SQL; Docker,75.47,1
CAND_2305,Karthik Sharma,Backend Java Developer,7,0.5,10,2,0,1.5,1,B.Tech / B.E / B.S,3,7,1,218,PostgreSQL; Redis; Git; REST API; Maven; AWS; MySQL,Java; Spring Boot; Microservices; SQL; Hibernate; Kafka; Docker,54.48,0
CAND_2306,Daniel Patel,Backend Java Developer,8,0.5714,9,1,0,2.0,1,B.Tech / B.E / B.S,2,6,1,353,Docker; Microservices; PostgreSQL; Maven; Kafka; AWS; Hibernate; Redis,Java; Spring Boot; REST API; SQL; MySQL; Git,57.22,0
CAND_2307,Vikram Kumar,Mobile Application Developer,10,0.8333,16,2,3,0.9,2,M.Tech / M.S / Ph.D,1,2,0,335,Kotlin; Java; Dart; Firebase; Git; Android; UI/UX; SQLite; React Native; Flutter,Swift; REST API,70.32,1
CAND_2308,Alex Anderson,Python / AI Engineer,5,0.3846,9,3,0,0.6,1,B.Tech / B.E / B.S,3,8,0,342,NumPy; NLP; REST API; SQL; PyTorch,Python; TensorFlow; Scikit-Learn; Pandas; FastAPI; Docker; Computer Vision; Git,50.27,0
CAND_2309,Aditi Sharma,Mobile Application Developer,8,0.6667,12,2,3,0.6,2,M.Tech / M.S / Ph.D,3,4,1,491,React Native; Android; Dart; SQLite; Firebase; Swift; Git; UI/UX,Flutter; Kotlin; Java; REST API,68.43,1
CAND_2310,Ananya Singh,Fullstack Software Engineer,10,0.7143,14,1,0,0.2,1,B.Tech / B.E / B.S,2,4,0,331,TypeScript; Docker; SQL; HTML5; JavaScript; React; Java; MongoDB; Git; Spring Boot,Node.js; PostgreSQL; REST API; CSS3,57.19,0
CAND_2311,Michael Smith,Python / AI Engineer,11,0.8462,12,1,3,2.5,1,B.Tech / B.E / B.S,3,2,1,276,Computer Vision; Python; TensorFlow; NumPy; PyTorch; FastAPI; Scikit-Learn; Docker; Pandas; NLP; REST API,SQL; Git,80.46,1
CAND_2312,Karthik Wilson,Cloud & DevOps Engineer,10,0.7692,16,2,3,6.9,1,B.Tech / B.E / B.S,4,3,1,345,Bash; Terraform; AWS; Git; Kubernetes; Jenkins; GitHub Actions; Prometheus; Docker; Linux,CI/CD; Ansible; Python,81.7,1
CAND_2313,James Sharma,Mobile Application Developer,8,0.6667,10,2,1,1.0,1,B.Tech / B.E / B.S,2,4,1,451,Git; Dart; Android; Flutter; React Native; REST API; Firebase; SQLite,Kotlin; Swift; Java; UI/UX,67.97,1
CAND_2314,James Miller,Fullstack Software Engineer,8,0.5714,10,2,0,3.2,1,B.Tech / B.E / B.S,1,6,0,508,Spring Boot; TypeScript; Git; Docker; MongoDB; PostgreSQL; Node.js; SQL,React; JavaScript; Java; REST API; HTML5; CSS3,58.67,1
CAND_2315,Rahul Anderson,Cloud & DevOps Engineer,6,0.4615,11,2,1,0.4,1,B.Tech / B.E / B.S,3,7,1,427,Ansible; CI/CD; Prometheus; Python; Git; Kubernetes,Linux; Docker; AWS; Terraform; Jenkins; GitHub Actions; Bash,59.32,1
CAND_2316,Rohan Taylor,Cloud & DevOps Engineer,11,0.8462,14,4,1,2.7,2,M.Tech / M.S / Ph.D,5,2,1,197,Bash; Jenkins; Docker; Python; Git; Kubernetes; Prometheus; Terraform; GitHub Actions; Linux; AWS,CI/CD; Ansible,93.82,1
CAND_2317,Elena Singh,Fullstack Software Engineer,9,0.6429,11,1,0,5.1,1,B.Tech / B.E / B.S,3,5,1,613,REST API; MongoDB; Spring Boot; React; Node.js; Java; HTML5; CSS3; Docker,JavaScript; TypeScript; SQL; PostgreSQL; Git,61.83,1
CAND_2318,Emily Patel,Backend Java Developer,9,0.6429,18,0,3,0.0,2,M.Tech / M.S / Ph.D,3,5,1,520,SQL; Spring Boot; Redis; Kafka; REST API; AWS; Maven; Docker; Hibernate,Java; Microservices; PostgreSQL; MySQL; Git,54.39,0
CAND_2319,Aditi Miller,Mobile Application Developer,9,0.75,10,1,0,2.8,1,B.Tech / B.E / B.S,4,3,1,650,Dart; SQLite; Firebase; Kotlin; Flutter; Git; React Native; Android; Swift,Java; REST API; UI/UX,65.17,1
CAND_2320,Rahul Chen,Fullstack Software Engineer,5,0.3571,6,2,2,0.1,1,B.Tech / B.E / B.S,3,9,0,309,TypeScript; Node.js; MongoDB; Spring Boot; React,JavaScript; Java; SQL; PostgreSQL; REST API; Git; Docker; HTML5; CSS3,39.4,0
CAND_2321,Ananya Wilson,Fullstack Software Engineer,3,0.2143,10,3,1,3.4,2,M.Tech / M.S / Ph.D,3,11,0,198,HTML5; REST API; CSS3,React; JavaScript; TypeScript; Node.js; Java; Spring Boot; SQL; PostgreSQL; MongoDB; Git; Docker,60.99,0
CAND_2322,Aditi Smith,Fullstack Software Engineer,8,0.5714,11,2,3,1.4,2,M.Tech / M.S / Ph.D,5,6,1,414,SQL; REST API; Docker; HTML5; JavaScript; MongoDB; PostgreSQL; Git,React; TypeScript; Node.js; Java; Spring Boot; CSS3,64.56,1
CAND_2323,Karthik Verma,Fullstack Software Engineer,1,0.0714,1,4,0,5.5,1,B.Tech / B.E / B.S,2,13,1,519,React,JavaScript; TypeScript; Node.js; Java; Spring Boot; SQL; PostgreSQL; MongoDB; REST API; Git; Docker; HTML5; CSS3,47.8,0
CAND_2324,Elena Davis,Backend Java Developer,2,0.1429,8,2,0,0.5,1,B.Tech / B.E / B.S,3,12,1,233,Docker; PostgreSQL,Java; Spring Boot; Microservices; REST API; SQL; MySQL; Hibernate; Redis; Kafka; AWS; Git; Maven,33.29,0
CAND_2325,Sarah Wilson,Frontend React Engineer,9,0.6923,13,2,4,1.3,2,M.Tech / M.S / Ph.D,4,4,1,606,Git; Next.js; React; Webpack; GraphQL; Vite; HTML5; Tailwind CSS; Redux,JavaScript; TypeScript; CSS3; REST API,68.42,1
CAND_2326,Aarav Miller,Cloud & DevOps Engineer,4,0.3077,6,2,3,5.0,1,B.Tech / B.E / B.S,3,9,0,363,Linux; Jenkins; Prometheus; Kubernetes,Docker; AWS; Terraform; CI/CD; GitHub Actions; Ansible; Python; Bash; Git,57.69,0
CAND_2327,Sarah Brown,Python / AI Engineer,11,0.8462,14,1,2,0.3,1,B.Tech / B.E / B.S,5,2,0,361,TensorFlow; PyTorch; FastAPI; REST API; NumPy; Docker; NLP; Git; Scikit-Learn; Python; Pandas,SQL; Computer Vision,67.2,1
CAND_2328,Ananya Patel,Python / AI Engineer,4,0.3077,8,3,0,0.2,1,B.Tech / B.E / B.S,3,9,0,414,Python; Scikit-Learn; SQL; Docker,PyTorch; TensorFlow; Pandas; NumPy; FastAPI; NLP; Computer Vision; REST API; Git,46.75,0
CAND_2329,James Verma,Fullstack Software Engineer,4,0.2857,9,1,0,1.3,0,Diploma / Associate,2,10,0,547,CSS3; Docker; Node.js; React,JavaScript; TypeScript; Java; Spring Boot; SQL; PostgreSQL; MongoDB; REST API; Git; HTML5,34.39,0
CAND_2330,Rohan Verma,Backend Java Developer,10,0.7143,13,3,0,1.0,1,B.Tech / B.E / B.S,3,4,1,428,Hibernate; Microservices; SQL; Java; PostgreSQL; Kafka; REST API; Git; Spring Boot; AWS,MySQL; Redis; Docker; Maven,74.09,1
CAND_2331,David Wilson,Mobile Application Developer,4,0.3333,11,2,2,0.1,2,M.Tech / M.S / Ph.D,6,8,1,296,Dart; Git; UI/UX; SQLite,Flutter; React Native; Android; Kotlin; Swift; Java; Firebase; REST API,50.7,0
CAND_2332,Karthik Miller,Backend Java Developer,6,0.4286,11,3,2,0.5,2,M.Tech / M.S / Ph.D,2,8,0,459,Hibernate; AWS; Git; PostgreSQL; REST API; Maven,Java; Spring Boot; Microservices; SQL; MySQL; Redis; Kafka; Docker,56.75,0
CAND_2333,Pooja Smith,Python / AI Engineer,10,0.7692,15,1,1,0.4,1,B.Tech / B.E / B.S,4,3,1,201,Pandas; Computer Vision; Scikit-Learn; Docker; Git; NumPy; FastAPI; NLP; SQL; Python,PyTorch; TensorFlow; REST API,66.34,1
CAND_2334,Aditi Smith,Cloud & DevOps Engineer,8,0.6154,15,3,1,0.7,1,B.Tech / B.E / B.S,2,5,1,546,Prometheus; Python; GitHub Actions; Terraform; Docker; AWS; Ansible; Git,Linux; Kubernetes; CI/CD; Jenkins; Bash,70.79,1
CAND_2335,Ananya Rao,Mobile Application Developer,5,0.4167,6,0,0,0.7,2,M.Tech / M.S / Ph.D,2,7,1,509,REST API; Android; Dart; Swift; React Native,Flutter; Kotlin; Java; Firebase; SQLite; Git; UI/UX,37.5,0
CAND_2336,Aditi Singh,Mobile Application Developer,9,0.75,13,3,0,1.3,1,B.Tech / B.E / B.S,3,3,1,476,Firebase; Git; UI/UX; Dart; Flutter; Android; SQLite; React Native; Kotlin,Swift; Java; REST API,78.3,1
CAND_2337,James Johnson,Frontend React Engineer,2,0.1538,4,3,0,3.8,1,B.Tech / B.E / B.S,2,11,0,257,JavaScript; React,TypeScript; Next.js; HTML5; CSS3; Tailwind CSS; Redux; REST API; GraphQL; Webpack; Vite; Git,50.92,0
CAND_2338,Karthik Thomas,Cloud & DevOps Engineer,5,0.3846,8,1,0,1.6,1,B.Tech / B.E / B.S,3,8,1,402,GitHub Actions; Linux; Jenkins; Bash; Git,Docker; Kubernetes; AWS; Terraform; CI/CD; Ansible; Python; Prometheus,46.83,0
CAND_2339,Aditi Singh,Backend Java Developer,12,0.8571,15,3,2,2.4,1,B.Tech / B.E / B.S,5,2,1,412,MySQL; Microservices; Docker; Maven; Redis; Java; SQL; Kafka; Hibernate; Git; AWS; PostgreSQL,Spring Boot; REST API,85.43,1
CAND_2340,Alex Kumar,Python / AI Engineer,7,0.5385,11,3,2,0.9,1,B.Tech / B.E / B.S,2,6,0,365,Scikit-Learn; Python; NumPy; NLP; SQL; Docker; FastAPI,PyTorch; TensorFlow; Pandas; Computer Vision; REST API; Git,64.83,1
CAND_2341,Aditi Reddy,Python / AI Engineer,4,0.3077,8,1,0,2.8,1,B.Tech / B.E / B.S,2,9,0,337,SQL; REST API; Computer Vision; Pandas,Python; PyTorch; TensorFlow; Scikit-Learn; NumPy; FastAPI; Docker; NLP; Git,38.03,0
CAND_2342,Chloe Taylor,Cloud & DevOps Engineer,5,0.3846,12,2,1,2.5,1,B.Tech / B.E / B.S,4,8,1,383,Python; Prometheus; Git; Ansible; Terraform,Linux; Docker; Kubernetes; AWS; CI/CD; Jenkins; GitHub Actions; Bash,62.68,1
CAND_2343,Priya Johnson,Cloud & DevOps Engineer,10,0.7692,13,2,1,2.4,1,B.Tech / B.E / B.S,6,3,0,401,Prometheus; AWS; Kubernetes; Linux; Terraform; Ansible; Python; Docker; GitHub Actions; Bash,CI/CD; Jenkins; Git,68.9,1
CAND_2344,Alex Anderson,Cloud & DevOps Engineer,10,0.7692,14,1,0,1.7,1,B.Tech / B.E / B.S,2,3,0,518,Linux; Python; Terraform; CI/CD; Bash; Ansible; Jenkins; Prometheus; GitHub Actions; Git,Docker; Kubernetes; AWS,57.66,0
CAND_2345,Sneha Rao,Python / AI Engineer,1,0.0769,3,1,0,3.3,0,Diploma / Associate,2,12,1,243,Computer Vision,Python; PyTorch; TensorFlow; Scikit-Learn; Pandas; NumPy; SQL; FastAPI; Docker; NLP; REST API; Git,29.65,0
CAND_2346,Alex Kumar,Backend Java Developer,11,0.7857,12,3,1,3.4,1,B.Tech / B.E / B.S,4,3,0,406,Hibernate; Maven; Java; Git; AWS; Docker; Kafka; Microservices; REST API; SQL; Spring Boot,PostgreSQL; MySQL; Redis,86.4,1
CAND_2347,Sarah Verma,Python / AI Engineer,12,0.9231,16,2,0,4.6,1,B.Tech / B.E / B.S,2,1,1,301,PyTorch; Pandas; NLP; Docker; NumPy; Git; Scikit-Learn; FastAPI; TensorFlow; REST API; Computer Vision; SQL,Python,86.43,1
CAND_2348,Vikram Singh,Mobile Application Developer,6,0.5,12,2,1,2.3,1,B.Tech / B.E / B.S,2,6,1,246,React Native; UI/UX; SQLite; Flutter; Android; REST API,Dart; Kotlin; Swift; Java; Firebase; Git,66.24,1
CAND_2349,Aditi Nair,Mobile Application Developer,5,0.4167,9,1,1,2.5,1,B.Tech / B.E / B.S,1,7,0,414,REST API; Firebase; SQLite; Swift; Flutter,Dart; React Native; Android; Kotlin; Java; Git; UI/UX,45.27,0
CAND_2350,Chloe Singh,Fullstack Software Engineer,2,0.1429,4,2,2,0.5,1,B.Tech / B.E / B.S,3,12,1,368,Docker; Java,React; JavaScript; TypeScript; Node.js; Spring Boot; SQL; PostgreSQL; MongoDB; REST API; Git; HTML5; CSS3,35.26,0
CAND_2351,Karthik Sharma,Mobile Application Developer,9,0.75,12,4,3,0.4,1,B.Tech / B.E / B.S,2,3,1,352,Swift; REST API; Flutter; Android; UI/UX; SQLite; Java; Kotlin; Git,Dart; React Native; Firebase,75.32,1
CAND_2352,Sneha Davis,Fullstack Software Engineer,9,0.6429,13,1,1,1.3,1,B.Tech / B.E / B.S,2,5,1,342,Node.js; CSS3; Spring Boot; REST API; Docker; SQL; JavaScript; Git; HTML5,React; TypeScript; Java; PostgreSQL; MongoDB,58.6,1
CAND_2353,Pooja Iyer,Fullstack Software Engineer,5,0.3571,9,3,0,0.9,2,M.Tech / M.S / Ph.D,3,9,0,414,Spring Boot; REST API; CSS3; Docker; SQL,React; JavaScript; TypeScript; Node.js; Java; PostgreSQL; MongoDB; Git; HTML5,49.06,0
CAND_2354,Emily Wilson,Frontend React Engineer,9,0.6923,12,1,0,1.1,2,M.Tech / M.S / Ph.D,1,4,1,330,GraphQL; React; TypeScript; CSS3; Vite; HTML5; JavaScript; Redux; REST API,Next.js; Tailwind CSS; Webpack; Git,61.63,1
CAND_2355,Sneha Thomas,Backend Java Developer,4,0.2857,10,2,1,0.1,1,B.Tech / B.E / B.S,2,10,0,445,Git; PostgreSQL; Redis; AWS,Java; Spring Boot; Microservices; REST API; SQL; MySQL; Hibernate; Kafka; Docker; Maven,43.42,0
CAND_2356,James Smith,Backend Java Developer,3,0.2143,5,2,3,2.1,1,B.Tech / B.E / B.S,3,11,0,295,MySQL; Kafka; Java,Spring Boot; Microservices; REST API; SQL; PostgreSQL; Hibernate; Redis; Docker; AWS; Git; Maven,44.52,0
CAND_2357,Vikram Johnson,Mobile Application Developer,1,0.0833,5,1,0,1.9,1,B.Tech / B.E / B.S,3,11,1,507,Dart,Flutter; React Native; Android; Kotlin; Swift; Java; Firebase; REST API; SQLite; Git; UI/UX,32.54,0
CAND_2358,Rohan Singh,Python / AI Engineer,3,0.2308,5,1,1,0.6,1,B.Tech / B.E / B.S,3,10,0,512,Docker; NLP; Computer Vision,Python; PyTorch; TensorFlow; Scikit-Learn; Pandas; NumPy; SQL; FastAPI; REST API; Git,23.7,0
CAND_2359,Chloe Brown,Python / AI Engineer,8,0.6154,14,2,3,2.0,2,M.Tech / M.S / Ph.D,4,5,1,559,REST API; PyTorch; Docker; Python; FastAPI; Computer Vision; TensorFlow; SQL,Scikit-Learn; Pandas; NumPy; NLP; Git,66.93,1
CAND_2360,Rahul Anderson,Frontend React Engineer,5,0.3846,7,2,1,2.7,1,B.Tech / B.E / B.S,1,8,0,626,Next.js; CSS3; Git; Vite; Webpack,React; JavaScript; TypeScript; HTML5; Tailwind CSS; Redux; REST API; GraphQL,46.22,0
CAND_2361,Michael Chen,Mobile Application Developer,5,0.4167,10,2,0,1.7,1,B.Tech / B.E / B.S,4,7,0,471,Dart; Android; Firebase; Java; Swift,Flutter; React Native; Kotlin; REST API; SQLite; Git; UI/UX,49.89,0
CAND_2362,Rohan Smith,Python / AI Engineer,8,0.6154,14,3,1,0.7,0,Diploma / Associate,2,5,1,372,Docker; PyTorch; NumPy; FastAPI; Scikit-Learn; NLP; SQL; Git,Python; TensorFlow; Pandas; Computer Vision; REST API,65.53,1
CAND_2363,Ananya Anderson,Backend Java Developer,9,0.6429,14,2,1,1.7,1,B.Tech / B.E / B.S,2,5,0,475,Redis; REST API; MySQL; Docker; Kafka; Microservices; SQL; AWS; Maven,Java; Spring Boot; PostgreSQL; Hibernate; Git,62.15,1
CAND_2364,Alex Chen,Fullstack Software Engineer,10,0.7143,13,2,0,1.2,1,B.Tech / B.E / B.S,4,4,1,423,JavaScript; SQL; HTML5; MongoDB; TypeScript; PostgreSQL; Node.js; CSS3; Git; React,Java; Spring Boot; REST API; Docker,67.63,1
CAND_2365,Priya Reddy,Cloud & DevOps Engineer,7,0.5385,10,2,0,0.6,1,B.Tech / B.E / B.S,1,6,1,351,Terraform; Ansible; GitHub Actions; Docker; Kubernetes; Linux; Jenkins,AWS; CI/CD; Python; Bash; Prometheus; Git,53.55,0
CAND_2366,Sarah Sharma,Mobile Application Developer,7,0.5833,10,2,1,0.8,1,B.Tech / B.E / B.S,3,5,1,536,React Native; Dart; UI/UX; REST API; Java; Android; SQLite,Flutter; Kotlin; Swift; Firebase; Git,62.67,1
CAND_2367,Vikram Johnson,Mobile Application Developer,6,0.5,8,2,1,1.2,1,B.Tech / B.E / B.S,2,6,1,328,REST API; Android; Kotlin; Dart; Swift; Java,Flutter; React Native; Firebase; SQLite; Git; UI/UX,50.63,0
CAND_2368,Alex Anderson,Python / AI Engineer,12,0.9231,15,2,2,4.8,1,B.Tech / B.E / B.S,1,1,0,334,NLP; PyTorch; Python; REST API; NumPy; FastAPI; Scikit-Learn; Docker; SQL; Pandas; Git; TensorFlow,Computer Vision,82.05,1
CAND_2369,Vikram Nair,Mobile Application Developer,9,0.75,13,3,0,3.2,1,B.Tech / B.E / B.S,3,3,1,506,SQLite; REST API; Dart; React Native; Flutter; Kotlin; Java; Git; Android,Swift; Firebase; UI/UX,88.71,1
CAND_2370,David Chen,Cloud & DevOps Engineer,5,0.3846,11,1,1,0.1,0,Diploma / Associate,3,8,1,548,Kubernetes; Ansible; Python; Terraform; Docker,Linux; AWS; CI/CD; Jenkins; GitHub Actions; Bash; Prometheus; Git,42.64,0
CAND_2371,Ananya Rao,Cloud & DevOps Engineer,6,0.4615,9,3,0,4.3,1,B.Tech / B.E / B.S,3,7,0,488,CI/CD; Linux; Python; Ansible; Bash; Jenkins,Docker; Kubernetes; AWS; Terraform; GitHub Actions; Prometheus; Git,71.02,1
CAND_2372,Pooja Chen,Cloud & DevOps Engineer,6,0.4615,6,1,0,0.3,2,M.Tech / M.S / Ph.D,4,7,1,498,CI/CD; Kubernetes; Prometheus; Linux; AWS; Jenkins,Docker; Terraform; GitHub Actions; Ansible; Python; Bash; Git,44.15,0
CAND_2373,Daniel Kumar,Python / AI Engineer,4,0.3077,9,4,0,6.1,1,B.Tech / B.E / B.S,3,9,0,263,NLP; NumPy; PyTorch; REST API,Python; TensorFlow; Scikit-Learn; Pandas; SQL; FastAPI; Docker; Computer Vision; Git,64.87,1
CAND_2374,Pooja Nair,Fullstack Software Engineer,9,0.6429,12,1,0,1.4,1,B.Tech / B.E / B.S,1,5,1,474,Java; CSS3; PostgreSQL; Docker; Node.js; TypeScript; HTML5; MongoDB; Git,React; JavaScript; Spring Boot; SQL; REST API,52.98,0
CAND_2375,Sneha Singh,Mobile Application Developer,4,0.3333,7,2,0,2.2,1,B.Tech / B.E / B.S,1,8,0,515,Kotlin; React Native; Dart; Android,Flutter; Swift; Java; Firebase; REST API; SQLite; Git; UI/UX,47.96,0
CAND_2376,Chloe Davis,Backend Java Developer,13,0.9286,16,2,2,4.1,1,B.Tech / B.E / B.S,4,1,1,511,Java; Kafka; Maven; Redis; Docker; REST API; AWS; Git; Hibernate; Microservices; Spring Boot; MySQL; SQL,PostgreSQL,90.4,1
CAND_2377,Michael Davis,Backend Java Developer,10,0.7143,15,0,0,0.4,1,B.Tech / B.E / B.S,3,4,1,274,Maven; Hibernate; SQL; Spring Boot; Docker; Git; MySQL; REST API; Microservices; Java,PostgreSQL; Redis; Kafka; AWS,51.14,0
CAND_2378,Vikram Kumar,Mobile Application Developer,6,0.5,9,3,2,1.9,1,B.Tech / B.E / B.S,3,6,1,396,Git; Dart; Swift; UI/UX; Android; SQLite,Flutter; React Native; Kotlin; Java; Firebase; REST API,68.89,1
CAND_2379,Rohan Chen,Backend Java Developer,2,0.1429,9,0,0,7.4,1,B.Tech / B.E / B.S,4,12,1,417,Redis; PostgreSQL,Java; Spring Boot; Microservices; REST API; SQL; MySQL; Hibernate; Kafka; Docker; AWS; Git; Maven,36.0,0
CAND_2380,Karthik Taylor,Mobile Application Developer,2,0.1667,5,3,0,2.4,2,M.Tech / M.S / Ph.D,1,10,1,349,UI/UX; REST API,Flutter; Dart; React Native; Android; Kotlin; Swift; Java; Firebase; SQLite; Git,51.87,0
CAND_2381,Rohan Chen,Fullstack Software Engineer,11,0.7857,16,3,2,0.5,1,B.Tech / B.E / B.S,5,3,0,419,SQL; JavaScript; Docker; MongoDB; Spring Boot; Node.js; React; REST API; CSS3; PostgreSQL; HTML5,TypeScript; Java; Git,70.43,1
CAND_2382,Vikram Anderson,Cloud & DevOps Engineer,2,0.1538,4,2,0,1.1,2,M.Tech / M.S / Ph.D,2,11,0,446,AWS; Bash,Linux; Docker; Kubernetes; Terraform; CI/CD; Jenkins; GitHub Actions; Ansible; Python; Prometheus; Git,32.59,0
CAND_2383,Rahul Kumar,Cloud & DevOps Engineer,8,0.6154,14,1,1,1.5,1,B.Tech / B.E / B.S,4,5,0,548,Kubernetes; GitHub Actions; Git; Prometheus; Terraform; Bash; Docker; CI/CD,Linux; AWS; Jenkins; Ansible; Python,46.99,0
CAND_2384,Rohan Davis,Mobile Application Developer,1,0.0833,6,0,0,1.2,0,Diploma / Associate,4,11,1,423,UI/UX,Flutter; Dart; React Native; Android; Kotlin; Swift; Java; Firebase; REST API; SQLite; Git,22.72,0
CAND_2385,Rahul Sharma,Cloud & DevOps Engineer,4,0.3077,5,2,0,1.4,2,M.Tech / M.S / Ph.D,4,9,1,403,Docker; GitHub Actions; Ansible; Python,Linux; Kubernetes; AWS; Terraform; CI/CD; Jenkins; Bash; Prometheus; Git,47.94,0
CAND_2386,Rahul Nair,Fullstack Software Engineer,3,0.2143,5,1,0,0.4,1,B.Tech / B.E / B.S,3,11,1,374,SQL; Docker; Java,React; JavaScript; TypeScript; Node.js; Spring Boot; PostgreSQL; MongoDB; REST API; Git; HTML5; CSS3,31.91,0
CAND_2387,Maya Johnson,Mobile Application Developer,6,0.5,12,3,0,1.3,1,B.Tech / B.E / B.S,3,6,1,312,SQLite; Android; Swift; Firebase; React Native; REST API,Flutter; Dart; Kotlin; Java; Git; UI/UX,62.76,1
CAND_2388,Ananya Rao,Mobile Application Developer,9,0.75,14,2,0,0.3,1,B.Tech / B.E / B.S,1,3,0,493,Firebase; UI/UX; Java; Swift; Git; React Native; Flutter; Dart; REST API,Android; Kotlin; SQLite,61.68,1
CAND_2389,Pooja Brown,Cloud & DevOps Engineer,7,0.5385,13,2,0,1.1,0,Diploma / Associate,2,6,0,488,CI/CD; AWS; Bash; Jenkins; Docker; Kubernetes; Prometheus,Linux; Terraform; GitHub Actions; Ansible; Python; Git,49.83,0
CAND_2390,Alex Reddy,Frontend React Engineer,7,0.5385,9,3,3,0.4,1,B.Tech / B.E / B.S,1,6,1,216,Vite; Tailwind CSS; TypeScript; Redux; GraphQL; Git; CSS3,React; JavaScript; Next.js; HTML5; REST API; Webpack,62.48,1
CAND_2391,Ananya Sharma,Frontend React Engineer,4,0.3077,6,3,1,0.1,1,B.Tech / B.E / B.S,3,9,0,437,HTML5; REST API; Next.js; Tailwind CSS,React; JavaScript; TypeScript; CSS3; Redux; GraphQL; Webpack; Vite; Git,39.5,0
CAND_2392,Aditi Miller,Frontend React Engineer,7,0.5385,9,4,0,0.9,1,B.Tech / B.E / B.S,2,6,0,331,HTML5; Webpack; CSS3; Tailwind CSS; GraphQL; Redux; Next.js,React; JavaScript; TypeScript; REST API; Vite; Git,55.55,0
CAND_2393,David Kumar,Fullstack Software Engineer,11,0.7857,18,1,0,1.3,1,B.Tech / B.E / B.S,3,3,1,425,Java; PostgreSQL; Docker; Node.js; Spring Boot; React; CSS3; Git; SQL; JavaScript; HTML5,TypeScript; MongoDB; REST API,62.0,1
CAND_2394,Chloe Gupta,Mobile Application Developer,5,0.4167,16,1,0,4.9,0,Diploma / Associate,3,7,1,610,Dart; SQLite; Git; Swift; React Native,Flutter; Android; Kotlin; Java; Firebase; REST API; UI/UX,57.32,0
CAND_2395,Maya Miller,Fullstack Software Engineer,11,0.7857,13,2,0,2.4,1,B.Tech / B.E / B.S,2,3,1,493,Docker; React; SQL; JavaScript; Spring Boot; REST API; Git; MongoDB; HTML5; Java; PostgreSQL,TypeScript; Node.js; CSS3,73.19,1
CAND_2396,Emily Miller,Backend Java Developer,5,0.3571,9,4,0,0.6,2,M.Tech / M.S / Ph.D,3,9,1,433,Microservices; Redis; MySQL; REST API; SQL,Java; Spring Boot; PostgreSQL; Hibernate; Kafka; Docker; AWS; Git; Maven,59.74,1
CAND_2397,Priya Smith,Frontend React Engineer,2,0.1538,4,2,1,0.2,1,B.Tech / B.E / B.S,3,11,0,528,Tailwind CSS; Next.js,React; JavaScript; TypeScript; HTML5; CSS3; Redux; REST API; GraphQL; Webpack; Vite; Git,28.7,0
CAND_2398,Chloe Singh,Fullstack Software Engineer,5,0.3571,8,3,0,0.3,1,B.Tech / B.E / B.S,3,9,1,404,React; CSS3; MongoDB; JavaScript; Docker,TypeScript; Node.js; Java; Spring Boot; SQL; PostgreSQL; REST API; Git; HTML5,53.07,0
CAND_2399,David Wilson,Fullstack Software Engineer,11,0.7857,13,2,0,0.1,1,B.Tech / B.E / B.S,3,3,1,463,TypeScript; Java; HTML5; React; Node.js; REST API; Git; CSS3; Spring Boot; PostgreSQL; MongoDB,JavaScript; SQL; Docker,65.8,1
CAND_2400,David Iyer,Mobile Application Developer,4,0.3333,6,2,2,3.0,1,B.Tech / B.E / B.S,6,8,1,450,Kotlin; Dart; Git; SQLite,Flutter; React Native; Android; Swift; Java; Firebase; REST API; UI/UX,61.68,1
CAND_2401,Daniel Brown,Fullstack Software Engineer,2,0.1429,6,3,1,4.5,1,B.Tech / B.E / B.S,1,12,1,439,React; Docker,JavaScript; TypeScript; Node.js; Java; Spring Boot; SQL; PostgreSQL; MongoDB; REST API; Git; HTML5; CSS3,53.52,0
CAND_2402,Chloe Thomas,Backend Java Developer,3,0.2143,6,4,0,0.8,1,B.Tech / B.E / B.S,2,11,0,406,Spring Boot; AWS; Kafka,Java; Microservices; REST API; SQL; PostgreSQL; MySQL; Hibernate; Redis; Docker; Git; Maven,40.73,0
CAND_2403,David Gupta,Python / AI Engineer,7,0.5385,11,2,0,0.6,0,Diploma / Associate,4,6,1,339,Pandas; NumPy; SQL; Docker; Python; Git; TensorFlow,PyTorch; Scikit-Learn; FastAPI; NLP; Computer Vision; REST API,55.87,0
CAND_2404,Michael Gupta,Fullstack Software Engineer,2,0.1429,7,3,3,1.7,1,B.Tech / B.E / B.S,4,12,1,384,Java; Git,React; JavaScript; TypeScript; Node.js; Spring Boot; SQL; PostgreSQL; MongoDB; REST API; Docker; HTML5; CSS3,53.26,0
CAND_2405,James Wilson,Cloud & DevOps Engineer,6,0.4615,7,2,3,1.5,0,Diploma / Associate,2,7,1,491,Terraform; Jenkins; Docker; AWS; Prometheus; Git,Linux; Kubernetes; CI/CD; GitHub Actions; Ansible; Python; Bash,53.54,0
CAND_2406,Elena Rao,Mobile Application Developer,3,0.25,5,2,2,3.7,1,B.Tech / B.E / B.S,2,9,0,440,REST API; UI/UX; Android,Flutter; Dart; React Native; Kotlin; Swift; Java; Firebase; SQLite; Git,42.98,0
CAND_2407,David Sharma,Cloud & DevOps Engineer,4,0.3077,10,1,1,2.6,2,M.Tech / M.S / Ph.D,5,9,1,407,Prometheus; Jenkins; CI/CD; Ansible,Linux; Docker; Kubernetes; AWS; Terraform; GitHub Actions; Python; Bash; Git,51.05,0
CAND_2408,Sneha Taylor,Backend Java Developer,12,0.8571,17,4,0,1.6,1,B.Tech / B.E / B.S,1,2,1,307,Kafka; Java; MySQL; REST API; Hibernate; PostgreSQL; Maven; SQL; Git; Microservices; AWS; Redis,Spring Boot; Docker,77.79,1
CAND_2409,Rohan Reddy,Python / AI Engineer,10,0.7692,13,4,0,3.6,1,B.Tech / B.E / B.S,6,3,1,255,TensorFlow; Scikit-Learn; FastAPI; NLP; REST API; PyTorch; Computer Vision; Docker; Pandas; NumPy,Python; SQL; Git,88.83,1
CAND_2410,Daniel Anderson,Backend Java Developer,3,0.2143,9,1,1,0.5,1,B.Tech / B.E / B.S,4,11,1,591,Java; Git; Hibernate,Spring Boot; Microservices; REST API; SQL; PostgreSQL; MySQL; Redis; Kafka; Docker; AWS; Maven,37.51,0
CAND_2411,Karthik Brown,Frontend React Engineer,8,0.6154,12,2,1,0.9,1,B.Tech / B.E / B.S,1,5,0,429,Vite; CSS3; TypeScript; React; Git; Tailwind CSS; Redux; GraphQL,JavaScript; Next.js; HTML5; REST API; Webpack,46.84,0
CAND_2412,Karthik Gupta,Python / AI Engineer,7,0.5385,10,2,3,1.8,1,B.Tech / B.E / B.S,1,6,1,538,Git; FastAPI; Docker; REST API; NumPy; Scikit-Learn; TensorFlow,Python; PyTorch; Pandas; SQL; NLP; Computer Vision,63.53,1
CAND_2413,Michael Wilson,Python / AI Engineer,4,0.3077,4,1,0,6.6,1,B.Tech / B.E / B.S,1,9,1,600,Docker; REST API; PyTorch; Computer Vision,Python; TensorFlow; Scikit-Learn; Pandas; NumPy; SQL; FastAPI; NLP; Git,47.74,0
CAND_2414,Sarah Patel,Cloud & DevOps Engineer,5,0.3846,10,1,1,3.8,1,B.Tech / B.E / B.S,2,8,0,427,Kubernetes; Linux; Git; Ansible; Docker,AWS; Terraform; CI/CD; Jenkins; GitHub Actions; Python; Bash; Prometheus,55.51,0
CAND_2415,Priya Gupta,Cloud & DevOps Engineer,1,0.0769,6,3,0,1.9,2,M.Tech / M.S / Ph.D,5,12,1,392,Docker,Linux; Kubernetes; AWS; Terraform; CI/CD; Jenkins; GitHub Actions; Ansible; Python; Bash; Prometheus; Git,52.62,0
CAND_2416,Aditi Brown,Cloud & DevOps Engineer,4,0.3077,8,2,0,1.4,1,B.Tech / B.E / B.S,3,9,0,415,Kubernetes; Bash; Ansible; GitHub Actions,Linux; Docker; AWS; Terraform; CI/CD; Jenkins; Python; Prometheus; Git,45.11,0
CAND_2417,Vikram Miller,Cloud & DevOps Engineer,3,0.2308,9,5,1,3.3,1,B.Tech / B.E / B.S,2,10,0,333,Jenkins; Linux; Terraform,Docker; Kubernetes; AWS; CI/CD; GitHub Actions; Ansible; Python; Bash; Prometheus; Git,51.99,0
CAND_2418,Sneha Brown,Frontend React Engineer,6,0.4615,9,5,0,1.2,1,B.Tech / B.E / B.S,2,7,1,496,Vite; Webpack; HTML5; REST API; CSS3; GraphQL,React; JavaScript; TypeScript; Next.js; Tailwind CSS; Redux; Git,54.11,0
CAND_2419,James Nair,Backend Java Developer,5,0.3571,8,2,1,0.8,1,B.Tech / B.E / B.S,3,9,0,297,SQL; Redis; Docker; REST API; Kafka,Java; Spring Boot; Microservices; PostgreSQL; MySQL; Hibernate; AWS; Git; Maven,44.75,0
CAND_2420,Emily Davis,Python / AI Engineer,5,0.3846,10,3,0,1.6,1,B.Tech / B.E / B.S,2,8,1,311,Pandas; FastAPI; REST API; Scikit-Learn; NumPy,Python; PyTorch; TensorFlow; SQL; Docker; NLP; Computer Vision; Git,60.74,1
CAND_2421,Vikram Nair,Python / AI Engineer,6,0.4615,9,1,2,0.5,1,B.Tech / B.E / B.S,3,7,1,245,REST API; FastAPI; Python; NumPy; SQL; TensorFlow,PyTorch; Scikit-Learn; Pandas; Docker; NLP; Computer Vision; Git,52.41,0
CAND_2422,Vikram Wilson,Fullstack Software Engineer,9,0.6429,14,4,1,0.5,1,B.Tech / B.E / B.S,2,5,1,473,React; Java; Docker; Node.js; Git; JavaScript; PostgreSQL; TypeScript; CSS3,Spring Boot; SQL; MongoDB; REST API; HTML5,66.9,1
CAND_2423,Aditi Thomas,Cloud & DevOps Engineer,10,0.7692,12,0,0,0.1,1,B.Tech / B.E / B.S,2,3,0,150,Python; Kubernetes; Docker; CI/CD; Ansible; AWS; Prometheus; Git; Linux; Bash,Terraform; Jenkins; GitHub Actions,34.8,0
CAND_2424,Karthik Rao,Cloud & DevOps Engineer,3,0.2308,7,1,1,0.5,1,B.Tech / B.E / B.S,2,10,0,588,Python; Prometheus; Terraform,Linux; Docker; Kubernetes; AWS; CI/CD; Jenkins; GitHub Actions; Ansible; Bash; Git,30.5,0
CAND_2425,Emily Thomas,Cloud & DevOps Engineer,10,0.7692,13,3,0,3.6,1,B.Tech / B.E / B.S,3,3,0,428,Terraform; Ansible; Prometheus; AWS; Docker; Kubernetes; Linux; CI/CD; Bash; GitHub Actions,Jenkins; Python; Git,82.62,1
CAND_2426,Priya Kumar,Python / AI Engineer,2,0.1538,5,3,1,0.5,0,Diploma / Associate,4,11,1,461,PyTorch; TensorFlow,Python; Scikit-Learn; Pandas; NumPy; SQL; FastAPI; Docker; NLP; Computer Vision; REST API; Git,46.16,0
CAND_2427,Daniel Anderson,Mobile Application Developer,3,0.25,6,4,0,1.1,1,B.Tech / B.E / B.S,2,9,0,658,Java; Swift; SQLite,Flutter; Dart; React Native; Android; Kotlin; Firebase; REST API; Git; UI/UX,43.18,0
CAND_2428,James Thomas,Frontend React Engineer,9,0.6923,13,0,0,3.7,1,B.Tech / B.E / B.S,3,4,1,383,Git; Vite; GraphQL; Redux; Next.js; TypeScript; React; JavaScript; CSS3,HTML5; Tailwind CSS; REST API; Webpack,63.63,1
CAND_2429,Rohan Thomas,Backend Java Developer,7,0.5,8,2,0,3.1,1,B.Tech / B.E / B.S,2,7,1,367,Microservices; Maven; Hibernate; Java; PostgreSQL; Spring Boot; Docker,REST API; SQL; MySQL; Redis; Kafka; AWS; Git,63.55,1
CAND_2430,Vikram Davis,Cloud & DevOps Engineer,5,0.3846,9,5,2,2.5,1,B.Tech / B.E / B.S,3,8,1,255,Jenkins; Bash; GitHub Actions; CI/CD; Terraform,Linux; Docker; Kubernetes; AWS; Ansible; Python; Prometheus; Git,68.87,1
CAND_2431,Daniel Reddy,Backend Java Developer,13,0.9286,17,1,1,4.3,1,B.Tech / B.E / B.S,2,1,0,227,Redis; MySQL; Git; AWS; Hibernate; PostgreSQL; SQL; Docker; Kafka; Microservices; Java; Maven; REST API,Spring Boot,76.27,1
CAND_2432,Priya Kumar,Mobile Application Developer,9,0.75,14,4,0,0.2,1,B.Tech / B.E / B.S,3,3,1,494,React Native; Java; REST API; Firebase; SQLite; Swift; UI/UX; Flutter; Android,Dart; Kotlin; Git,73.72,1
CAND_2433,Emily Nair,Fullstack Software Engineer,9,0.6429,12,0,2,1.3,1,B.Tech / B.E / B.S,3,5,0,410,CSS3; Spring Boot; PostgreSQL; Git; HTML5; SQL; Node.js; Java; MongoDB,React; JavaScript; TypeScript; REST API; Docker,47.47,0
CAND_2434,Rahul Johnson,Frontend React Engineer,11,0.8462,13,2,2,0.1,1,B.Tech / B.E / B.S,4,2,1,576,TypeScript; Vite; React; Next.js; Redux; CSS3; HTML5; JavaScript; Webpack; Git; REST API,Tailwind CSS; GraphQL,68.29,1
CAND_2435,Sneha Smith,Frontend React Engineer,10,0.7692,17,2,0,0.5,1,B.Tech / B.E / B.S,4,3,0,393,REST API; React; GraphQL; HTML5; Vite; Webpack; CSS3; Next.js; Tailwind CSS; Git,JavaScript; TypeScript; Redux,55.8,0
CAND_2436,Karthik Kumar,Mobile Application Developer,7,0.5833,11,2,0,0.9,1,B.Tech / B.E / B.S,2,5,1,394,Flutter; SQLite; UI/UX; Firebase; REST API; Android; Dart,React Native; Kotlin; Swift; Java; Git,62.86,1
CAND_2437,Elena Miller,Fullstack Software Engineer,9,0.6429,9,1,0,0.1,1,B.Tech / B.E / B.S,6,5,1,487,React; Spring Boot; CSS3; REST API; TypeScript; Git; MongoDB; Docker; Node.js,JavaScript; Java; SQL; PostgreSQL; HTML5,53.13,0
CAND_2438,Sneha Verma,Cloud & DevOps Engineer,5,0.3846,6,2,3,3.3,1,B.Tech / B.E / B.S,3,8,0,449,Bash; Prometheus; Linux; CI/CD; Docker,Kubernetes; AWS; Terraform; Jenkins; GitHub Actions; Ansible; Python; Git,51.39,0
CAND_2439,Chloe Kumar,Backend Java Developer,7,0.5,13,3,2,0.7,1,B.Tech / B.E / B.S,2,7,1,413,Docker; Kafka; AWS; Java; PostgreSQL; Git; Microservices,Spring Boot; REST API; SQL; MySQL; Hibernate; Redis; Maven,64.87,1
CAND_2440,James Smith,Python / AI Engineer,2,0.1538,6,1,2,1.4,1,B.Tech / B.E / B.S,3,11,1,302,Python; Computer Vision,PyTorch; TensorFlow; Scikit-Learn; Pandas; NumPy; SQL; FastAPI; Docker; NLP; REST API; Git,27.52,0
CAND_2441,David Brown,Mobile Application Developer,7,0.5833,8,1,0,0.7,1,B.Tech / B.E / B.S,3,5,1,423,Git; Flutter; Dart; Android; React Native; Swift; Firebase,Kotlin; Java; REST API; SQLite; UI/UX,51.19,0
CAND_2442,Rohan Nair,Cloud & DevOps Engineer,3,0.2308,8,1,0,0.2,1,B.Tech / B.E / B.S,2,10,0,393,Linux; Terraform; Python,Docker; Kubernetes; AWS; CI/CD; Jenkins; GitHub Actions; Ansible; Bash; Prometheus; Git,23.83,0
CAND_2443,Rahul Davis,Cloud & DevOps Engineer,10,0.7692,11,2,2,3.7,1,B.Tech / B.E / B.S,1,3,0,150,Kubernetes; Bash; Linux; Terraform; Python; CI/CD; Prometheus; Git; AWS; Jenkins,Docker; GitHub Actions; Ansible,72.91,1
CAND_2444,James Taylor,Fullstack Software Engineer,10,0.7143,13,2,2,1.5,2,M.Tech / M.S / Ph.D,3,4,1,333,JavaScript; CSS3; TypeScript; HTML5; Docker; Spring Boot; React; SQL; Git; PostgreSQL,Node.js; Java; MongoDB; REST API,76.25,1
CAND_2445,Rahul Smith,Cloud & DevOps Engineer,2,0.1538,4,2,1,2.1,1,B.Tech / B.E / B.S,2,11,1,484,Docker; Prometheus,Linux; Kubernetes; AWS; Terraform; CI/CD; Jenkins; GitHub Actions; Ansible; Python; Bash; Git,39.7,0
CAND_2446,Ananya Rao,Mobile Application Developer,7,0.5833,9,3,0,0.5,1,B.Tech / B.E / B.S,6,5,1,302,Git; Android; React Native; Kotlin; Flutter; UI/UX; Swift,Dart; Java; Firebase; REST API; SQLite,64.21,1
CAND_2447,Pooja Nair,Frontend React Engineer,5,0.3846,8,2,1,0.4,1,B.Tech / B.E / B.S,4,8,1,384,TypeScript; GraphQL; CSS3; Tailwind CSS; Next.js,React; JavaScript; HTML5; Redux; REST API; Webpack; Vite; Git,55.22,0
CAND_2448,Rahul Kumar,Backend Java Developer,3,0.2143,5,4,1,1.0,1,B.Tech / B.E / B.S,4,11,1,523,Microservices; SQL; Git,Java; Spring Boot; REST API; PostgreSQL; MySQL; Hibernate; Redis; Kafka; Docker; AWS; Maven,48.14,0
CAND_2449,Michael Kumar,Fullstack Software Engineer,3,0.2143,5,4,0,2.2,2,M.Tech / M.S / Ph.D,1,11,0,391,PostgreSQL; Spring Boot; REST API,React; JavaScript; TypeScript; Node.js; Java; SQL; MongoDB; Git; Docker; HTML5; CSS3,51.55,0
CAND_2450,Emily Smith,Mobile Application Developer,7,0.5833,8,3,0,1.1,2,M.Tech / M.S / Ph.D,2,5,0,513,REST API; Firebase; React Native; Flutter; Java; Dart; Kotlin,Android; Swift; SQLite; Git; UI/UX,52.22,0
CAND_2451,James Gupta,Mobile Application Developer,9,0.75,13,2,1,1.6,1,B.Tech / B.E / B.S,6,3,1,276,Java; Swift; Kotlin; Android; Git; Firebase; SQLite; UI/UX; React Native,Flutter; Dart; REST API,75.26,1
CAND_2452,Rohan Davis,Backend Java Developer,9,0.6429,13,2,0,1.5,1,B.Tech / B.E / B.S,1,5,0,507,SQL; REST API; Hibernate; Maven; Java; Spring Boot; Microservices; Git; Redis,PostgreSQL; MySQL; Kafka; Docker; AWS,51.81,0
CAND_2453,Michael Anderson,Frontend React Engineer,10,0.7692,14,3,0,2.7,1,B.Tech / B.E / B.S,4,3,1,315,CSS3; GraphQL; Tailwind CSS; Vite; React; Git; Redux; REST API; TypeScript; Webpack,JavaScript; Next.js; HTML5,86.97,1
CAND_2454,Priya Brown,Cloud & DevOps Engineer,10,0.7692,15,4,2,1.3,0,Diploma / Associate,4,3,1,328,CI/CD; Git; Bash; Docker; Kubernetes; Prometheus; Ansible; Python; AWS; GitHub Actions,Linux; Terraform; Jenkins,76.22,1
CAND_2455,Aarav Taylor,Python / AI Engineer,5,0.3846,10,3,0,1.7,1,B.Tech / B.E / B.S,3,8,0,565,FastAPI; NLP; REST API; SQL; Computer Vision,Python; PyTorch; TensorFlow; Scikit-Learn; Pandas; NumPy; Docker; Git,52.9,0
CAND_2456,Elena Singh,Frontend React Engineer,10,0.7692,13,2,1,0.0,2,M.Tech / M.S / Ph.D,2,3,0,530,Vite; CSS3; GraphQL; Git; Redux; Tailwind CSS; TypeScript; React; JavaScript; Webpack,Next.js; HTML5; REST API,58.45,1
CAND_2457,Sarah Brown,Frontend React Engineer,3,0.2308,6,1,1,10.4,2,M.Tech / M.S / Ph.D,3,10,1,396,GraphQL; Tailwind CSS; Git,React; JavaScript; TypeScript; Next.js; HTML5; CSS3; Redux; REST API; Webpack; Vite,51.38,0
CAND_2458,Aarav Nair,Python / AI Engineer,6,0.4615,10,2,0,2.1,1,B.Tech / B.E / B.S,2,7,1,335,TensorFlow; Pandas; NLP; Docker; Scikit-Learn; Git,Python; PyTorch; NumPy; SQL; FastAPI; Computer Vision; REST API,59.2,1
CAND_2459,Vikram Chen,Fullstack Software Engineer,14,1.0,18,2,1,1.9,1,B.Tech / B.E / B.S,2,0,1,329,JavaScript; Java; TypeScript; Spring Boot; PostgreSQL; SQL; Docker; Node.js; React; CSS3; HTML5; Git; MongoDB; REST API,,79.2,1
CAND_2460,Rohan Nair,Backend Java Developer,10,0.7143,13,4,0,3.0,1,B.Tech / B.E / B.S,5,4,1,356,Maven; REST API; MySQL; Spring Boot; Git; Microservices; PostgreSQL; Java; Kafka; Docker,SQL; Hibernate; Redis; AWS,83.17,1
CAND_2461,Emily Reddy,Cloud & DevOps Engineer,12,0.9231,17,4,3,3.0,1,B.Tech / B.E / B.S,2,1,0,306,Ansible; Bash; Jenkins; AWS; GitHub Actions; Prometheus; Git; Python; Docker; Linux; Terraform; CI/CD,Kubernetes,81.16,1
CAND_2462,Alex Iyer,Cloud & DevOps Engineer,8,0.6154,10,2,0,1.2,1,B.Tech / B.E / B.S,1,5,0,545,Git; CI/CD; Terraform; Jenkins; Python; Docker; Kubernetes; AWS,Linux; GitHub Actions; Ansible; Bash; Prometheus,51.93,0
CAND_2463,James Sharma,Backend Java Developer,11,0.7857,15,2,0,0.2,1,B.Tech / B.E / B.S,1,3,1,183,Kafka; Microservices; REST API; PostgreSQL; Docker; Maven; Java; SQL; MySQL; AWS; Hibernate,Spring Boot; Redis; Git,62.26,1
CAND_2464,Ananya Iyer,Cloud & DevOps Engineer,5,0.3846,8,1,0,1.1,1,B.Tech / B.E / B.S,1,8,1,312,AWS; Linux; Git; Terraform; Jenkins,Docker; Kubernetes; CI/CD; GitHub Actions; Ansible; Python; Bash; Prometheus,45.93,0
CAND_2465,Rohan Chen,Cloud & DevOps Engineer,4,0.3077,5,2,1,0.4,1,B.Tech / B.E / B.S,2,9,1,357,Bash; Kubernetes; Jenkins; Prometheus,Linux; Docker; AWS; Terraform; CI/CD; GitHub Actions; Ansible; Python; Git,35.71,0
CAND_2466,Pooja Rao,Cloud & DevOps Engineer,7,0.5385,14,2,4,1.1,1,B.Tech / B.E / B.S,1,6,0,401,Bash; GitHub Actions; Linux; Terraform; Jenkins; Kubernetes; Docker,AWS; CI/CD; Ansible; Python; Prometheus; Git,58.0,1
CAND_2467,David Davis,Fullstack Software Engineer,7,0.5,10,3,1,6.9,1,B.Tech / B.E / B.S,3,7,1,404,PostgreSQL; HTML5; JavaScript; Spring Boot; Docker; SQL; React,TypeScript; Node.js; Java; MongoDB; REST API; Git; CSS3,75.61,1
CAND_2468,Priya Chen,Backend Java Developer,9,0.6429,11,0,0,2.0,1,B.Tech / B.E / B.S,4,5,0,589,Kafka; Redis; MySQL; Docker; Hibernate; Java; Maven; PostgreSQL; AWS,Spring Boot; Microservices; REST API; SQL; Git,46.24,0
CAND_2469,David Brown,Fullstack Software Engineer,10,0.7143,14,0,0,0.1,1,B.Tech / B.E / B.S,3,4,1,550,Java; SQL; CSS3; Git; JavaScript; PostgreSQL; Spring Boot; HTML5; Node.js; TypeScript,React; MongoDB; REST API; Docker,48.28,0
CAND_2470,Chloe Smith,Fullstack Software Engineer,7,0.5,9,2,0,3.1,2,M.Tech / M.S / Ph.D,2,7,1,370,HTML5; TypeScript; SQL; MongoDB; Docker; JavaScript; CSS3,React; Node.js; Java; Spring Boot; PostgreSQL; REST API; Git,62.32,1
CAND_2471,Aarav Chen,Mobile Application Developer,11,0.9167,13,1,2,0.1,2,M.Tech / M.S / Ph.D,3,1,1,571,SQLite; Kotlin; Android; REST API; Firebase; UI/UX; Flutter; Java; React Native; Swift; Git,Dart,67.31,1
CAND_2472,Elena Taylor,Frontend React Engineer,2,0.1538,5,1,0,2.6,1,B.Tech / B.E / B.S,3,11,0,450,React; GraphQL,JavaScript; TypeScript; Next.js; HTML5; CSS3; Tailwind CSS; Redux; REST API; Webpack; Vite; Git,27.31,0
CAND_2473,Emily Kumar,Cloud & DevOps Engineer,6,0.4615,8,2,0,4.0,1,B.Tech / B.E / B.S,3,7,0,452,CI/CD; Bash; Terraform; Linux; Ansible; Prometheus,Docker; Kubernetes; AWS; Jenkins; GitHub Actions; Python; Git,60.2,1
CAND_2474,Priya Rao,Frontend React Engineer,7,0.5385,10,3,0,2.2,1,B.Tech / B.E / B.S,3,6,0,481,Tailwind CSS; React; Redux; CSS3; HTML5; Vite; REST API,JavaScript; TypeScript; Next.js; GraphQL; Webpack; Git,59.83,1
CAND_2475,Sneha Smith,Mobile Application Developer,3,0.25,7,3,2,1.1,1,B.Tech / B.E / B.S,3,9,1,544,Flutter; REST API; Java,Dart; React Native; Android; Kotlin; Swift; Firebase; SQLite; Git; UI/UX,59.28,0
CAND_2476,Ananya Nair,Fullstack Software Engineer,9,0.6429,10,4,0,4.2,1,B.Tech / B.E / B.S,3,5,1,378,MongoDB; JavaScript; TypeScript; Docker; PostgreSQL; SQL; Java; Git; Node.js,React; Spring Boot; REST API; HTML5; CSS3,78.44,1
CAND_2477,Maya Singh,Mobile Application Developer,9,0.75,10,3,3,2.3,1,B.Tech / B.E / B.S,2,3,0,456,REST API; SQLite; Firebase; Flutter; Dart; React Native; Java; UI/UX; Git,Android; Kotlin; Swift,69.62,1
CAND_2478,Maya Reddy,Cloud & DevOps Engineer,10,0.7692,13,2,0,3.7,0,Diploma / Associate,1,3,1,412,Ansible; Prometheus; Docker; CI/CD; Terraform; Jenkins; AWS; Linux; Bash; Kubernetes,GitHub Actions; Python; Git,69.33,1
CAND_2479,Rohan Brown,Fullstack Software Engineer,12,0.8571,16,1,2,0.9,1,B.Tech / B.E / B.S,2,2,0,339,HTML5; Node.js; REST API; Java; Git; MongoDB; CSS3; Spring Boot; React; TypeScript; PostgreSQL; SQL,JavaScript; Docker,67.37,1
CAND_2480,Sarah Kumar,Mobile Application Developer,6,0.5,9,2,2,0.1,1,B.Tech / B.E / B.S,1,6,1,516,UI/UX; React Native; Kotlin; REST API; Flutter; SQLite,Dart; Android; Swift; Java; Firebase; Git,48.68,0
CAND_2481,David Nair,Mobile Application Developer,9,0.75,15,2,0,0.7,2,M.Tech / M.S / Ph.D,2,3,1,272,Kotlin; UI/UX; Flutter; Java; Android; SQLite; Firebase; Dart; React Native,Swift; REST API; Git,70.49,1
CAND_2482,Karthik Taylor,Python / AI Engineer,11,0.8462,12,3,2,0.6,1,B.Tech / B.E / B.S,4,2,1,346,Git; Computer Vision; NumPy; PyTorch; Scikit-Learn; Docker; Python; REST API; TensorFlow; NLP; SQL,Pandas; FastAPI,78.25,1
CAND_2483,Maya Rao,Mobile Application Developer,6,0.5,8,2,1,6.5,1,B.Tech / B.E / B.S,1,6,1,263,UI/UX; SQLite; Firebase; Java; Swift; Kotlin,Flutter; Dart; React Native; Android; REST API; Git,58.47,1
CAND_2484,David Wilson,Python / AI Engineer,13,1.0,17,3,0,0.9,1,B.Tech / B.E / B.S,2,0,1,587,Python; NumPy; REST API; Computer Vision; NLP; FastAPI; PyTorch; Scikit-Learn; Docker; SQL; TensorFlow; Git; Pandas,,83.06,1
CAND_2485,Karthik Johnson,Fullstack Software Engineer,5,0.3571,7,4,0,9.3,2,M.Tech / M.S / Ph.D,2,9,0,300,Git; REST API; JavaScript; CSS3; PostgreSQL,React; TypeScript; Node.js; Java; Spring Boot; SQL; MongoDB; Docker; HTML5,66.48,1
CAND_2486,Chloe Smith,Fullstack Software Engineer,13,0.9286,17,4,1,2.8,1,B.Tech / B.E / B.S,3,1,1,409,Node.js; Docker; MongoDB; Spring Boot; Java; REST API; Git; CSS3; PostgreSQL; SQL; React; HTML5; TypeScript,JavaScript,89.03,1
CAND_2487,Maya Smith,Python / AI Engineer,3,0.2308,7,2,4,0.3,1,B.Tech / B.E / B.S,2,10,1,449,SQL; Git; Python,PyTorch; TensorFlow; Scikit-Learn; Pandas; NumPy; FastAPI; Docker; NLP; Computer Vision; REST API,46.03,0
CAND_2488,Pooja Miller,Mobile Application Developer,4,0.3333,6,3,3,8.7,1,B.Tech / B.E / B.S,2,8,1,409,Firebase; Android; Java; REST API,Flutter; Dart; React Native; Kotlin; Swift; SQLite; Git; UI/UX,66.82,1
CAND_2489,Vikram Johnson,Python / AI Engineer,9,0.6923,12,0,4,0.9,1,B.Tech / B.E / B.S,2,4,1,529,PyTorch; Git; SQL; Scikit-Learn; NLP; REST API; Pandas; TensorFlow; FastAPI,Python; NumPy; Docker; Computer Vision,53.03,0
CAND_2490,Priya Johnson,Python / AI Engineer,2,0.1538,9,1,1,0.7,2,M.Tech / M.S / Ph.D,2,11,1,444,SQL; NumPy,Python; PyTorch; TensorFlow; Scikit-Learn; Pandas; FastAPI; Docker; NLP; Computer Vision; REST API; Git,42.04,0
CAND_2491,Rahul Brown,Python / AI Engineer,6,0.4615,9,4,0,2.9,1,B.Tech / B.E / B.S,3,7,0,426,Pandas; NumPy; REST API; PyTorch; Computer Vision; SQL,Python; TensorFlow; Scikit-Learn; FastAPI; Docker; NLP; Git,58.76,1
CAND_2492,Ananya Johnson,Cloud & DevOps Engineer,9,0.6923,12,3,1,7.8,2,M.Tech / M.S / Ph.D,2,4,1,540,Git; GitHub Actions; Terraform; Prometheus; Kubernetes; Ansible; AWS; Python; Linux,Docker; CI/CD; Jenkins; Bash,89.07,1
CAND_2493,Chloe Chen,Cloud & DevOps Engineer,8,0.6154,9,2,2,3.4,1,B.Tech / B.E / B.S,1,5,1,544,Bash; Kubernetes; Git; Docker; Jenkins; Ansible; AWS; GitHub Actions,Linux; Terraform; CI/CD; Python; Prometheus,66.82,1
CAND_2494,Rahul Sharma,Python / AI Engineer,7,0.5385,12,2,0,0.1,1,B.Tech / B.E / B.S,2,6,0,312,Scikit-Learn; TensorFlow; NLP; Computer Vision; Docker; PyTorch; Pandas,Python; NumPy; SQL; FastAPI; REST API; Git,50.59,0
CAND_2495,James Brown,Fullstack Software Engineer,13,0.9286,18,4,2,0.6,2,M.Tech / M.S / Ph.D,2,1,0,543,Spring Boot; REST API; Node.js; TypeScript; HTML5; PostgreSQL; JavaScript; Git; React; Java; Docker; SQL; CSS3,MongoDB,78.53,1
CAND_2496,Priya Taylor,Frontend React Engineer,10,0.7692,12,3,2,5.1,1,B.Tech / B.E / B.S,4,3,1,518,Vite; Next.js; TypeScript; Redux; Git; CSS3; JavaScript; Webpack; React; HTML5,Tailwind CSS; REST API; GraphQL,91.56,1
CAND_2497,Rahul Anderson,Cloud & DevOps Engineer,6,0.4615,10,1,1,2.8,0,Diploma / Associate,3,7,1,499,GitHub Actions; AWS; Bash; Python; Git; Prometheus,Linux; Docker; Kubernetes; Terraform; CI/CD; Jenkins; Ansible,54.03,0
CAND_2498,Priya Taylor,Python / AI Engineer,3,0.2308,6,4,1,0.1,0,Diploma / Associate,2,10,1,450,Computer Vision; PyTorch; NLP,Python; TensorFlow; Scikit-Learn; Pandas; NumPy; SQL; FastAPI; Docker; REST API; Git,49.17,0
CAND_2499,Alex Nair,Backend Java Developer,10,0.7143,16,1,2,3.8,1,B.Tech / B.E / B.S,3,4,0,462,Hibernate; AWS; Spring Boot; Java; Docker; MySQL; Maven; Redis; REST API; Kafka,Microservices; SQL; PostgreSQL; Git,63.36,1
CAND_2500,Sarah Kumar,Mobile Application Developer,8,0.6667,12,2,1,1.2,1,B.Tech / B.E / B.S,4,4,0,475,REST API; Dart; SQLite; UI/UX; Flutter; Android; Java; Firebase,React Native; Kotlin; Swift; Git,57.84,0
CAND_2501,Pooja Johnson,Mobile Application Developer,6,0.5,8,2,0,2.4,1,B.Tech / B.E / B.S,3,6,0,407,Flutter; Swift; Java; REST API; Firebase; Android,Dart; React Native; Kotlin; SQLite; Git; UI/UX,51.81,0
CAND_2502,Sneha Reddy,Backend Java Developer,6,0.4286,7,0,0,0.1,1,B.Tech / B.E / B.S,2,8,1,291,Maven; SQL; Kafka; Spring Boot; Microservices; PostgreSQL,Java; REST API; MySQL; Hibernate; Redis; Docker; AWS; Git,35.33,0
CAND_2503,Sarah Chen,Backend Java Developer,8,0.5714,14,3,0,1.5,1,B.Tech / B.E / B.S,3,6,0,506,REST API; Git; Hibernate; Maven; SQL; Spring Boot; PostgreSQL; AWS,Java; Microservices; MySQL; Redis; Kafka; Docker,61.3,1
CAND_2504,Rohan Taylor,Mobile Application Developer,8,0.6667,15,3,0,1.4,1,B.Tech / B.E / B.S,2,4,0,465,Firebase; Android; Kotlin; Swift; SQLite; REST API; Git; React Native,Flutter; Dart; Java; UI/UX,68.22,1
CAND_2505,Michael Kumar,Python / AI Engineer,7,0.5385,10,2,2,3.1,1,B.Tech / B.E / B.S,3,6,1,325,Pandas; NLP; Python; TensorFlow; REST API; Git; Computer Vision,PyTorch; Scikit-Learn; NumPy; SQL; FastAPI; Docker,66.61,1
CAND_2506,Ananya Smith,Python / AI Engineer,4,0.3077,8,2,1,4.5,1,B.Tech / B.E / B.S,2,9,1,201,NumPy; REST API; Pandas; Computer Vision,Python; PyTorch; TensorFlow; Scikit-Learn; SQL; FastAPI; Docker; NLP; Git,62.35,1
CAND_2507,Priya Anderson,Mobile Application Developer,9,0.75,12,3,0,1.9,1,B.Tech / B.E / B.S,2,3,1,438,Kotlin; Firebase; Git; UI/UX; React Native; Swift; Java; Dart; REST API,Flutter; Android; SQLite,77.59,1
CAND_2508,Maya Rao,Cloud & DevOps Engineer,5,0.3846,8,2,1,0.5,1,B.Tech / B.E / B.S,1,8,0,426,Terraform; Bash; AWS; Linux; Prometheus,Docker; Kubernetes; CI/CD; Jenkins; GitHub Actions; Ansible; Python; Git,41.7,0
CAND_2509,James Rao,Backend Java Developer,5,0.3571,7,3,0,0.3,1,B.Tech / B.E / B.S,6,9,1,315,Kafka; Java; SQL; PostgreSQL; Redis,Spring Boot; Microservices; REST API; MySQL; Hibernate; Docker; AWS; Git; Maven,60.84,1
CAND_2510,Daniel Johnson,Cloud & DevOps Engineer,6,0.4615,9,4,0,2.9,0,Diploma / Associate,4,7,0,381,Python; Kubernetes; CI/CD; Prometheus; Ansible; Bash,Linux; Docker; AWS; Terraform; Jenkins; GitHub Actions; Git,59.7,1
CAND_2511,Daniel Smith,Cloud & DevOps Engineer,8,0.6154,12,3,2,2.0,1,B.Tech / B.E / B.S,1,5,0,234,GitHub Actions; Bash; Kubernetes; Ansible; Git; Prometheus; AWS; Jenkins,Linux; Docker; Terraform; CI/CD; Python,69.68,1
CAND_2512,Aarav Patel,Frontend React Engineer,6,0.4615,9,2,1,2.0,1,B.Tech / B.E / B.S,3,7,1,456,Next.js; HTML5; Git; Webpack; TypeScript; Vite,React; JavaScript; CSS3; Tailwind CSS; Redux; REST API; GraphQL,61.33,1
CAND_2513,Maya Reddy,Mobile Application Developer,1,0.0833,6,2,0,0.2,1,B.Tech / B.E / B.S,3,11,1,548,Android,Flutter; Dart; React Native; Kotlin; Swift; Java; Firebase; REST API; SQLite; Git; UI/UX,35.66,0
CAND_2514,Emily Wilson,Cloud & DevOps Engineer,6,0.4615,13,2,1,3.4,1,B.Tech / B.E / B.S,1,7,0,249,Python; Bash; Linux; Ansible; AWS; Git,Docker; Kubernetes; Terraform; CI/CD; Jenkins; GitHub Actions; Prometheus,60.63,1
CAND_2515,Emily Verma,Cloud & DevOps Engineer,10,0.7692,12,1,1,4.2,0,Diploma / Associate,3,3,1,305,Bash; Docker; CI/CD; Ansible; Prometheus; Terraform; GitHub Actions; Jenkins; Git; Linux,Kubernetes; AWS; Python,71.54,1
CAND_2516,Aditi Taylor,Python / AI Engineer,6,0.4615,8,3,0,0.4,1,B.Tech / B.E / B.S,1,7,1,569,Docker; Scikit-Learn; REST API; Pandas; TensorFlow; Computer Vision,Python; PyTorch; NumPy; SQL; FastAPI; NLP; Git,56.51,0
CAND_2517,Ananya Taylor,Backend Java Developer,9,0.6429,14,2,0,0.5,2,M.Tech / M.S / Ph.D,4,5,1,356,Java; Kafka; SQL; Redis; AWS; Spring Boot; REST API; PostgreSQL; Maven,Microservices; MySQL; Hibernate; Docker; Git,67.88,1
CAND_2518,Vikram Davis,Frontend React Engineer,2,0.1538,7,1,0,2.3,1,B.Tech / B.E / B.S,4,11,0,503,React; Next.js,JavaScript; TypeScript; HTML5; CSS3; Tailwind CSS; Redux; REST API; GraphQL; Webpack; Vite; Git,34.98,0
CAND_2519,Ananya Singh,Python / AI Engineer,8,0.6154,12,3,0,5.3,1,B.Tech / B.E / B.S,3,5,1,493,Git; NLP; FastAPI; Computer Vision; PyTorch; Python; TensorFlow; NumPy,Scikit-Learn; Pandas; SQL; Docker; REST API,78.41,1
CAND_2520,Rohan Gupta,Cloud & DevOps Engineer,10,0.7692,16,3,0,2.9,1,B.Tech / B.E / B.S,2,3,1,482,Docker; GitHub Actions; Git; Prometheus; AWS; Bash; Terraform; Jenkins; Python; Ansible,Linux; Kubernetes; CI/CD,85.85,1
CAND_2521,Pooja Anderson,Fullstack Software Engineer,5,0.3571,8,4,0,0.5,1,B.Tech / B.E / B.S,3,9,0,305,REST API; SQL; JavaScript; PostgreSQL; Node.js,React; TypeScript; Java; Spring Boot; MongoDB; Git; Docker; HTML5; CSS3,52.86,0
CAND_2522,James Thomas,Cloud & DevOps Engineer,7,0.5385,9,1,0,1.4,1,B.Tech / B.E / B.S,2,6,0,434,Linux; Terraform; Jenkins; Python; Prometheus; GitHub Actions; CI/CD,Docker; Kubernetes; AWS; Ansible; Bash; Git,47.44,0
CAND_2523,Priya Chen,Python / AI Engineer,1,0.0769,7,2,1,0.1,1,B.Tech / B.E / B.S,3,12,0,247,FastAPI,Python; PyTorch; TensorFlow; Scikit-Learn; Pandas; NumPy; SQL; Docker; NLP; Computer Vision; REST API; Git,28.32,0
CAND_2524,Daniel Rao,Mobile Application Developer,9,0.75,15,2,0,4.0,1,B.Tech / B.E / B.S,1,3,1,454,Kotlin; UI/UX; REST API; Android; Swift; React Native; Firebase; Git; Java,Flutter; Dart; SQLite,76.68,1
CAND_2525,Michael Reddy,Backend Java Developer,6,0.4286,18,1,0,3.2,1,B.Tech / B.E / B.S,2,8,1,737,Hibernate; Java; PostgreSQL; Redis; Maven; Kafka,Spring Boot; Microservices; REST API; SQL; MySQL; Docker; AWS; Git,57.85,0
CAND_2526,Priya Nair,Fullstack Software Engineer,7,0.5,11,2,0,1.8,1,B.Tech / B.E / B.S,2,7,1,572,HTML5; SQL; Git; Java; JavaScript; PostgreSQL; Spring Boot,React; TypeScript; Node.js; MongoDB; REST API; Docker; CSS3,65.41,1
CAND_2527,Chloe Nair,Backend Java Developer,7,0.5,9,2,0,3.5,1,B.Tech / B.E / B.S,4,7,0,455,Git; Spring Boot; REST API; AWS; SQL; Redis; Kafka,Java; Microservices; PostgreSQL; MySQL; Hibernate; Docker; Maven,59.22,1
CAND_2528,Alex Davis,Cloud & DevOps Engineer,7,0.5385,13,1,3,3.1,1,B.Tech / B.E / B.S,5,6,1,320,Docker; Bash; Terraform; Python; AWS; Kubernetes; GitHub Actions,Linux; CI/CD; Jenkins; Ansible; Prometheus; Git,64.1,1
CAND_2529,Priya Gupta,Cloud & DevOps Engineer,5,0.3846,8,2,0,3.3,1,B.Tech / B.E / B.S,2,8,0,512,Git; Kubernetes; Prometheus; Python; Bash,Linux; Docker; AWS; Terraform; CI/CD; Jenkins; GitHub Actions; Ansible,48.97,0
CAND_2530,Alex Davis,Cloud & DevOps Engineer,7,0.5385,11,0,1,3.4,1,B.Tech / B.E / B.S,4,6,0,420,Bash; Python; Jenkins; Terraform; AWS; Prometheus; Ansible,Linux; Docker; Kubernetes; CI/CD; GitHub Actions; Git,51.54,0
CAND_2531,Pooja Smith,Backend Java Developer,12,0.8571,13,2,0,3.6,2,M.Tech / M.S / Ph.D,1,2,1,313,SQL; PostgreSQL; AWS; Git; Docker; Hibernate; Maven; REST API; Redis; MySQL; Kafka; Java,Spring Boot; Microservices,74.99,1
CAND_2532,David Verma,Cloud & DevOps Engineer,5,0.3846,5,4,0,7.3,1,B.Tech / B.E / B.S,3,8,0,395,CI/CD; Bash; Kubernetes; GitHub Actions; Terraform,Linux; Docker; AWS; Jenkins; Ansible; Python; Prometheus; Git,59.89,1
CAND_2533,Aarav Gupta,Backend Java Developer,5,0.3571,7,2,0,1.1,1,B.Tech / B.E / B.S,3,9,1,301,Docker; AWS; SQL; Git; PostgreSQL,Java; Spring Boot; Microservices; REST API; MySQL; Hibernate; Redis; Kafka; Maven,46.83,0
CAND_2534,Aarav Chen,Cloud & DevOps Engineer,9,0.6923,12,2,0,0.8,1,B.Tech / B.E / B.S,5,4,1,363,Git; Jenkins; CI/CD; Ansible; Python; AWS; Prometheus; Docker; Terraform,Linux; Kubernetes; GitHub Actions; Bash,69.43,1
CAND_2535,Daniel Taylor,Frontend React Engineer,4,0.3077,7,2,2,9.4,1,B.Tech / B.E / B.S,2,9,0,534,JavaScript; Git; Next.js; TypeScript,React; HTML5; CSS3; Tailwind CSS; Redux; REST API; GraphQL; Webpack; Vite,61.2,1
CAND_2536,Alex Wilson,Mobile Application Developer,9,0.75,16,1,0,0.1,1,B.Tech / B.E / B.S,4,3,0,531,SQLite; Firebase; Flutter; Java; Git; Dart; React Native; Kotlin; Android,Swift; REST API; UI/UX,50.26,0
CAND_2537,Aditi Reddy,Fullstack Software Engineer,4,0.2857,8,5,0,1.7,2,M.Tech / M.S / Ph.D,5,10,1,468,Git; Spring Boot; Java; MongoDB,React; JavaScript; TypeScript; Node.js; SQL; PostgreSQL; REST API; Docker; HTML5; CSS3,57.06,0
CAND_2538,Emily Taylor,Frontend React Engineer,8,0.6154,13,1,0,1.7,1,B.Tech / B.E / B.S,3,5,0,339,JavaScript; Redux; TypeScript; Git; CSS3; Tailwind CSS; Vite; GraphQL,React; Next.js; HTML5; REST API; Webpack,54.43,0
CAND_2539,Vikram Anderson,Frontend React Engineer,6,0.4615,9,1,3,2.9,1,B.Tech / B.E / B.S,5,7,1,315,GraphQL; Next.js; REST API; JavaScript; Redux; Vite,React; TypeScript; HTML5; CSS3; Tailwind CSS; Webpack; Git,63.34,1
CAND_2540,Alex Anderson,Python / AI Engineer,3,0.2308,4,2,2,1.0,2,M.Tech / M.S / Ph.D,3,10,1,433,Git; Computer Vision; Pandas,Python; PyTorch; TensorFlow; Scikit-Learn; NumPy; SQL; FastAPI; Docker; NLP; REST API,46.66,0
CAND_2541,Chloe Davis,Frontend React Engineer,8,0.6154,13,2,0,6.3,1,B.Tech / B.E / B.S,2,5,0,704,Vite; React; TypeScript; JavaScript; CSS3; REST API; Tailwind CSS; Next.js,HTML5; Redux; GraphQL; Webpack; Git,73.62,1
CAND_2542,Rahul Nair,Frontend React Engineer,10,0.7692,11,2,1,0.1,1,B.Tech / B.E / B.S,3,3,0,168,Redux; Next.js; Git; CSS3; GraphQL; Vite; REST API; Tailwind CSS; TypeScript; HTML5,React; JavaScript; Webpack,62.39,1
CAND_2543,Maya Sharma,Backend Java Developer,1,0.0714,4,1,0,2.3,1,B.Tech / B.E / B.S,3,13,1,522,Spring Boot,Java; Microservices; REST API; SQL; PostgreSQL; MySQL; Hibernate; Redis; Kafka; Docker; AWS; Git; Maven,30.7,0
CAND_2544,Sarah Brown,Cloud & DevOps Engineer,6,0.4615,12,0,0,0.3,1,B.Tech / B.E / B.S,4,7,0,472,Git; GitHub Actions; Linux; Ansible; Bash; CI/CD,Docker; Kubernetes; AWS; Terraform; Jenkins; Python; Prometheus,32.57,0
CAND_2545,Aarav Anderson,Cloud & DevOps Engineer,10,0.7692,11,2,1,2.4,1,B.Tech / B.E / B.S,1,3,0,299,Linux; Ansible; CI/CD; Prometheus; GitHub Actions; Terraform; Python; Kubernetes; Git; Jenkins,Docker; AWS; Bash,71.41,1
CAND_2546,James Patel,Python / AI Engineer,11,0.8462,15,0,0,2.2,1,B.Tech / B.E / B.S,3,2,1,434,Git; PyTorch; Docker; TensorFlow; Computer Vision; REST API; Pandas; Scikit-Learn; SQL; FastAPI; Python,NumPy; NLP,67.82,1
CAND_2547,Sarah Kumar,Cloud & DevOps Engineer,3,0.2308,5,2,0,8.8,2,M.Tech / M.S / Ph.D,5,10,1,384,GitHub Actions; Prometheus; Kubernetes,Linux; Docker; AWS; Terraform; CI/CD; Jenkins; Ansible; Python; Bash; Git,58.07,0
CAND_2548,Alex Patel,Backend Java Developer,8,0.5714,12,4,0,1.3,1,B.Tech / B.E / B.S,4,6,1,234,Docker; Kafka; PostgreSQL; Hibernate; Redis; MySQL; Java; REST API,Spring Boot; Microservices; SQL; AWS; Git; Maven,62.46,1
CAND_2549,James Rao,Fullstack Software Engineer,6,0.4286,11,2,3,1.0,2,M.Tech / M.S / Ph.D,1,8,0,285,REST API; SQL; React; Docker; Node.js; Spring Boot,JavaScript; TypeScript; Java; PostgreSQL; MongoDB; Git; HTML5; CSS3,45.7,0
CAND_2550,Sarah Iyer,Frontend React Engineer,11,0.8462,12,2,0,1.8,1,B.Tech / B.E / B.S,3,2,0,502,Next.js; GraphQL; Webpack; CSS3; REST API; Redux; Vite; Tailwind CSS; JavaScript; TypeScript; Git,React; HTML5,66.47,1
CAND_2551,James Iyer,Backend Java Developer,9,0.6429,10,1,1,4.1,1,B.Tech / B.E / B.S,2,5,1,286,Git; Microservices; REST API; SQL; Maven; Spring Boot; Java; Docker; MySQL,PostgreSQL; Hibernate; Redis; Kafka; AWS,71.17,1
CAND_2552,Aditi Iyer,Python / AI Engineer,5,0.3846,9,2,0,4.8,1,B.Tech / B.E / B.S,2,8,0,546,NumPy; PyTorch; Git; Computer Vision; Scikit-Learn,Python; TensorFlow; Pandas; SQL; FastAPI; Docker; NLP; REST API,53.32,0
CAND_2553,Rahul Gupta,Frontend React Engineer,6,0.4615,10,2,0,4.1,2,M.Tech / M.S / Ph.D,2,7,1,478,TypeScript; Tailwind CSS; HTML5; Next.js; GraphQL; CSS3,React; JavaScript; Redux; REST API; Webpack; Vite; Git,64.63,1
CAND_2554,Aarav Iyer,Cloud & DevOps Engineer,9,0.6923,15,1,0,0.1,1,B.Tech / B.E / B.S,3,4,0,398,Docker; Jenkins; Linux; GitHub Actions; AWS; Prometheus; Bash; Ansible; CI/CD,Kubernetes; Terraform; Python; Git,48.73,0
CAND_2555,David Gupta,Backend Java Developer,1,0.0714,1,1,0,0.3,2,M.Tech / M.S / Ph.D,2,13,1,491,Git,Java; Spring Boot; Microservices; REST API; SQL; PostgreSQL; MySQL; Hibernate; Redis; Kafka; Docker; AWS; Maven,21.96,0
CAND_2556,David Anderson,Fullstack Software Engineer,4,0.2857,6,2,0,1.4,1,B.Tech / B.E / B.S,3,10,1,613,JavaScript; TypeScript; MongoDB; REST API,React; Node.js; Java; Spring Boot; SQL; PostgreSQL; Git; Docker; HTML5; CSS3,44.11,0
CAND_2557,Daniel Reddy,Backend Java Developer,5,0.3571,8,1,1,0.1,1,B.Tech / B.E / B.S,2,9,1,523,Git; REST API; Spring Boot; Hibernate; Kafka,Java; Microservices; SQL; PostgreSQL; MySQL; Redis; Docker; AWS; Maven,41.07,0
CAND_2558,Emily Chen,Cloud & DevOps Engineer,6,0.4615,8,2,0,0.4,1,B.Tech / B.E / B.S,5,7,1,310,AWS; Git; Docker; Ansible; CI/CD; GitHub Actions,Linux; Kubernetes; Terraform; Jenkins; Python; Bash; Prometheus,50.69,0
CAND_2559,Karthik Davis,Fullstack Software Engineer,12,0.8571,14,4,1,0.1,1,B.Tech / B.E / B.S,2,2,0,373,PostgreSQL; React; HTML5; SQL; Git; REST API; JavaScript; TypeScript; MongoDB; Spring Boot; Docker; CSS3,Node.js; Java,73.2,1
CAND_2560,Pooja Singh,Mobile Application Developer,3,0.25,4,2,1,0.3,1,B.Tech / B.E / B.S,3,9,1,673,Dart; Git; Java,Flutter; React Native; Android; Kotlin; Swift; Firebase; REST API; SQLite; UI/UX,43.1,0
CAND_2561,Elena Sharma,Frontend React Engineer,4,0.3077,5,0,0,0.5,1,B.Tech / B.E / B.S,4,9,1,495,Vite; Webpack; CSS3; React,JavaScript; TypeScript; Next.js; HTML5; Tailwind CSS; Redux; REST API; GraphQL; Git,34.94,0
CAND_2562,Vikram Singh,Backend Java Developer,13,0.9286,17,1,0,3.9,2,M.Tech / M.S / Ph.D,3,1,1,448,Kafka; Java; Microservices; Redis; AWS; Maven; Hibernate; MySQL; Git; PostgreSQL; Spring Boot; Docker; REST API,SQL,78.62,1
CAND_2563,Emily Thomas,Cloud & DevOps Engineer,11,0.8462,15,0,0,2.1,1,B.Tech / B.E / B.S,2,2,0,153,Kubernetes; Jenkins; Git; Bash; Ansible; Python; CI/CD; Prometheus; Docker; GitHub Actions; Linux,AWS; Terraform,57.39,0
CAND_2564,Priya Sharma,Cloud & DevOps Engineer,9,0.6923,15,2,2,1.5,1,B.Tech / B.E / B.S,4,4,1,452,AWS; Terraform; Jenkins; CI/CD; Prometheus; Python; Linux; Bash; Kubernetes,Docker; GitHub Actions; Ansible; Git,69.04,1
CAND_2565,Aarav Wilson,Fullstack Software Engineer,7,0.5,10,1,0,0.8,1,B.Tech / B.E / B.S,2,7,1,417,Docker; TypeScript; SQL; React; MongoDB; CSS3; HTML5,JavaScript; Node.js; Java; Spring Boot; PostgreSQL; REST API; Git,45.57,0
CAND_2566,Priya Reddy,Fullstack Software Engineer,8,0.5714,10,3,1,3.6,1,B.Tech / B.E / B.S,2,6,0,549,Spring Boot; Node.js; JavaScript; SQL; Docker; REST API; PostgreSQL; HTML5,React; TypeScript; Java; MongoDB; Git; CSS3,71.67,1
CAND_2567,Sarah Miller,Cloud & DevOps Engineer,3,0.2308,4,2,3,4.5,1,B.Tech / B.E / B.S,1,10,1,333,Kubernetes; Python; Bash,Linux; Docker; AWS; Terraform; CI/CD; Jenkins; GitHub Actions; Ansible; Prometheus; Git,52.27,0
CAND_2568,Aarav Rao,Cloud & DevOps Engineer,11,0.8462,11,1,1,2.7,1,B.Tech / B.E / B.S,2,2,0,441,GitHub Actions; Terraform; Kubernetes; CI/CD; Ansible; Python; Prometheus; Git; Linux; AWS; Docker,Jenkins; Bash,66.41,1
CAND_2569,James Gupta,Backend Java Developer,5,0.3571,9,2,0,1.5,2,M.Tech / M.S / Ph.D,1,9,1,399,REST API; Redis; Microservices; AWS; Maven,Java; Spring Boot; SQL; PostgreSQL; MySQL; Hibernate; Kafka; Docker; Git,53.87,0
CAND_2570,Rohan Reddy,Mobile Application Developer,6,0.5,10,1,0,0.7,1,B.Tech / B.E / B.S,2,6,0,280,Java; Kotlin; SQLite; Dart; Android; REST API,Flutter; React Native; Swift; Firebase; Git; UI/UX,37.83,0
CAND_2571,Karthik Nair,Mobile Application Developer,8,0.6667,13,1,0,0.8,1,B.Tech / B.E / B.S,6,4,0,552,Git; Kotlin; Swift; Firebase; UI/UX; Java; Dart; React Native,Flutter; Android; REST API; SQLite,44.91,0
CAND_2572,Sarah Smith,Mobile Application Developer,8,0.6667,11,3,2,1.2,2,M.Tech / M.S / Ph.D,2,4,1,490,React Native; SQLite; Flutter; Java; Git; REST API; Dart; Swift,Android; Kotlin; Firebase; UI/UX,74.69,1
CAND_2573,Aarav Iyer,Mobile Application Developer,10,0.8333,14,3,0,0.4,1,B.Tech / B.E / B.S,3,2,1,318,Flutter; Android; React Native; Java; Swift; UI/UX; Kotlin; Git; Firebase; Dart,REST API; SQLite,79.11,1
CAND_2574,Rahul Anderson,Cloud & DevOps Engineer,6,0.4615,9,2,0,1.2,1,B.Tech / B.E / B.S,3,7,1,272,GitHub Actions; AWS; Git; Python; Terraform; Bash,Linux; Docker; Kubernetes; CI/CD; Jenkins; Ansible; Prometheus,53.91,0
CAND_2575,Sneha Kumar,Mobile Application Developer,1,0.0833,8,2,3,2.2,1,B.Tech / B.E / B.S,3,11,1,439,REST API,Flutter; Dart; React Native; Android; Kotlin; Swift; Java; Firebase; SQLite; Git; UI/UX,40.92,0
CAND_2576,Alex Chen,Backend Java Developer,9,0.6429,12,3,0,3.7,1,B.Tech / B.E / B.S,1,5,1,325,SQL; PostgreSQL; Hibernate; Redis; AWS; Spring Boot; Git; MySQL; Maven,Java; Microservices; REST API; Kafka; Docker,78.8,1
CAND_2577,Karthik Patel,Frontend React Engineer,7,0.5385,10,2,1,2.6,2,M.Tech / M.S / Ph.D,4,6,1,599,Tailwind CSS; Webpack; React; REST API; TypeScript; JavaScript; Redux,Next.js; HTML5; CSS3; GraphQL; Vite; Git,67.67,1
CAND_2578,Michael Reddy,Fullstack Software Engineer,5,0.3571,10,2,3,12.0,1,B.Tech / B.E / B.S,2,9,1,324,MongoDB; Docker; Java; TypeScript; Spring Boot,React; JavaScript; Node.js; SQL; PostgreSQL; REST API; Git; HTML5; CSS3,66.77,1
CAND_2579,Pooja Taylor,Cloud & DevOps Engineer,6,0.4615,6,3,0,2.8,1,B.Tech / B.E / B.S,1,7,1,370,Ansible; Docker; Git; Kubernetes; Jenkins; AWS,Linux; Terraform; CI/CD; GitHub Actions; Python; Bash; Prometheus,60.51,1
CAND_2580,Vikram Singh,Fullstack Software Engineer,3,0.2143,8,3,0,0.3,1,B.Tech / B.E / B.S,2,11,0,699,Node.js; Docker; HTML5,React; JavaScript; TypeScript; Java; Spring Boot; SQL; PostgreSQL; MongoDB; REST API; Git; CSS3,41.98,0
CAND_2581,Emily Davis,Python / AI Engineer,3,0.2308,6,2,0,9.9,1,B.Tech / B.E / B.S,3,10,1,293,Git; TensorFlow; NLP,Python; PyTorch; Scikit-Learn; Pandas; NumPy; SQL; FastAPI; Docker; Computer Vision; REST API,53.26,0
CAND_2582,Daniel Davis,Fullstack Software Engineer,6,0.4286,8,3,0,0.4,1,B.Tech / B.E / B.S,2,8,1,211,HTML5; MongoDB; Spring Boot; CSS3; Node.js; Git,React; JavaScript; TypeScript; Java; SQL; PostgreSQL; REST API; Docker,58.59,1
CAND_2583,Priya Smith,Backend Java Developer,11,0.7857,13,2,0,0.1,2,M.Tech / M.S / Ph.D,2,3,0,430,Spring Boot; Docker; Microservices; Git; Kafka; REST API; AWS; SQL; MySQL; Redis; Maven,Java; PostgreSQL; Hibernate,63.69,1
CAND_2584,Karthik Verma,Cloud & DevOps Engineer,4,0.3077,9,2,0,3.6,1,B.Tech / B.E / B.S,3,9,1,386,Terraform; Jenkins; Ansible; Prometheus,Linux; Docker; Kubernetes; AWS; CI/CD; GitHub Actions; Python; Bash; Git,48.75,0
CAND_2585,Elena Taylor,Frontend React Engineer,11,0.8462,12,2,0,0.5,1,B.Tech / B.E / B.S,1,2,0,376,TypeScript; Vite; HTML5; React; JavaScript; Webpack; CSS3; Redux; Git; REST API; Tailwind CSS,Next.js; GraphQL,61.63,1
CAND_2586,Maya Thomas,Fullstack Software Engineer,3,0.2143,4,3,0,0.3,1,B.Tech / B.E / B.S,4,11,1,505,React; HTML5; SQL,JavaScript; TypeScript; Node.js; Java; Spring Boot; PostgreSQL; MongoDB; REST API; Git; Docker; CSS3,44.06,0
CAND_2587,Vikram Iyer,Cloud & DevOps Engineer,10,0.7692,11,1,3,9.4,1,B.Tech / B.E / B.S,3,3,0,345,Kubernetes; AWS; Jenkins; Git; Bash; Ansible; Terraform; Docker; CI/CD; Python,Linux; GitHub Actions; Prometheus,72.06,1
CAND_2588,Rohan Singh,Frontend React Engineer,7,0.5385,8,2,2,2.1,1,B.Tech / B.E / B.S,3,6,1,446,TypeScript; Tailwind CSS; JavaScript; GraphQL; Git; Next.js; Redux,React; HTML5; CSS3; REST API; Webpack; Vite,64.17,1
CAND_2589,Vikram Kumar,Frontend React Engineer,9,0.6923,14,3,0,3.7,1,B.Tech / B.E / B.S,1,4,1,415,React; Webpack; JavaScript; REST API; HTML5; Vite; Tailwind CSS; CSS3; GraphQL,TypeScript; Next.js; Redux; Git,78.92,1
CAND_2590,Elena Singh,Mobile Application Developer,3,0.25,5,2,0,0.6,1,B.Tech / B.E / B.S,3,9,0,365,Firebase; Kotlin; Dart,Flutter; React Native; Android; Swift; Java; REST API; SQLite; Git; UI/UX,32.74,0
CAND_2591,Chloe Thomas,Cloud & DevOps Engineer,11,0.8462,14,3,0,4.4,1,B.Tech / B.E / B.S,2,2,1,473,Kubernetes; Docker; CI/CD; Terraform; Linux; Jenkins; GitHub Actions; Git; Ansible; AWS; Prometheus,Python; Bash,82.87,1
CAND_2592,James Nair,Mobile Application Developer,3,0.25,5,1,1,0.9,1,B.Tech / B.E / B.S,2,9,1,488,UI/UX; Firebase; Kotlin,Flutter; Dart; React Native; Android; Swift; Java; REST API; SQLite; Git,33.23,0
CAND_2593,Ananya Davis,Fullstack Software Engineer,13,0.9286,17,2,0,2.1,1,B.Tech / B.E / B.S,1,1,0,259,JavaScript; Docker; REST API; HTML5; Spring Boot; Node.js; PostgreSQL; SQL; Git; MongoDB; Java; React; TypeScript,CSS3,72.63,1
CAND_2594,Karthik Kumar,Frontend React Engineer,9,0.6923,13,2,0,0.6,1,B.Tech / B.E / B.S,1,4,1,452,Webpack; REST API; CSS3; Tailwind CSS; HTML5; Git; React; GraphQL; Redux,JavaScript; TypeScript; Next.js; Vite,64.49,1
CAND_2595,Elena Singh,Python / AI Engineer,7,0.5385,8,3,2,0.0,1,B.Tech / B.E / B.S,3,6,1,365,FastAPI; Scikit-Learn; NLP; SQL; Pandas; PyTorch; Computer Vision,Python; TensorFlow; NumPy; Docker; REST API; Git,61.75,1
CAND_2596,Elena Miller,Python / AI Engineer,12,0.9231,15,5,1,6.4,1,B.Tech / B.E / B.S,2,1,1,432,NLP; SQL; Git; Docker; REST API; Python; Pandas; FastAPI; Computer Vision; NumPy; TensorFlow; Scikit-Learn,PyTorch,87.99,1
CAND_2597,Sneha Singh,Frontend React Engineer,6,0.4615,8,2,0,5.6,1,B.Tech / B.E / B.S,2,7,1,708,GraphQL; Webpack; Git; Tailwind CSS; Vite; React,JavaScript; TypeScript; Next.js; HTML5; CSS3; Redux; REST API,61.96,1
CAND_2598,Emily Taylor,Cloud & DevOps Engineer,10,0.7692,12,1,3,2.0,1,B.Tech / B.E / B.S,5,3,1,437,Python; Ansible; Linux; Jenkins; Git; Bash; Docker; Terraform; Prometheus; GitHub Actions,Kubernetes; AWS; CI/CD,58.04,1
CAND_2599,Alex Reddy,Frontend React Engineer,12,0.9231,14,2,4,5.9,1,B.Tech / B.E / B.S,6,1,0,377,Tailwind CSS; React; Redux; HTML5; CSS3; REST API; TypeScript; JavaScript; Git; Next.js; Vite; Webpack,GraphQL,85.4,1
CAND_2600,Michael Kumar,Backend Java Developer,3,0.2143,5,0,2,0.8,1,B.Tech / B.E / B.S,1,11,1,404,REST API; Redis; Git,Java; Spring Boot; Microservices; SQL; PostgreSQL; MySQL; Hibernate; Kafka; Docker; AWS; Maven,24.61,0
CAND_2601,Alex Johnson,Frontend React Engineer,2,0.1538,4,1,2,4.0,1,B.Tech / B.E / B.S,5,11,0,383,Git; TypeScript,React; JavaScript; Next.js; HTML5; CSS3; Tailwind CSS; Redux; REST API; GraphQL; Webpack; Vite,37.4,0
CAND_2602,Elena Patel,Frontend React Engineer,6,0.4615,11,2,1,1.1,1,B.Tech / B.E / B.S,2,7,1,524,CSS3; GraphQL; REST API; Next.js; Git; HTML5,React; JavaScript; TypeScript; Tailwind CSS; Redux; Webpack; Vite,55.05,0
CAND_2603,Sneha Patel,Mobile Application Developer,7,0.5833,14,3,3,1.5,1,B.Tech / B.E / B.S,2,5,1,276,Java; Swift; SQLite; Firebase; React Native; UI/UX; Android,Flutter; Dart; Kotlin; REST API; Git,74.0,1
CAND_2604,Rahul Kumar,Mobile Application Developer,9,0.75,13,0,2,0.5,1,B.Tech / B.E / B.S,5,3,0,422,Firebase; Swift; Git; UI/UX; SQLite; Java; Dart; REST API; React Native,Flutter; Android; Kotlin,47.85,0
CAND_2605,Aarav Reddy,Backend Java Developer,7,0.5,11,0,3,0.4,1,B.Tech / B.E / B.S,3,7,1,404,Kafka; SQL; Redis; Docker; AWS; Git; Microservices,Java; Spring Boot; REST API; PostgreSQL; MySQL; Hibernate; Maven,40.29,0
CAND_2606,David Thomas,Mobile Application Developer,1,0.0833,3,3,0,2.0,1,B.Tech / B.E / B.S,1,11,1,338,Dart,Flutter; React Native; Android; Kotlin; Swift; Java; Firebase; REST API; SQLite; Git; UI/UX,42.57,0
CAND_2607,Rahul Patel,Fullstack Software Engineer,7,0.5,8,3,1,1.1,2,M.Tech / M.S / Ph.D,2,7,1,318,Docker; REST API; Git; SQL; Java; TypeScript; Spring Boot,React; JavaScript; Node.js; PostgreSQL; MongoDB; HTML5; CSS3,61.37,1
CAND_2608,Chloe Smith,Cloud & DevOps Engineer,2,0.1538,5,2,0,0.2,1,B.Tech / B.E / B.S,2,11,0,733,Kubernetes; Jenkins,Linux; Docker; AWS; Terraform; CI/CD; GitHub Actions; Ansible; Python; Bash; Prometheus; Git,29.92,0
CAND_2609,Sneha Rao,Python / AI Engineer,3,0.2308,6,1,2,1.9,1,B.Tech / B.E / B.S,4,10,0,278,NLP; PyTorch; NumPy,Python; TensorFlow; Scikit-Learn; Pandas; SQL; FastAPI; Docker; Computer Vision; REST API; Git,39.51,0
CAND_2610,Ananya Taylor,Fullstack Software Engineer,11,0.7857,13,0,1,0.5,1,B.Tech / B.E / B.S,3,3,0,386,Node.js; MongoDB; TypeScript; Git; Java; React; PostgreSQL; JavaScript; Spring Boot; SQL; REST API,Docker; HTML5; CSS3,54.9,0
CAND_2611,Ananya Taylor,Mobile Application Developer,4,0.3333,8,3,1,1.0,0,Diploma / Associate,2,8,0,452,Android; React Native; Flutter; Kotlin,Dart; Swift; Java; Firebase; REST API; SQLite; Git; UI/UX,51.84,0
CAND_2612,Ananya Sharma,Python / AI Engineer,11,0.8462,16,1,0,2.6,2,M.Tech / M.S / Ph.D,4,2,0,521,FastAPI; Git; SQL; Docker; NLP; Scikit-Learn; REST API; PyTorch; Pandas; Computer Vision; TensorFlow,Python; NumPy,66.15,1
CAND_2613,James Johnson,Mobile Application Developer,4,0.3333,8,1,2,1.2,1,B.Tech / B.E / B.S,3,8,1,383,Kotlin; Swift; UI/UX; Java,Flutter; Dart; React Native; Android; Firebase; REST API; SQLite; Git,50.28,0
CAND_2614,Emily Smith,Backend Java Developer,8,0.5714,11,1,2,3.0,1,B.Tech / B.E / B.S,4,6,1,524,PostgreSQL; Redis; Maven; Spring Boot; Microservices; AWS; REST API; MySQL,Java; SQL; Hibernate; Kafka; Docker; Git,65.99,1
CAND_2615,Chloe Anderson,Backend Java Developer,4,0.2857,7,2,1,2.1,1,B.Tech / B.E / B.S,4,10,0,484,Spring Boot; Git; Redis; Hibernate,Java; Microservices; REST API; SQL; PostgreSQL; MySQL; Kafka; Docker; AWS; Maven,45.32,0
CAND_2616,Chloe Chen,Fullstack Software Engineer,11,0.7857,17,2,0,0.5,1,B.Tech / B.E / B.S,2,3,0,825,HTML5; REST API; Node.js; Spring Boot; MongoDB; Docker; PostgreSQL; TypeScript; Java; React; CSS3,JavaScript; SQL; Git,62.77,1
CAND_2617,Maya Taylor,Cloud & DevOps Engineer,11,0.8462,15,2,0,0.8,1,B.Tech / B.E / B.S,1,2,1,334,Python; Jenkins; Docker; Kubernetes; Linux; GitHub Actions; Terraform; CI/CD; Ansible; Git; Bash,AWS; Prometheus,69.91,1
CAND_2618,Vikram Patel,Mobile Application Developer,10,0.8333,15,3,0,2.7,2,M.Tech / M.S / Ph.D,1,2,1,399,Swift; Dart; Kotlin; SQLite; Flutter; UI/UX; REST API; Android; Java; React Native,Firebase; Git,81.06,1
CAND_2619,Vikram Johnson,Backend Java Developer,11,0.7857,16,1,0,1.0,1,B.Tech / B.E / B.S,3,3,0,450,Docker; Hibernate; SQL; Redis; AWS; PostgreSQL; REST API; Kafka; MySQL; Git; Spring Boot,Java; Microservices; Maven,52.59,0
CAND_2620,Chloe Anderson,Frontend React Engineer,11,0.8462,13,5,0,0.5,1,B.Tech / B.E / B.S,2,2,1,597,React; GraphQL; Git; CSS3; JavaScript; REST API; HTML5; Webpack; Tailwind CSS; Next.js; TypeScript,Redux; Vite,65.58,1
CAND_2621,Priya Gupta,Backend Java Developer,4,0.2857,6,2,1,0.1,2,M.Tech / M.S / Ph.D,1,10,1,405,Kafka; Git; Microservices; AWS,Java; Spring Boot; REST API; SQL; PostgreSQL; MySQL; Hibernate; Redis; Docker; Maven,41.13,0
CAND_2622,Aarav Wilson,Mobile Application Developer,9,0.75,15,2,2,2.0,2,M.Tech / M.S / Ph.D,2,3,0,481,Dart; Swift; UI/UX; SQLite; Java; Kotlin; Git; Android; Firebase,Flutter; React Native; REST API,76.73,1
CAND_2623,David Wilson,Backend Java Developer,11,0.7857,12,2,0,3.4,1,B.Tech / B.E / B.S,4,3,1,377,Maven; PostgreSQL; Microservices; Spring Boot; SQL; Git; AWS; Redis; REST API; Hibernate; MySQL,Java; Kafka; Docker,81.28,1
CAND_2624,Rohan Nair,Frontend React Engineer,6,0.4615,9,2,3,0.6,1,B.Tech / B.E / B.S,2,7,0,457,Tailwind CSS; Next.js; Vite; CSS3; JavaScript; GraphQL,React; TypeScript; HTML5; Redux; REST API; Webpack; Git,51.99,0
CAND_2625,Michael Reddy,Python / AI Engineer,6,0.4615,9,1,2,1.6,0,Diploma / Associate,2,7,0,338,Pandas; Python; NLP; REST API; Docker; Computer Vision,PyTorch; TensorFlow; Scikit-Learn; NumPy; SQL; FastAPI; Git,45.98,0
CAND_2626,Emily Reddy,Backend Java Developer,4,0.2857,7,2,0,0.8,1,B.Tech / B.E / B.S,3,10,1,413,Java; Redis; Maven; AWS,Spring Boot; Microservices; REST API; SQL; PostgreSQL; MySQL; Hibernate; Kafka; Docker; Git,38.5,0
CAND_2627,Alex Johnson,Frontend React Engineer,4,0.3077,13,3,1,1.6,1,B.Tech / B.E / B.S,2,9,1,376,React; GraphQL; Vite; CSS3,JavaScript; TypeScript; Next.js; HTML5; Tailwind CSS; Redux; REST API; Webpack; Git,64.32,1
CAND_2628,Rohan Nair,Backend Java Developer,4,0.2857,8,3,1,1.2,1,B.Tech / B.E / B.S,3,10,1,477,Docker; Kafka; Hibernate; Microservices,Java; Spring Boot; REST API; SQL; PostgreSQL; MySQL; Redis; AWS; Git; Maven,50.97,0
CAND_2629,Chloe Gupta,Frontend React Engineer,8,0.6154,14,2,0,1.0,2,M.Tech / M.S / Ph.D,2,5,1,411,JavaScript; Webpack; TypeScript; GraphQL; CSS3; Vite; Next.js; REST API,React; HTML5; Tailwind CSS; Redux; Git,60.3,1
CAND_2630,Priya Davis,Backend Java Developer,8,0.5714,15,1,0,2.1,0,Diploma / Associate,3,6,1,655,Maven; Hibernate; Java; Kafka; AWS; Redis; Spring Boot; MySQL,Microservices; REST API; SQL; PostgreSQL; Docker; Git,46.27,0
CAND_2631,Pooja Rao,Fullstack Software Engineer,4,0.2857,8,4,1,2.6,1,B.Tech / B.E / B.S,3,10,1,307,Spring Boot; Git; TypeScript; REST API,React; JavaScript; Node.js; Java; SQL; PostgreSQL; MongoDB; Docker; HTML5; CSS3,57.33,0
CAND_2632,Daniel Nair,Fullstack Software Engineer,4,0.2857,11,3,1,3.7,0,Diploma / Associate,1,10,1,535,PostgreSQL; Node.js; REST API; TypeScript,React; JavaScript; Java; Spring Boot; SQL; MongoDB; Git; Docker; HTML5; CSS3,65.98,1
CAND_2633,Maya Chen,Cloud & DevOps Engineer,11,0.8462,11,3,2,12.0,1,B.Tech / B.E / B.S,1,2,1,413,Bash; Ansible; Jenkins; GitHub Actions; Docker; Prometheus; Kubernetes; Python; Git; CI/CD; Linux,AWS; Terraform,89.34,1
CAND_2634,Elena Gupta,Cloud & DevOps Engineer,6,0.4615,8,4,0,0.2,1,B.Tech / B.E / B.S,2,7,1,343,Linux; CI/CD; Git; GitHub Actions; Docker; Ansible,Kubernetes; AWS; Terraform; Jenkins; Python; Bash; Prometheus,54.97,0
CAND_2635,Alex Davis,Python / AI Engineer,11,0.8462,13,2,0,1.9,1,B.Tech / B.E / B.S,2,2,1,411,NLP; REST API; Docker; Computer Vision; SQL; Scikit-Learn; TensorFlow; Git; PyTorch; FastAPI; Python,Pandas; NumPy,71.21,1
CAND_2636,Pooja Brown,Cloud & DevOps Engineer,7,0.5385,12,2,1,1.7,1,B.Tech / B.E / B.S,3,6,1,518,Jenkins; Git; Docker; GitHub Actions; Linux; Python; Ansible,Kubernetes; AWS; Terraform; CI/CD; Bash; Prometheus,66.19,1
CAND_2637,Alex Miller,Cloud & DevOps Engineer,2,0.1538,4,2,0,0.4,1,B.Tech / B.E / B.S,3,11,0,360,Python; Jenkins,Linux; Docker; Kubernetes; AWS; Terraform; CI/CD; GitHub Actions; Ansible; Bash; Prometheus; Git,31.9,0
CAND_2638,Pooja Wilson,Frontend React Engineer,6,0.4615,8,1,0,1.5,1,B.Tech / B.E / B.S,5,7,1,471,Git; Webpack; React; REST API; Vite; Next.js,JavaScript; TypeScript; HTML5; CSS3; Tailwind CSS; Redux; GraphQL,53.0,0
CAND_2639,Rohan Rao,Python / AI Engineer,3,0.2308,5,3,3,1.0,1,B.Tech / B.E / B.S,4,10,1,371,REST API; NLP; Docker,Python; PyTorch; TensorFlow; Scikit-Learn; Pandas; NumPy; SQL; FastAPI; Computer Vision; Git,51.18,0
CAND_2640,Priya Chen,Mobile Application Developer,4,0.3333,7,2,2,3.9,2,M.Tech / M.S / Ph.D,3,8,0,406,Flutter; REST API; UI/UX; SQLite,Dart; React Native; Android; Kotlin; Swift; Java; Firebase; Git,66.71,1
CAND_2641,Pooja Johnson,Backend Java Developer,10,0.7143,12,1,0,3.0,1,B.Tech / B.E / B.S,1,4,0,405,PostgreSQL; Redis; Java; Docker; MySQL; Git; Microservices; SQL; Hibernate; AWS,Spring Boot; REST API; Kafka; Maven,60.29,1
CAND_2642,Rahul Reddy,Cloud & DevOps Engineer,8,0.6154,16,2,2,2.4,2,M.Tech / M.S / Ph.D,2,5,0,347,Kubernetes; AWS; CI/CD; Docker; Prometheus; GitHub Actions; Python; Terraform,Linux; Jenkins; Ansible; Bash; Git,67.97,1
CAND_2643,Maya Sharma,Fullstack Software Engineer,10,0.7143,11,2,0,5.8,1,B.Tech / B.E / B.S,2,4,0,527,SQL; Node.js; Docker; JavaScript; Java; React; HTML5; Spring Boot; TypeScript; Git,PostgreSQL; MongoDB; REST API; CSS3,73.97,1
CAND_2644,David Singh,Frontend React Engineer,10,0.7692,14,2,2,0.5,1,B.Tech / B.E / B.S,1,3,1,266,Tailwind CSS; React; TypeScript; Webpack; Next.js; HTML5; REST API; CSS3; Redux; GraphQL,JavaScript; Vite; Git,64.43,1
CAND_2645,Rahul Kumar,Cloud & DevOps Engineer,8,0.6154,9,2,1,2.3,1,B.Tech / B.E / B.S,3,5,1,524,Prometheus; Linux; Jenkins; Bash; Python; Terraform; Ansible; Docker,Kubernetes; AWS; CI/CD; GitHub Actions; Git,71.67,1
CAND_2646,Elena Kumar,Python / AI Engineer,8,0.6154,12,2,0,2.6,0,Diploma / Associate,1,5,1,314,Python; Computer Vision; SQL; Git; FastAPI; TensorFlow; NumPy; REST API,PyTorch; Scikit-Learn; Pandas; Docker; NLP,62.32,1
CAND_2647,Ananya Patel,Mobile Application Developer,7,0.5833,9,2,0,1.7,1,B.Tech / B.E / B.S,1,5,0,337,Dart; UI/UX; React Native; Firebase; Git; REST API; Kotlin,Flutter; Android; Swift; Java; SQLite,52.67,0
CAND_2648,Alex Nair,Mobile Application Developer,5,0.4167,8,2,0,3.0,1,B.Tech / B.E / B.S,1,7,0,480,Kotlin; Git; Java; UI/UX; REST API,Flutter; Dart; React Native; Android; Swift; Firebase; SQLite,44.54,0
CAND_2649,Pooja Anderson,Frontend React Engineer,12,0.9231,13,4,3,0.1,1,B.Tech / B.E / B.S,2,1,0,579,JavaScript; Git; Tailwind CSS; Next.js; Vite; Redux; REST API; Webpack; HTML5; React; CSS3; TypeScript,GraphQL,73.71,1
CAND_2650,Sneha Reddy,Backend Java Developer,10,0.7143,10,2,0,3.2,1,B.Tech / B.E / B.S,3,4,0,583,Java; MySQL; Microservices; Spring Boot; Docker; REST API; Git; SQL; AWS; Redis,PostgreSQL; Hibernate; Kafka; Maven,62.3,1
CAND_2651,Vikram Taylor,Python / AI Engineer,7,0.5385,10,2,2,10.7,0,Diploma / Associate,3,6,1,289,Git; Python; Computer Vision; Docker; Scikit-Learn; NLP; NumPy,PyTorch; TensorFlow; Pandas; SQL; FastAPI; REST API,67.42,1
CAND_2652,Alex Verma,Python / AI Engineer,5,0.3846,9,2,1,1.8,1,B.Tech / B.E / B.S,3,8,1,171,Python; TensorFlow; NumPy; Pandas; REST API,PyTorch; Scikit-Learn; SQL; FastAPI; Docker; NLP; Computer Vision; Git,57.22,0
CAND_2653,Emily Taylor,Backend Java Developer,1,0.0714,4,1,1,4.7,1,B.Tech / B.E / B.S,3,13,1,431,Docker,Java; Spring Boot; Microservices; REST API; SQL; PostgreSQL; MySQL; Hibernate; Redis; Kafka; AWS; Git; Maven,33.27,0
CAND_2654,Aditi Johnson,Cloud & DevOps Engineer,8,0.6154,12,0,0,0.3,1,B.Tech / B.E / B.S,3,5,1,363,Kubernetes; Terraform; Ansible; Docker; AWS; Git; CI/CD; Python,Linux; Jenkins; GitHub Actions; Bash; Prometheus,50.76,0
CAND_2655,Alex Taylor,Fullstack Software Engineer,8,0.5714,10,3,1,0.7,1,B.Tech / B.E / B.S,1,6,0,283,CSS3; PostgreSQL; JavaScript; Node.js; REST API; MongoDB; Java; HTML5,React; TypeScript; Spring Boot; SQL; Git; Docker,57.71,0
CAND_2656,Priya Iyer,Python / AI Engineer,4,0.3077,5,2,0,0.6,1,B.Tech / B.E / B.S,1,9,0,449,NumPy; Python; PyTorch; Computer Vision,TensorFlow; Scikit-Learn; Pandas; SQL; FastAPI; Docker; NLP; REST API; Git,39.28,0
CAND_2657,Sarah Davis,Python / AI Engineer,9,0.6923,13,2,0,3.6,1,B.Tech / B.E / B.S,2,4,1,494,Python; NLP; TensorFlow; NumPy; REST API; Git; PyTorch; FastAPI; SQL,Scikit-Learn; Pandas; Docker; Computer Vision,72.68,1
CAND_2658,Aarav Johnson,Fullstack Software Engineer,5,0.3571,10,2,0,0.9,1,B.Tech / B.E / B.S,3,9,1,337,REST API; React; SQL; CSS3; JavaScript,TypeScript; Node.js; Java; Spring Boot; PostgreSQL; MongoDB; Git; Docker; HTML5,43.55,0
CAND_2659,Ananya Verma,Python / AI Engineer,7,0.5385,10,2,0,0.0,1,B.Tech / B.E / B.S,5,6,1,449,Docker; PyTorch; Python; FastAPI; SQL; Pandas; NumPy,TensorFlow; Scikit-Learn; NLP; Computer Vision; REST API; Git,56.05,0
CAND_2660,Maya Johnson,Cloud & DevOps Engineer,12,0.9231,17,4,0,0.0,1,B.Tech / B.E / B.S,3,1,1,506,Prometheus; AWS; Bash; GitHub Actions; Terraform; CI/CD; Python; Git; Jenkins; Docker; Ansible; Kubernetes,Linux,81.15,1
CAND_2661,Ananya Iyer,Frontend React Engineer,7,0.5385,9,0,0,0.4,1,B.Tech / B.E / B.S,3,6,1,575,Webpack; Vite; TypeScript; Tailwind CSS; HTML5; Git; Redux,React; JavaScript; Next.js; CSS3; REST API; GraphQL,46.05,0
CAND_2662,Aarav Brown,Frontend React Engineer,9,0.6923,11,3,0,0.1,1,B.Tech / B.E / B.S,4,4,1,511,TypeScript; React; Redux; Tailwind CSS; REST API; Next.js; Webpack; JavaScript; Git,HTML5; CSS3; GraphQL; Vite,72.89,1
CAND_2663,Rahul Johnson,Cloud & DevOps Engineer,11,0.8462,14,1,2,0.3,1,B.Tech / B.E / B.S,3,2,1,505,Jenkins; GitHub Actions; Prometheus; Bash; Git; Python; Kubernetes; Ansible; CI/CD; AWS; Linux,Docker; Terraform,65.29,1
CAND_2664,Daniel Gupta,Backend Java Developer,9,0.6429,15,2,4,1.8,2,M.Tech / M.S / Ph.D,4,5,0,273,REST API; AWS; Maven; Kafka; Git; PostgreSQL; Hibernate; SQL; Docker,Java; Spring Boot; Microservices; MySQL; Redis,63.23,1
CAND_2665,Emily Rao,Backend Java Developer,2,0.1429,6,4,0,0.7,1,B.Tech / B.E / B.S,2,12,1,453,MySQL; Microservices,Java; Spring Boot; REST API; SQL; PostgreSQL; Hibernate; Redis; Kafka; Docker; AWS; Git; Maven,41.33,0
CAND_2666,Elena Reddy,Python / AI Engineer,5,0.3846,9,3,3,5.1,1,B.Tech / B.E / B.S,2,8,1,399,Computer Vision; FastAPI; Pandas; NLP; SQL,Python; PyTorch; TensorFlow; Scikit-Learn; NumPy; Docker; REST API; Git,75.43,1
CAND_2667,Aditi Gupta,Backend Java Developer,9,0.6429,12,2,0,0.3,2,M.Tech / M.S / Ph.D,2,5,1,433,PostgreSQL; Redis; Microservices; Docker; MySQL; Git; Kafka; Spring Boot; REST API,Java; SQL; Hibernate; AWS; Maven,62.39,1
CAND_2668,Aarav Gupta,Cloud & DevOps Engineer,8,0.6154,11,3,0,0.7,1,B.Tech / B.E / B.S,2,5,1,534,Python; Bash; Kubernetes; Terraform; Prometheus; Jenkins; Git; Docker,Linux; AWS; CI/CD; GitHub Actions; Ansible,71.57,1
CAND_2669,Vikram Brown,Frontend React Engineer,3,0.2308,7,2,0,1.7,1,B.Tech / B.E / B.S,4,10,1,602,Redux; Next.js; TypeScript,React; JavaScript; HTML5; CSS3; Tailwind CSS; REST API; GraphQL; Webpack; Vite; Git,53.08,0
CAND_2670,Elena Chen,Python / AI Engineer,7,0.5385,15,1,1,0.5,2,M.Tech / M.S / Ph.D,2,6,0,381,Git; NLP; Docker; Python; PyTorch; Computer Vision; REST API,TensorFlow; Scikit-Learn; Pandas; NumPy; SQL; FastAPI,46.22,0
CAND_2671,Aarav Sharma,Fullstack Software Engineer,4,0.2857,7,2,0,4.7,1,B.Tech / B.E / B.S,2,10,0,232,Spring Boot; JavaScript; CSS3; Docker,React; TypeScript; Node.js; Java; SQL; PostgreSQL; MongoDB; REST API; Git; HTML5,52.63,0
CAND_2672,Rahul Iyer,Backend Java Developer,7,0.5,14,1,0,0.5,1,B.Tech / B.E / B.S,4,7,1,512,SQL; Spring Boot; PostgreSQL; Kafka; AWS; Hibernate; Redis,Java; Microservices; REST API; MySQL; Docker; Git; Maven,47.63,0
CAND_2673,Alex Nair,Frontend React Engineer,3,0.2308,11,2,2,0.8,2,M.Tech / M.S / Ph.D,3,10,1,616,HTML5; JavaScript; REST API,React; TypeScript; Next.js; CSS3; Tailwind CSS; Redux; GraphQL; Webpack; Vite; Git,45.72,0
CAND_2674,Priya Iyer,Backend Java Developer,9,0.6429,13,3,1,6.1,2,M.Tech / M.S / Ph.D,1,5,1,415,MySQL; Spring Boot; Redis; Kafka; Maven; Microservices; Hibernate; PostgreSQL; AWS,Java; REST API; SQL; Docker; Git,81.87,1
CAND_2675,Ananya Reddy,Mobile Application Developer,10,0.8333,13,0,1,11.4,1,B.Tech / B.E / B.S,2,2,1,304,React Native; Firebase; Dart; Flutter; UI/UX; Android; Java; Swift; Kotlin; REST API,SQLite; Git,71.79,1
CAND_2676,Aarav Anderson,Mobile Application Developer,5,0.4167,12,3,0,5.8,0,Diploma / Associate,5,7,1,376,Swift; Firebase; SQLite; React Native; Git,Flutter; Dart; Android; Kotlin; Java; REST API; UI/UX,65.73,1
CAND_2677,Aarav Wilson,Mobile Application Developer,7,0.5833,15,1,0,1.0,1,B.Tech / B.E / B.S,3,5,0,547,SQLite; Swift; Git; Dart; UI/UX; Flutter; REST API,React Native; Android; Kotlin; Java; Firebase,46.14,0
CAND_2678,Vikram Thomas,Frontend React Engineer,3,0.2308,5,2,1,4.0,1,B.Tech / B.E / B.S,2,10,0,535,Webpack; Tailwind CSS; TypeScript,React; JavaScript; Next.js; HTML5; CSS3; Redux; REST API; GraphQL; Vite; Git,44.57,0
CAND_2679,Sneha Gupta,Mobile Application Developer,8,0.6667,13,1,0,4.2,2,M.Tech / M.S / Ph.D,1,4,0,382,Swift; Kotlin; Dart; UI/UX; Firebase; Flutter; Git; REST API,React Native; Android; Java; SQLite,58.71,1
CAND_2680,Sarah Nair,Frontend React Engineer,9,0.6923,12,1,2,2.5,1,B.Tech / B.E / B.S,2,4,1,460,HTML5; Next.js; REST API; Git; Webpack; React; Vite; TypeScript; JavaScript,CSS3; Tailwind CSS; Redux; GraphQL,58.9,1
CAND_2681,Aditi Singh,Mobile Application Developer,10,0.8333,14,1,0,4.4,1,B.Tech / B.E / B.S,3,2,1,227,Kotlin; UI/UX; Firebase; Java; Swift; Flutter; React Native; Android; REST API; Dart,SQLite; Git,73.87,1
CAND_2682,Chloe Verma,Backend Java Developer,8,0.5714,9,2,0,0.3,1,B.Tech / B.E / B.S,2,6,1,362,Maven; Kafka; Java; Git; AWS; SQL; MySQL; Spring Boot,Microservices; REST API; PostgreSQL; Hibernate; Redis; Docker,53.47,0
CAND_2683,Elena Johnson,Cloud & DevOps Engineer,2,0.1538,6,2,0,0.2,1,B.Tech / B.E / B.S,1,11,1,513,Linux; Prometheus,Docker; Kubernetes; AWS; Terraform; CI/CD; Jenkins; GitHub Actions; Ansible; Python; Bash; Git,40.25,0
CAND_2684,Karthik Johnson,Frontend React Engineer,3,0.2308,7,1,1,3.5,1,B.Tech / B.E / B.S,4,10,1,581,CSS3; REST API; Tailwind CSS,React; JavaScript; TypeScript; Next.js; HTML5; Redux; GraphQL; Webpack; Vite; Git,47.94,0
CAND_2685,Sarah Chen,Backend Java Developer,9,0.6429,16,1,0,0.6,1,B.Tech / B.E / B.S,2,5,1,514,PostgreSQL; AWS; SQL; Redis; REST API; Hibernate; Git; Microservices; Java,Spring Boot; MySQL; Kafka; Docker; Maven,61.51,1
CAND_2686,Michael Patel,Mobile Application Developer,2,0.1667,5,3,2,3.0,1,B.Tech / B.E / B.S,2,10,0,493,Swift; REST API,Flutter; Dart; React Native; Android; Kotlin; Java; Firebase; SQLite; Git; UI/UX,49.47,0
CAND_2687,Sneha Sharma,Backend Java Developer,9,0.6429,9,2,3,4.8,1,B.Tech / B.E / B.S,2,5,0,545,Git; Maven; Spring Boot; REST API; AWS; Microservices; PostgreSQL; Java; Kafka,SQL; MySQL; Hibernate; Redis; Docker,72.91,1
CAND_2688,James Singh,Fullstack Software Engineer,5,0.3571,8,4,0,2.2,0,Diploma / Associate,1,9,1,637,CSS3; JavaScript; React; Docker; Spring Boot,TypeScript; Node.js; Java; SQL; PostgreSQL; MongoDB; REST API; Git; HTML5,58.15,1
CAND_2689,Maya Patel,Backend Java Developer,8,0.5714,11,5,0,1.1,1,B.Tech / B.E / B.S,3,6,1,279,Kafka; Docker; Hibernate; Git; PostgreSQL; Spring Boot; Redis; Java,Microservices; REST API; SQL; MySQL; AWS; Maven,68.53,1
CAND_2690,Vikram Gupta,Mobile Application Developer,9,0.75,12,1,1,3.3,1,B.Tech / B.E / B.S,1,3,1,413,Dart; React Native; UI/UX; SQLite; Flutter; Android; Swift; REST API; Kotlin,Java; Firebase; Git,67.2,1
CAND_2691,Aditi Patel,Cloud & DevOps Engineer,11,0.8462,16,2,0,5.0,2,M.Tech / M.S / Ph.D,3,2,1,452,CI/CD; Bash; Ansible; AWS; GitHub Actions; Python; Git; Prometheus; Terraform; Docker; Jenkins,Linux; Kubernetes,80.33,1
CAND_2692,Pooja Anderson,Fullstack Software Engineer,8,0.5714,13,1,1,0.2,2,M.Tech / M.S / Ph.D,3,6,0,433,PostgreSQL; TypeScript; MongoDB; React; JavaScript; HTML5; Node.js; Docker,Java; Spring Boot; SQL; REST API; Git; CSS3,49.24,0
CAND_2693,Vikram Miller,Python / AI Engineer,8,0.6154,11,3,1,5.4,1,B.Tech / B.E / B.S,6,5,1,508,Scikit-Learn; REST API; PyTorch; Computer Vision; Git; TensorFlow; SQL; FastAPI,Python; Pandas; NumPy; Docker; NLP,81.88,1
CAND_2694,Ananya Nair,Cloud & DevOps Engineer,9,0.6923,11,3,0,0.3,1,B.Tech / B.E / B.S,3,4,0,537,Bash; Python; Terraform; Prometheus; Jenkins; Git; Docker; AWS; Kubernetes,Linux; CI/CD; GitHub Actions; Ansible,61.8,1
CAND_2695,Emily Singh,Python / AI Engineer,2,0.1538,8,1,1,2.0,2,M.Tech / M.S / Ph.D,2,11,0,295,Python; Computer Vision,PyTorch; TensorFlow; Scikit-Learn; Pandas; NumPy; SQL; FastAPI; Docker; NLP; REST API; Git,37.24,0
CAND_2696,Karthik Rao,Backend Java Developer,8,0.5714,10,2,0,0.3,0,Diploma / Associate,3,6,1,412,Spring Boot; Java; Maven; Hibernate; PostgreSQL; Git; MySQL; Redis,Microservices; REST API; SQL; Kafka; Docker; AWS,53.19,0
CAND_2697,Michael Sharma,Mobile Application Developer,3,0.25,6,1,0,0.2,1,B.Tech / B.E / B.S,2,9,1,397,Git; Dart; Swift,Flutter; React Native; Android; Kotlin; Java; Firebase; REST API; SQLite; UI/UX,32.31,0
CAND_2698,James Smith,Mobile Application Developer,6,0.5,8,0,3,0.8,2,M.Tech / M.S / Ph.D,2,6,0,542,Git; SQLite; Dart; Kotlin; Swift; Android,Flutter; React Native; Java; Firebase; REST API; UI/UX,39.64,0
CAND_2699,Emily Wilson,Frontend React Engineer,6,0.4615,8,2,0,0.8,1,B.Tech / B.E / B.S,4,7,1,480,Redux; HTML5; Git; CSS3; REST API; Next.js,React; JavaScript; TypeScript; Tailwind CSS; GraphQL; Webpack; Vite,55.82,0
CAND_2700,Ananya Anderson,Backend Java Developer,3,0.2143,3,2,3,0.4,1,B.Tech / B.E / B.S,5,11,0,453,Java; AWS; PostgreSQL,Spring Boot; Microservices; REST API; SQL; MySQL; Hibernate; Redis; Kafka; Docker; Git; Maven,40.22,0
CAND_2701,Sarah Taylor,Cloud & DevOps Engineer,9,0.6923,12,2,1,1.4,1,B.Tech / B.E / B.S,3,4,1,450,CI/CD; Jenkins; GitHub Actions; Bash; Python; Kubernetes; Docker; Git; AWS,Linux; Terraform; Ansible; Prometheus,65.48,1
CAND_2702,Sarah Sharma,Backend Java Developer,6,0.4286,9,4,1,3.7,1,B.Tech / B.E / B.S,3,8,0,442,Git; PostgreSQL; MySQL; Docker; Microservices; AWS,Java; Spring Boot; REST API; SQL; Hibernate; Redis; Kafka; Maven,65.7,1
CAND_2703,Emily Sharma,Cloud & DevOps Engineer,9,0.6923,10,3,0,2.4,2,M.Tech / M.S / Ph.D,2,4,1,501,Git; Bash; Kubernetes; Prometheus; Python; AWS; Linux; Jenkins; GitHub Actions,Docker; Terraform; CI/CD; Ansible,85.51,1
CAND_2704,Elena Iyer,Frontend React Engineer,7,0.5385,10,2,2,2.7,2,M.Tech / M.S / Ph.D,1,6,0,562,CSS3; Next.js; React; Redux; Tailwind CSS; TypeScript; GraphQL,JavaScript; HTML5; REST API; Webpack; Vite; Git,61.73,1
CAND_2705,Chloe Kumar,Backend Java Developer,11,0.7857,12,0,3,0.9,2,M.Tech / M.S / Ph.D,5,3,0,334,REST API; Hibernate; Kafka; Git; MySQL; AWS; Microservices; Maven; PostgreSQL; Java; Docker,Spring Boot; SQL; Redis,54.6,0
CAND_2706,Sneha Patel,Frontend React Engineer,3,0.2308,10,2,1,1.2,1,B.Tech / B.E / B.S,2,10,1,514,Vite; Redux; GraphQL,React; JavaScript; TypeScript; Next.js; HTML5; CSS3; Tailwind CSS; REST API; Webpack; Git,44.49,0
CAND_2707,Pooja Iyer,Backend Java Developer,3,0.2143,8,0,0,2.1,1,B.Tech / B.E / B.S,2,11,0,329,Redis; Hibernate; REST API,Java; Spring Boot; Microservices; SQL; PostgreSQL; MySQL; Kafka; Docker; AWS; Git; Maven,22.59,0
CAND_2708,Sarah Wilson,Fullstack Software Engineer,5,0.3571,10,3,0,1.3,2,M.Tech / M.S / Ph.D,2,9,1,533,Java; Git; TypeScript; Spring Boot; CSS3,React; JavaScript; Node.js; SQL; PostgreSQL; MongoDB; REST API; Docker; HTML5,55.75,0
CAND_2709,Maya Brown,Python / AI Engineer,2,0.1538,4,2,0,0.8,1,B.Tech / B.E / B.S,5,11,0,269,PyTorch; NLP,Python; TensorFlow; Scikit-Learn; Pandas; NumPy; SQL; FastAPI; Docker; Computer Vision; REST API; Git,35.22,0
CAND_2710,Vikram Davis,Frontend React Engineer,7,0.5385,10,2,0,1.3,1,B.Tech / B.E / B.S,2,6,1,391,CSS3; Vite; Git; TypeScript; Webpack; Redux; React,JavaScript; Next.js; HTML5; Tailwind CSS; REST API; GraphQL,55.78,0
CAND_2711,Aarav Taylor,Frontend React Engineer,8,0.6154,12,2,1,0.6,1,B.Tech / B.E / B.S,3,5,0,407,Tailwind CSS; Next.js; Vite; CSS3; Webpack; GraphQL; Redux; REST API,React; JavaScript; TypeScript; HTML5; Git,57.93,0
CAND_2712,Karthik Miller,Frontend React Engineer,5,0.3846,5,1,0,0.2,1,B.Tech / B.E / B.S,3,8,0,317,GraphQL; CSS3; Next.js; TypeScript; Vite,React; JavaScript; HTML5; Tailwind CSS; Redux; REST API; Webpack; Git,34.4,0
CAND_2713,James Singh,Mobile Application Developer,7,0.5833,11,1,0,4.9,2,M.Tech / M.S / Ph.D,2,5,1,541,SQLite; UI/UX; Android; Git; Firebase; Kotlin; REST API,Flutter; Dart; React Native; Swift; Java,64.84,1
CAND_2714,Aarav Chen,Python / AI Engineer,5,0.3846,15,1,2,0.2,1,B.Tech / B.E / B.S,2,8,1,482,PyTorch; SQL; TensorFlow; NLP; NumPy,Python; Scikit-Learn; Pandas; FastAPI; Docker; Computer Vision; REST API; Git,41.05,0
CAND_2715,Rohan Davis,Cloud & DevOps Engineer,6,0.4615,9,2,2,1.9,2,M.Tech / M.S / Ph.D,3,7,0,478,GitHub Actions; Python; Terraform; Docker; Git; Jenkins,Linux; Kubernetes; AWS; CI/CD; Ansible; Bash; Prometheus,55.26,0
CAND_2716,Rahul Kumar,Mobile Application Developer,6,0.5,9,2,0,12.0,1,B.Tech / B.E / B.S,2,6,1,345,React Native; Swift; Flutter; Firebase; Android; Dart,Kotlin; Java; REST API; SQLite; Git; UI/UX,68.66,1
CAND_2717,Aarav Chen,Frontend React Engineer,12,0.9231,17,2,1,3.1,1,B.Tech / B.E / B.S,1,1,1,362,GraphQL; Redux; REST API; TypeScript; HTML5; CSS3; Next.js; Git; Webpack; JavaScript; Vite; React,Tailwind CSS,84.68,1
CAND_2718,Maya Thomas,Fullstack Software Engineer,11,0.7857,17,3,2,1.4,1,B.Tech / B.E / B.S,3,3,0,377,Java; Docker; React; Node.js; MongoDB; REST API; CSS3; JavaScript; Git; Spring Boot; HTML5,TypeScript; SQL; PostgreSQL,77.76,1
CAND_2719,Pooja Kumar,Backend Java Developer,3,0.2143,9,4,2,0.4,1,B.Tech / B.E / B.S,2,11,0,447,Microservices; SQL; Java,Spring Boot; REST API; PostgreSQL; MySQL; Hibernate; Redis; Kafka; Docker; AWS; Git; Maven,39.71,0
CAND_2720,Aarav Brown,Fullstack Software Engineer,13,0.9286,15,0,1,2.7,1,B.Tech / B.E / B.S,2,1,1,446,Spring Boot; PostgreSQL; TypeScript; HTML5; SQL; MongoDB; Docker; Java; Node.js; Git; React; JavaScript; REST API,CSS3,66.72,1
CAND_2721,Karthik Gupta,Mobile Application Developer,2,0.1667,5,1,0,2.2,1,B.Tech / B.E / B.S,5,10,0,353,SQLite; Firebase,Flutter; Dart; React Native; Android; Kotlin; Swift; Java; REST API; Git; UI/UX,32.84,0
CAND_2722,Pooja Nair,Python / AI Engineer,11,0.8462,15,3,0,1.5,1,B.Tech / B.E / B.S,3,2,1,344,TensorFlow; NumPy; Python; PyTorch; Computer Vision; REST API; Pandas; Scikit-Learn; Git; NLP; FastAPI,SQL; Docker,74.34,1
CAND_2723,David Miller,Fullstack Software Engineer,1,0.0714,3,2,1,3.1,1,B.Tech / B.E / B.S,3,13,1,392,Git,React; JavaScript; TypeScript; Node.js; Java; Spring Boot; SQL; PostgreSQL; MongoDB; REST API; Docker; HTML5; CSS3,48.4,0
CAND_2724,Sarah Chen,Cloud & DevOps Engineer,9,0.6923,17,1,0,3.8,1,B.Tech / B.E / B.S,2,4,1,599,Kubernetes; CI/CD; Python; Linux; Terraform; Prometheus; Ansible; Jenkins; Bash,Docker; AWS; GitHub Actions; Git,65.89,1
CAND_2725,Daniel Verma,Mobile Application Developer,6,0.5,7,2,2,2.4,1,B.Tech / B.E / B.S,1,6,0,415,UI/UX; React Native; Firebase; Dart; REST API; SQLite,Flutter; Android; Kotlin; Swift; Java; Git,51.5,0
CAND_2726,Vikram Reddy,Python / AI Engineer,9,0.6923,11,4,0,1.6,1,B.Tech / B.E / B.S,3,4,1,533,TensorFlow; REST API; Scikit-Learn; PyTorch; NumPy; Docker; Git; Python; Computer Vision,Pandas; SQL; FastAPI; NLP,72.79,1
CAND_2727,Alex Patel,Cloud & DevOps Engineer,11,0.8462,15,1,4,0.0,1,B.Tech / B.E / B.S,3,2,0,453,Jenkins; Ansible; Linux; Prometheus; Git; Python; CI/CD; Docker; Terraform; Bash; AWS,Kubernetes; GitHub Actions,57.81,0
CAND_2728,Michael Nair,Fullstack Software Engineer,5,0.3571,7,2,0,2.6,1,B.Tech / B.E / B.S,5,9,1,328,HTML5; Java; Node.js; Docker; React,JavaScript; TypeScript; Spring Boot; SQL; PostgreSQL; MongoDB; REST API; Git; CSS3,58.87,1
CAND_2729,Chloe Sharma,Fullstack Software Engineer,10,0.7143,12,2,0,2.1,2,M.Tech / M.S / Ph.D,3,4,1,341,Git; Docker; Node.js; PostgreSQL; React; REST API; HTML5; SQL; JavaScript; Spring Boot,TypeScript; Java; MongoDB; CSS3,76.33,1
CAND_2730,Vikram Davis,Frontend React Engineer,6,0.4615,9,3,0,1.1,1,B.Tech / B.E / B.S,3,7,0,476,CSS3; Tailwind CSS; Webpack; Vite; React; HTML5,JavaScript; TypeScript; Next.js; Redux; REST API; GraphQL; Git,55.93,0
CAND_2731,Elena Sharma,Mobile Application Developer,6,0.5,11,2,1,1.3,2,M.Tech / M.S / Ph.D,1,6,0,357,UI/UX; Java; REST API; Dart; Flutter; SQLite,React Native; Android; Kotlin; Swift; Firebase; Git,53.58,0
CAND_2732,James Verma,Backend Java Developer,5,0.3571,10,1,1,0.2,0,Diploma / Associate,3,9,1,263,REST API; Kafka; Hibernate; Java; PostgreSQL,Spring Boot; Microservices; SQL; MySQL; Redis; Docker; AWS; Git; Maven,40.97,0
CAND_2733,Rohan Anderson,Frontend React Engineer,5,0.3846,8,3,1,0.6,1,B.Tech / B.E / B.S,5,8,1,540,REST API; TypeScript; Tailwind CSS; Next.js; Vite,React; JavaScript; HTML5; CSS3; Redux; GraphQL; Webpack; Git,58.1,1
CAND_2734,Chloe Sharma,Mobile Application Developer,1,0.0833,5,3,0,3.2,2,M.Tech / M.S / Ph.D,2,11,1,421,UI/UX,Flutter; Dart; React Native; Android; Kotlin; Swift; Java; Firebase; REST API; SQLite; Git,50.25,0
CAND_2735,Maya Rao,Frontend React Engineer,6,0.4615,9,4,0,0.4,1,B.Tech / B.E / B.S,2,7,1,579,REST API; CSS3; Git; Tailwind CSS; TypeScript; Next.js,React; JavaScript; HTML5; Redux; GraphQL; Webpack; Vite,51.87,0
CAND_2736,Maya Kumar,Frontend React Engineer,8,0.6154,13,3,0,0.4,1,B.Tech / B.E / B.S,5,5,1,567,Next.js; CSS3; HTML5; Tailwind CSS; JavaScript; Webpack; Git; React,TypeScript; Redux; REST API; GraphQL; Vite,69.36,1
CAND_2737,Michael Thomas,Mobile Application Developer,8,0.6667,11,1,1,1.5,1,B.Tech / B.E / B.S,2,4,0,336,Git; REST API; Java; Android; React Native; Flutter; SQLite; UI/UX,Dart; Kotlin; Swift; Firebase,63.7,1
CAND_2738,Sneha Gupta,Backend Java Developer,7,0.5,12,3,0,3.1,1,B.Tech / B.E / B.S,4,7,1,433,Git; Kafka; AWS; SQL; REST API; Docker; PostgreSQL,Java; Spring Boot; Microservices; MySQL; Hibernate; Redis; Maven,68.14,1
CAND_2739,Michael Verma,Mobile Application Developer,8,0.6667,9,3,1,1.6,1,B.Tech / B.E / B.S,3,4,1,150,Git; Android; SQLite; Kotlin; UI/UX; REST API; Flutter; React Native,Dart; Swift; Java; Firebase,71.34,1
CAND_2740,Aarav Gupta,Backend Java Developer,4,0.2857,6,2,1,3.0,1,B.Tech / B.E / B.S,2,10,1,301,Maven; PostgreSQL; REST API; Hibernate,Java; Spring Boot; Microservices; SQL; MySQL; Redis; Kafka; Docker; AWS; Git,53.53,0
CAND_2741,David Chen,Cloud & DevOps Engineer,5,0.3846,7,3,2,2.0,1,B.Tech / B.E / B.S,3,8,0,419,Jenkins; Python; Kubernetes; GitHub Actions; Prometheus,Linux; Docker; AWS; Terraform; CI/CD; Ansible; Bash; Git,55.69,0
CAND_2742,Chloe Thomas,Frontend React Engineer,7,0.5385,14,3,0,4.9,1,B.Tech / B.E / B.S,3,6,1,450,Git; Webpack; Next.js; JavaScript; GraphQL; React; Tailwind CSS,TypeScript; HTML5; CSS3; Redux; REST API; Vite,79.83,1
CAND_2743,Aarav Thomas,Fullstack Software Engineer,9,0.6429,18,3,0,1.3,2,M.Tech / M.S / Ph.D,1,5,1,408,CSS3; React; Java; HTML5; Docker; PostgreSQL; SQL; Spring Boot; REST API,JavaScript; TypeScript; Node.js; MongoDB; Git,73.07,1
CAND_2744,Priya Reddy,Fullstack Software Engineer,5,0.3571,10,0,0,0.1,1,B.Tech / B.E / B.S,2,9,1,405,Spring Boot; Node.js; Git; HTML5; SQL,React; JavaScript; TypeScript; Java; PostgreSQL; MongoDB; REST API; Docker; CSS3,25.11,0
CAND_2745,Emily Patel,Frontend React Engineer,6,0.4615,10,1,2,0.6,1,B.Tech / B.E / B.S,1,7,1,338,Tailwind CSS; Webpack; React; HTML5; Vite; JavaScript,TypeScript; Next.js; CSS3; Redux; REST API; GraphQL; Git,50.09,0
CAND_2746,Pooja Iyer,Frontend React Engineer,4,0.3077,10,1,0,0.3,1,B.Tech / B.E / B.S,2,9,1,504,Redux; Next.js; JavaScript; React,TypeScript; HTML5; CSS3; Tailwind CSS; REST API; GraphQL; Webpack; Vite; Git,39.44,0
CAND_2747,Elena Nair,Fullstack Software Engineer,14,1.0,16,3,0,2.1,1,B.Tech / B.E / B.S,4,0,1,543,JavaScript; CSS3; Docker; Node.js; PostgreSQL; MongoDB; Java; TypeScript; React; REST API; Git; Spring Boot; SQL; HTML5,,83.76,1
CAND_2748,Rohan Johnson,Mobile Application Developer,9,0.75,10,2,3,4.5,2,M.Tech / M.S / Ph.D,1,3,0,445,Java; Flutter; Git; Firebase; UI/UX; REST API; Android; Swift; Dart,React Native; Kotlin; SQLite,77.1,1
CAND_2749,Aarav Anderson,Fullstack Software Engineer,9,0.6429,13,2,1,0.6,2,M.Tech / M.S / Ph.D,3,5,1,342,Git; JavaScript; Java; Docker; PostgreSQL; Node.js; CSS3; React; Spring Boot,TypeScript; SQL; MongoDB; REST API; HTML5,67.78,1
CAND_2750,Karthik Gupta,Backend Java Developer,10,0.7143,13,5,0,2.5,1,B.Tech / B.E / B.S,3,4,1,411,AWS; Hibernate; Java; Docker; Maven; MySQL; Git; Redis; Spring Boot; Kafka,Microservices; REST API; SQL; PostgreSQL,80.23,1
CAND_2751,Pooja Smith,Fullstack Software Engineer,9,0.6429,13,1,1,1.7,1,B.Tech / B.E / B.S,3,5,0,402,REST API; Spring Boot; PostgreSQL; Docker; MongoDB; TypeScript; HTML5; Git; CSS3,React; JavaScript; Node.js; Java; SQL,62.19,1
CAND_2752,Chloe Miller,Backend Java Developer,6,0.4286,10,2,0,3.5,1,B.Tech / B.E / B.S,1,8,0,577,PostgreSQL; AWS; Docker; Maven; MySQL; Microservices,Java; Spring Boot; REST API; SQL; Hibernate; Redis; Kafka; Git,48.14,0
CAND_2753,James Johnson,Frontend React Engineer,8,0.6154,15,3,1,2.8,1,B.Tech / B.E / B.S,3,5,1,424,Redux; CSS3; HTML5; TypeScript; Git; Tailwind CSS; GraphQL; Next.js,React; JavaScript; REST API; Webpack; Vite,82.24,1
CAND_2754,Rohan Thomas,Frontend React Engineer,12,0.9231,13,4,0,7.1,1,B.Tech / B.E / B.S,6,1,0,364,TypeScript; CSS3; Vite; Redux; GraphQL; Git; React; REST API; HTML5; JavaScript; Webpack; Next.js,Tailwind CSS,95.53,1
CAND_2755,Chloe Nair,Python / AI Engineer,5,0.3846,9,4,4,1.0,1,B.Tech / B.E / B.S,3,8,1,226,TensorFlow; Scikit-Learn; SQL; PyTorch; Computer Vision,Python; Pandas; NumPy; FastAPI; Docker; NLP; REST API; Git,60.58,1
CAND_2756,Sneha Davis,Python / AI Engineer,6,0.4615,11,3,1,0.1,1,B.Tech / B.E / B.S,3,7,0,308,Python; Docker; PyTorch; NLP; Git; Pandas,TensorFlow; Scikit-Learn; NumPy; SQL; FastAPI; Computer Vision; REST API,60.01,1
CAND_2757,Chloe Nair,Mobile Application Developer,2,0.1667,8,2,0,2.0,2,M.Tech / M.S / Ph.D,3,10,0,276,Android; Git,Flutter; Dart; React Native; Kotlin; Swift; Java; Firebase; REST API; SQLite; UI/UX,42.34,0
CAND_2758,Alex Wilson,Fullstack Software Engineer,7,0.5,13,2,1,0.5,1,B.Tech / B.E / B.S,1,7,1,514,Spring Boot; Docker; CSS3; MongoDB; SQL; Git; REST API,React; JavaScript; TypeScript; Node.js; Java; PostgreSQL; HTML5,50.05,0
CAND_2759,Ananya Anderson,Frontend React Engineer,4,0.3077,8,2,0,6.1,1,B.Tech / B.E / B.S,3,9,1,285,Vite; Tailwind CSS; JavaScript; Next.js,React; TypeScript; HTML5; CSS3; Redux; REST API; GraphQL; Webpack; Git,54.24,0
CAND_2760,Michael Iyer,Mobile Application Developer,8,0.6667,10,5,0,2.4,1,B.Tech / B.E / B.S,2,4,1,390,Android; Flutter; REST API; Dart; Firebase; SQLite; Git; React Native,Kotlin; Swift; Java; UI/UX,71.44,1
CAND_2761,Ananya Johnson,Frontend React Engineer,8,0.6154,10,2,0,0.3,1,B.Tech / B.E / B.S,3,5,0,616,Next.js; REST API; Webpack; JavaScript; Git; React; Redux; Tailwind CSS,TypeScript; HTML5; CSS3; GraphQL; Vite,54.88,0
CAND_2762,Pooja Reddy,Backend Java Developer,12,0.8571,15,3,4,0.9,2,M.Tech / M.S / Ph.D,4,2,0,384,Microservices; Git; Docker; Spring Boot; AWS; SQL; Hibernate; Java; REST API; Maven; PostgreSQL; MySQL,Redis; Kafka,83.49,1
CAND_2763,Maya Rao,Frontend React Engineer,2,0.1538,5,2,2,7.5,1,B.Tech / B.E / B.S,1,11,1,518,Tailwind CSS; CSS3,React; JavaScript; TypeScript; Next.js; HTML5; Redux; REST API; GraphQL; Webpack; Vite; Git,42.86,0
CAND_2764,Rahul Rao,Cloud & DevOps Engineer,3,0.2308,6,2,1,4.0,2,M.Tech / M.S / Ph.D,2,10,1,519,Python; Git; GitHub Actions,Linux; Docker; Kubernetes; AWS; Terraform; CI/CD; Jenkins; Ansible; Bash; Prometheus,58.22,0
CAND_2765,Maya Anderson,Fullstack Software Engineer,10,0.7143,13,2,0,3.0,1,B.Tech / B.E / B.S,3,4,1,297,Git; PostgreSQL; React; HTML5; Spring Boot; REST API; Docker; TypeScript; MongoDB; Node.js,JavaScript; Java; SQL; CSS3,71.16,1
CAND_2766,David Miller,Fullstack Software Engineer,8,0.5714,10,3,0,0.8,1,B.Tech / B.E / B.S,2,6,1,413,SQL; Docker; REST API; HTML5; Spring Boot; PostgreSQL; React; Node.js,JavaScript; TypeScript; Java; MongoDB; Git; CSS3,66.41,1
CAND_2767,Aditi Wilson,Fullstack Software Engineer,7,0.5,11,4,1,0.8,1,B.Tech / B.E / B.S,2,7,0,539,PostgreSQL; Java; MongoDB; JavaScript; Git; Node.js; REST API,React; TypeScript; Spring Boot; SQL; Docker; HTML5; CSS3,56.33,0
CAND_2768,Michael Johnson,Mobile Application Developer,6,0.5,9,1,1,3.8,1,B.Tech / B.E / B.S,3,6,1,459,Swift; Android; SQLite; Firebase; Flutter; React Native,Dart; Kotlin; Java; REST API; Git; UI/UX,60.22,1
CAND_2769,Pooja Miller,Mobile Application Developer,3,0.25,7,3,0,0.2,1,B.Tech / B.E / B.S,6,9,1,504,Firebase; Android; SQLite,Flutter; Dart; React Native; Kotlin; Swift; Java; REST API; Git; UI/UX,55.03,0
CAND_2770,Sarah Reddy,Fullstack Software Engineer,7,0.5,8,1,0,1.0,2,M.Tech / M.S / Ph.D,3,7,1,328,Git; TypeScript; REST API; CSS3; React; MongoDB; PostgreSQL,JavaScript; Node.js; Java; Spring Boot; SQL; Docker; HTML5,50.9,0
CAND_2771,Rohan Davis,Backend Java Developer,13,0.9286,16,2,0,0.1,1,B.Tech / B.E / B.S,2,1,1,419,Hibernate; SQL; AWS; Kafka; MySQL; Redis; Java; Microservices; Git; Maven; REST API; PostgreSQL; Spring Boot,Docker,71.37,1
CAND_2772,Pooja Nair,Fullstack Software Engineer,2,0.1429,5,4,1,0.5,1,B.Tech / B.E / B.S,5,12,0,303,Java; REST API,React; JavaScript; TypeScript; Node.js; Spring Boot; SQL; PostgreSQL; MongoDB; Git; Docker; HTML5; CSS3,38.33,0
CAND_2773,Alex Brown,Fullstack Software Engineer,4,0.2857,5,1,3,1.6,1,B.Tech / B.E / B.S,3,10,0,276,Git; TypeScript; JavaScript; Node.js,React; Java; Spring Boot; SQL; PostgreSQL; MongoDB; REST API; Docker; HTML5; CSS3,37.8,0
CAND_2774,Elena Wilson,Backend Java Developer,6,0.4286,10,2,3,2.2,2,M.Tech / M.S / Ph.D,3,8,0,525,Java; MySQL; AWS; Docker; Microservices; Git,Spring Boot; REST API; SQL; PostgreSQL; Hibernate; Redis; Kafka; Maven,54.02,0
CAND_2775,Aditi Rao,Backend Java Developer,10,0.7143,11,1,2,1.5,1,B.Tech / B.E / B.S,2,4,1,336,REST API; PostgreSQL; Docker; Kafka; Hibernate; Maven; AWS; MySQL; Git; Java,Spring Boot; Microservices; SQL; Redis,61.52,1
CAND_2776,Sneha Nair,Backend Java Developer,9,0.6429,14,2,0,3.7,1,B.Tech / B.E / B.S,2,5,1,506,Microservices; AWS; Kafka; Git; Java; Hibernate; Redis; Maven; PostgreSQL,Spring Boot; REST API; SQL; MySQL; Docker,69.24,1
CAND_2777,Sarah Sharma,Mobile Application Developer,8,0.6667,11,2,1,0.5,2,M.Tech / M.S / Ph.D,4,4,1,323,REST API; Swift; UI/UX; Dart; Java; Android; Flutter; React Native,Kotlin; Firebase; SQLite; Git,71.49,1
CAND_2778,Sarah Miller,Mobile Application Developer,12,1.0,19,4,0,0.2,1,B.Tech / B.E / B.S,2,0,1,489,Java; Dart; Git; SQLite; Kotlin; Swift; React Native; Android; Firebase; UI/UX; Flutter; REST API,,80.54,1
CAND_2779,Sneha Sharma,Backend Java Developer,12,0.8571,15,1,1,6.8,1,B.Tech / B.E / B.S,4,2,1,388,Spring Boot; Kafka; Microservices; Docker; REST API; Hibernate; PostgreSQL; SQL; AWS; Git; Java; Redis,MySQL; Maven,76.48,1
CAND_2780,Priya Anderson,Cloud & DevOps Engineer,4,0.3077,9,2,2,2.3,1,B.Tech / B.E / B.S,4,9,0,151,Docker; Ansible; Linux; AWS,Kubernetes; Terraform; CI/CD; Jenkins; GitHub Actions; Python; Bash; Prometheus; Git,52.83,0
CAND_2781,Rahul Iyer,Frontend React Engineer,7,0.5385,8,2,2,4.6,2,M.Tech / M.S / Ph.D,2,6,1,249,TypeScript; Vite; Tailwind CSS; React; CSS3; GraphQL; HTML5,JavaScript; Next.js; Redux; REST API; Webpack; Git,63.7,1
CAND_2782,Aarav Reddy,Python / AI Engineer,8,0.6154,11,2,4,1.7,1,B.Tech / B.E / B.S,4,5,1,384,Computer Vision; Pandas; NLP; Docker; Python; REST API; SQL; PyTorch,TensorFlow; Scikit-Learn; NumPy; FastAPI; Git,66.87,1
CAND_2783,Alex Singh,Cloud & DevOps Engineer,4,0.3077,8,1,0,2.7,1,B.Tech / B.E / B.S,3,9,0,336,Git; AWS; Prometheus; GitHub Actions,Linux; Docker; Kubernetes; Terraform; CI/CD; Jenkins; Ansible; Python; Bash,40.82,0
CAND_2784,Elena Wilson,Backend Java Developer,7,0.5,8,2,0,1.2,1,B.Tech / B.E / B.S,3,7,0,648,Spring Boot; Microservices; MySQL; Redis; Docker; Maven; Git,Java; REST API; SQL; PostgreSQL; Hibernate; Kafka; AWS,50.83,0
CAND_2785,Vikram Davis,Backend Java Developer,8,0.5714,9,5,3,1.1,2,M.Tech / M.S / Ph.D,1,6,0,353,Maven; Git; Spring Boot; Hibernate; Redis; AWS; Microservices; Kafka,Java; REST API; SQL; PostgreSQL; MySQL; Docker,60.29,1
CAND_2786,Sarah Smith,Backend Java Developer,3,0.2143,6,1,0,0.8,1,B.Tech / B.E / B.S,1,11,1,505,Maven; SQL; MySQL,Java; Spring Boot; Microservices; REST API; PostgreSQL; Hibernate; Redis; Kafka; Docker; AWS; Git,29.88,0
CAND_2787,Aditi Brown,Fullstack Software Engineer,7,0.5,8,2,0,0.9,2,M.Tech / M.S / Ph.D,1,7,0,346,CSS3; Spring Boot; SQL; React; Node.js; HTML5; Docker,JavaScript; TypeScript; Java; PostgreSQL; MongoDB; REST API; Git,42.95,0
CAND_2788,Michael Thomas,Backend Java Developer,4,0.2857,7,1,2,1.2,1,B.Tech / B.E / B.S,6,10,1,621,AWS; Microservices; Hibernate; Kafka,Java; Spring Boot; REST API; SQL; PostgreSQL; MySQL; Redis; Docker; Git; Maven,52.65,0
CAND_2789,Daniel Brown,Mobile Application Developer,8,0.6667,12,1,1,5.7,1,B.Tech / B.E / B.S,4,4,1,324,Git; React Native; Android; REST API; Kotlin; SQLite; Flutter; Java,Dart; Swift; Firebase; UI/UX,63.2,1
CAND_2790,Maya Sharma,Cloud & DevOps Engineer,11,0.8462,17,2,0,2.7,1,B.Tech / B.E / B.S,3,2,1,295,Docker; Ansible; Git; Kubernetes; Linux; CI/CD; Python; AWS; Jenkins; GitHub Actions; Terraform,Bash; Prometheus,79.57,1
CAND_2791,Alex Rao,Python / AI Engineer,6,0.4615,11,2,3,2.2,0,Diploma / Associate,6,7,1,449,NLP; NumPy; Pandas; FastAPI; Docker; Git,Python; PyTorch; TensorFlow; Scikit-Learn; SQL; Computer Vision; REST API,68.3,1
CAND_2792,David Anderson,Mobile Application Developer,6,0.5,10,2,0,1.0,1,B.Tech / B.E / B.S,3,6,1,386,REST API; Git; SQLite; React Native; Firebase; UI/UX,Flutter; Dart; Android; Kotlin; Swift; Java,58.18,1
CAND_2793,Rohan Wilson,Frontend React Engineer,2,0.1538,4,2,4,1.6,1,B.Tech / B.E / B.S,2,11,0,564,REST API; Git,React; JavaScript; TypeScript; Next.js; HTML5; CSS3; Tailwind CSS; Redux; GraphQL; Webpack; Vite,33.9,0
CAND_2794,Maya Patel,Frontend React Engineer,4,0.3077,7,3,1,1.5,1,B.Tech / B.E / B.S,2,9,0,322,Webpack; HTML5; Vite; Git,React; JavaScript; TypeScript; Next.js; CSS3; Tailwind CSS; Redux; REST API; GraphQL,53.46,0
CAND_2795,Maya Davis,Backend Java Developer,12,0.8571,14,3,0,2.4,2,M.Tech / M.S / Ph.D,5,2,1,441,PostgreSQL; Maven; REST API; Kafka; AWS; Git; SQL; Spring Boot; Microservices; Hibernate; Docker; MySQL,Java; Redis,86.44,1
CAND_2796,Karthik Thomas,Cloud & DevOps Engineer,9,0.6923,12,2,0,1.7,1,B.Tech / B.E / B.S,2,4,1,410,Bash; Git; AWS; Python; Kubernetes; Terraform; Docker; CI/CD; Ansible,Linux; Jenkins; GitHub Actions; Prometheus,71.08,1
CAND_2797,Chloe Miller,Frontend React Engineer,7,0.5385,11,0,1,0.2,2,M.Tech / M.S / Ph.D,4,6,0,399,Next.js; Redux; GraphQL; REST API; TypeScript; JavaScript; CSS3,React; HTML5; Tailwind CSS; Webpack; Vite; Git,39.73,0
CAND_2798,Pooja Singh,Backend Java Developer,13,0.9286,18,1,3,2.6,1,B.Tech / B.E / B.S,3,1,0,302,Kafka; Git; Docker; PostgreSQL; Microservices; Hibernate; AWS; Spring Boot; REST API; Redis; Maven; SQL; MySQL,Java,71.18,1
CAND_2799,Chloe Chen,Backend Java Developer,6,0.4286,9,2,0,0.3,1,B.Tech / B.E / B.S,1,8,0,407,SQL; Kafka; Spring Boot; Maven; AWS; MySQL,Java; Microservices; REST API; PostgreSQL; Hibernate; Redis; Docker; Git,39.42,0
CAND_2800,Chloe Johnson,Fullstack Software Engineer,11,0.7857,15,3,0,1.3,2,M.Tech / M.S / Ph.D,4,3,0,456,JavaScript; Node.js; Java; PostgreSQL; Git; MongoDB; Docker; REST API; SQL; HTML5; CSS3,React; TypeScript; Spring Boot,77.16,1
CAND_2801,Karthik Verma,Cloud & DevOps Engineer,12,0.9231,17,2,2,0.8,1,B.Tech / B.E / B.S,2,1,0,492,Bash; GitHub Actions; Python; Docker; Prometheus; Jenkins; AWS; Kubernetes; Linux; Git; Terraform; CI/CD,Ansible,70.43,1
CAND_2802,Emily Verma,Fullstack Software Engineer,7,0.5,14,1,1,2.3,1,B.Tech / B.E / B.S,2,7,1,494,CSS3; JavaScript; Java; HTML5; MongoDB; REST API; Docker,React; TypeScript; Node.js; Spring Boot; SQL; PostgreSQL; Git,60.45,1
CAND_2803,Vikram Reddy,Mobile Application Developer,5,0.4167,12,2,1,4.0,1,B.Tech / B.E / B.S,1,7,1,479,Git; Java; Android; Flutter; REST API,Dart; React Native; Kotlin; Swift; Firebase; SQLite; UI/UX,63.87,1
CAND_2804,Aarav Reddy,Frontend React Engineer,3,0.2308,6,0,1,2.7,1,B.Tech / B.E / B.S,4,10,1,196,GraphQL; Vite; HTML5,React; JavaScript; TypeScript; Next.js; CSS3; Tailwind CSS; Redux; REST API; Webpack; Git,37.26,0
CAND_2805,Pooja Brown,Backend Java Developer,4,0.2857,9,1,1,1.1,1,B.Tech / B.E / B.S,1,10,0,366,REST API; Maven; Kafka; AWS,Java; Spring Boot; Microservices; SQL; PostgreSQL; MySQL; Hibernate; Redis; Docker; Git,30.5,0
CAND_2806,James Kumar,Python / AI Engineer,7,0.5385,12,2,0,0.1,1,B.Tech / B.E / B.S,4,6,1,344,NumPy; Scikit-Learn; TensorFlow; Python; Docker; Git; SQL,PyTorch; Pandas; FastAPI; NLP; Computer Vision; REST API,55.07,0
CAND_2807,Ananya Nair,Cloud & DevOps Engineer,2,0.1538,5,2,3,0.7,1,B.Tech / B.E / B.S,2,11,0,428,AWS; Ansible,Linux; Docker; Kubernetes; Terraform; CI/CD; Jenkins; GitHub Actions; Python; Bash; Prometheus; Git,34.72,0
CAND_2808,Maya Sharma,Backend Java Developer,9,0.6429,18,1,0,1.5,1,B.Tech / B.E / B.S,3,5,0,224,Spring Boot; Kafka; AWS; Git; SQL; Hibernate; Maven; Java; Redis,Microservices; REST API; PostgreSQL; MySQL; Docker,51.17,0
CAND_2809,Sarah Singh,Backend Java Developer,8,0.5714,12,2,1,0.9,1,B.Tech / B.E / B.S,1,6,1,409,Hibernate; Kafka; Microservices; AWS; REST API; SQL; Spring Boot; Java,PostgreSQL; MySQL; Redis; Docker; Git; Maven,54.88,0
CAND_2810,Ananya Rao,Cloud & DevOps Engineer,7,0.5385,9,2,0,0.2,1,B.Tech / B.E / B.S,1,6,0,561,Python; Git; Jenkins; GitHub Actions; AWS; Ansible; Linux,Docker; Kubernetes; Terraform; CI/CD; Bash; Prometheus,41.91,0
CAND_2811,Rohan Brown,Mobile Application Developer,3,0.25,5,1,2,0.5,1,B.Tech / B.E / B.S,4,9,0,472,Firebase; UI/UX; React Native,Flutter; Dart; Android; Kotlin; Swift; Java; REST API; SQLite; Git,33.87,0
CAND_2812,David Thomas,Cloud & DevOps Engineer,4,0.3077,9,1,2,0.9,1,B.Tech / B.E / B.S,1,9,1,294,Linux; Ansible; Terraform; AWS,Docker; Kubernetes; CI/CD; Jenkins; GitHub Actions; Python; Bash; Prometheus; Git,46.62,0
CAND_2813,Elena Brown,Python / AI Engineer,5,0.3846,10,2,3,1.0,1,B.Tech / B.E / B.S,2,8,1,665,NumPy; Git; Python; FastAPI; Docker,PyTorch; TensorFlow; Scikit-Learn; Pandas; SQL; NLP; Computer Vision; REST API,49.74,0
CAND_2814,Maya Johnson,Cloud & DevOps Engineer,6,0.4615,11,1,2,5.1,1,B.Tech / B.E / B.S,1,7,1,515,Python; AWS; CI/CD; Kubernetes; Docker; Jenkins,Linux; Terraform; GitHub Actions; Ansible; Bash; Prometheus; Git,55.38,0
CAND_2815,Priya Johnson,Backend Java Developer,8,0.5714,11,1,1,1.5,1,B.Tech / B.E / B.S,2,6,0,357,REST API; PostgreSQL; Git; MySQL; SQL; Maven; Kafka; Spring Boot,Java; Microservices; Hibernate; Redis; Docker; AWS,47.23,0
CAND_2816,David Thomas,Cloud & DevOps Engineer,4,0.3077,5,1,1,2.9,1,B.Tech / B.E / B.S,2,9,1,449,Linux; Bash; Python; AWS,Docker; Kubernetes; Terraform; CI/CD; Jenkins; GitHub Actions; Ansible; Prometheus; Git,47.62,0
CAND_2817,Rohan Taylor,Mobile Application Developer,8,0.6667,11,3,1,0.3,1,B.Tech / B.E / B.S,3,4,1,304,Flutter; Java; SQLite; Swift; REST API; Android; UI/UX; Git,Dart; React Native; Kotlin; Firebase,67.72,1
CAND_2818,Sarah Taylor,Cloud & DevOps Engineer,7,0.5385,12,0,1,1.8,1,B.Tech / B.E / B.S,2,6,1,544,Docker; Jenkins; Terraform; CI/CD; AWS; Bash; Kubernetes,Linux; GitHub Actions; Ansible; Python; Prometheus; Git,49.96,0
CAND_2819,Karthik Wilson,Backend Java Developer,7,0.5,12,2,0,0.6,1,B.Tech / B.E / B.S,1,7,0,418,Microservices; REST API; Kafka; Docker; Redis; AWS; Git,Java; Spring Boot; SQL; PostgreSQL; MySQL; Hibernate; Maven,51.17,0
CAND_2820,Aditi Johnson,Frontend React Engineer,6,0.4615,9,1,0,1.3,1,B.Tech / B.E / B.S,2,7,0,330,React; Next.js; JavaScript; TypeScript; Webpack; Git,HTML5; CSS3; Tailwind CSS; Redux; REST API; GraphQL; Vite,43.54,0
CAND_2821,Karthik Patel,Python / AI Engineer,3,0.2308,7,2,3,4.2,2,M.Tech / M.S / Ph.D,4,10,0,256,Pandas; FastAPI; TensorFlow,Python; PyTorch; Scikit-Learn; NumPy; SQL; Docker; NLP; Computer Vision; REST API; Git,51.2,0
CAND_2822,Pooja Iyer,Cloud & DevOps Engineer,9,0.6923,11,1,1,0.9,1,B.Tech / B.E / B.S,3,4,0,527,Terraform; Kubernetes; AWS; Jenkins; Git; Prometheus; Ansible; Linux; Docker,CI/CD; GitHub Actions; Python; Bash,59.41,1
CAND_2823,Rohan Thomas,Fullstack Software Engineer,7,0.5,9,1,0,1.5,1,B.Tech / B.E / B.S,1,7,0,384,REST API; Git; Docker; TypeScript; Java; MongoDB; PostgreSQL,React; JavaScript; Node.js; Spring Boot; SQL; HTML5; CSS3,46.74,0
CAND_2824,Sarah Nair,Backend Java Developer,8,0.5714,12,3,1,2.6,1,B.Tech / B.E / B.S,5,6,1,367,Java; Git; REST API; Kafka; Spring Boot; Docker; Redis; Microservices,SQL; PostgreSQL; MySQL; Hibernate; AWS; Maven,81.45,1
CAND_2825,Priya Miller,Fullstack Software Engineer,7,0.5,9,1,1,3.0,1,B.Tech / B.E / B.S,1,7,0,424,HTML5; PostgreSQL; MongoDB; Spring Boot; TypeScript; REST API; Docker,React; JavaScript; Node.js; Java; SQL; Git; CSS3,50.1,0
CAND_2826,Ananya Sharma,Frontend React Engineer,6,0.4615,10,3,0,0.9,2,M.Tech / M.S / Ph.D,3,7,0,479,TypeScript; HTML5; REST API; React; Webpack; GraphQL,JavaScript; Next.js; CSS3; Tailwind CSS; Redux; Vite; Git,60.97,1
CAND_2827,David Iyer,Backend Java Developer,4,0.2857,6,1,1,7.9,2,M.Tech / M.S / Ph.D,2,10,1,409,Java; Hibernate; Microservices; AWS,Spring Boot; REST API; SQL; PostgreSQL; MySQL; Redis; Kafka; Docker; Git; Maven,47.71,0
CAND_2828,Ananya Thomas,Frontend React Engineer,7,0.5385,12,0,2,4.1,1,B.Tech / B.E / B.S,1,6,0,302,GraphQL; HTML5; Redux; Next.js; Webpack; TypeScript; CSS3,React; JavaScript; Tailwind CSS; REST API; Vite; Git,42.77,0
CAND_2829,Sneha Singh,Backend Java Developer,6,0.4286,8,3,0,4.0,1,B.Tech / B.E / B.S,2,8,1,436,Docker; Kafka; Java; Spring Boot; MySQL; Microservices,REST API; SQL; PostgreSQL; Hibernate; Redis; AWS; Git; Maven,72.3,1
CAND_2830,Aarav Rao,Cloud & DevOps Engineer,3,0.2308,7,3,0,0.1,1,B.Tech / B.E / B.S,2,10,1,456,Ansible; GitHub Actions; Bash,Linux; Docker; Kubernetes; AWS; Terraform; CI/CD; Jenkins; Python; Prometheus; Git,42.37,0
CAND_2831,David Miller,Python / AI Engineer,6,0.4615,8,3,0,2.8,1,B.Tech / B.E / B.S,3,7,0,294,REST API; SQL; Docker; FastAPI; Computer Vision; NumPy,Python; PyTorch; TensorFlow; Scikit-Learn; Pandas; NLP; Git,67.21,1
CAND_2832,Maya Anderson,Mobile Application Developer,5,0.4167,9,2,1,0.2,1,B.Tech / B.E / B.S,6,7,0,606,UI/UX; Java; Kotlin; REST API; Git,Flutter; Dart; React Native; Android; Swift; Firebase; SQLite,55.97,0
CAND_2833,Priya Davis,Cloud & DevOps Engineer,6,0.4615,8,3,1,0.0,1,B.Tech / B.E / B.S,2,7,0,270,Kubernetes; Linux; AWS; Docker; CI/CD; Terraform,Jenkins; GitHub Actions; Ansible; Python; Bash; Prometheus; Git,46.91,0
CAND_2834,Sneha Thomas,Cloud & DevOps Engineer,1,0.0769,6,1,0,0.2,2,M.Tech / M.S / Ph.D,1,12,0,352,Jenkins,Linux; Docker; Kubernetes; AWS; Terraform; CI/CD; GitHub Actions; Ansible; Python; Bash; Prometheus; Git,24.32,0
CAND_2835,David Rao,Frontend React Engineer,11,0.8462,15,1,2,6.0,2,M.Tech / M.S / Ph.D,1,2,1,351,React; CSS3; Redux; Next.js; Git; GraphQL; Webpack; Vite; JavaScript; Tailwind CSS; TypeScript,HTML5; REST API,76.64,1
CAND_2836,Vikram Rao,Cloud & DevOps Engineer,4,0.3077,6,3,1,2.7,1,B.Tech / B.E / B.S,3,9,0,553,AWS; Kubernetes; Linux; Git,Docker; Terraform; CI/CD; Jenkins; GitHub Actions; Ansible; Python; Bash; Prometheus,50.61,0
CAND_2837,Michael Kumar,Cloud & DevOps Engineer,7,0.5385,11,4,3,0.1,1,B.Tech / B.E / B.S,2,6,1,678,Jenkins; GitHub Actions; Prometheus; CI/CD; AWS; Bash; Docker,Linux; Kubernetes; Terraform; Ansible; Python; Git,59.66,1
CAND_2838,Sarah Verma,Backend Java Developer,13,0.9286,19,2,1,1.6,1,B.Tech / B.E / B.S,2,1,1,289,Microservices; Docker; Spring Boot; SQL; PostgreSQL; Java; Kafka; REST API; MySQL; Hibernate; Redis; Maven; AWS,Git,82.18,1
CAND_2839,Emily Davis,Python / AI Engineer,7,0.5385,9,1,0,2.0,1,B.Tech / B.E / B.S,3,6,0,603,FastAPI; Python; Git; PyTorch; NumPy; Docker; NLP,TensorFlow; Scikit-Learn; Pandas; SQL; Computer Vision; REST API,50.48,0
CAND_2840,Pooja Davis,Backend Java Developer,1,0.0714,4,4,1,2.8,2,M.Tech / M.S / Ph.D,2,13,1,559,Java,Spring Boot; Microservices; REST API; SQL; PostgreSQL; MySQL; Hibernate; Redis; Kafka; Docker; AWS; Git; Maven,52.66,0
CAND_2841,Sneha Iyer,Mobile Application Developer,10,0.8333,16,2,0,1.0,1,B.Tech / B.E / B.S,2,2,0,239,UI/UX; REST API; Kotlin; Flutter; Git; SQLite; Dart; Java; React Native; Firebase,Android; Swift,62.14,1
CAND_2842,Michael Johnson,Frontend React Engineer,7,0.5385,9,2,0,0.2,1,B.Tech / B.E / B.S,1,6,1,279,Git; GraphQL; Redux; CSS3; Vite; HTML5; TypeScript,React; JavaScript; Next.js; Tailwind CSS; REST API; Webpack,41.62,0
CAND_2843,Aditi Davis,Python / AI Engineer,12,0.9231,14,1,0,2.5,1,B.Tech / B.E / B.S,3,1,0,633,PyTorch; FastAPI; REST API; SQL; Docker; Python; NumPy; Pandas; NLP; Computer Vision; Scikit-Learn; Git,TensorFlow,67.19,1
CAND_2844,Alex Taylor,Mobile Application Developer,9,0.75,12,3,0,6.3,1,B.Tech / B.E / B.S,3,3,1,490,UI/UX; Git; Kotlin; React Native; REST API; Java; Dart; Flutter; Android,Swift; Firebase; SQLite,84.91,1
CAND_2845,Karthik Johnson,Backend Java Developer,8,0.5714,11,3,0,0.4,2,M.Tech / M.S / Ph.D,4,6,0,494,Java; Maven; SQL; Git; Microservices; REST API; MySQL; AWS,Spring Boot; PostgreSQL; Hibernate; Redis; Kafka; Docker,63.78,1
CAND_2846,Rahul Brown,Backend Java Developer,9,0.6429,14,2,1,2.2,1,B.Tech / B.E / B.S,2,5,0,476,MySQL; Redis; Kafka; SQL; REST API; Java; Spring Boot; Hibernate; Git,Microservices; PostgreSQL; Docker; AWS; Maven,64.44,1
CAND_2847,Karthik Wilson,Fullstack Software Engineer,11,0.7857,13,1,0,0.2,1,B.Tech / B.E / B.S,2,3,0,680,Node.js; PostgreSQL; TypeScript; Git; HTML5; JavaScript; MongoDB; Spring Boot; CSS3; Docker; Java,React; SQL; REST API,51.39,0
CAND_2848,Elena Kumar,Python / AI Engineer,1,0.0769,4,4,1,0.1,1,B.Tech / B.E / B.S,2,12,1,538,Docker,Python; PyTorch; TensorFlow; Scikit-Learn; Pandas; NumPy; SQL; FastAPI; NLP; Computer Vision; REST API; Git,39.52,0
CAND_2849,Chloe Chen,Mobile Application Developer,11,0.9167,15,2,0,2.7,0,Diploma / Associate,3,1,1,392,Git; Swift; REST API; React Native; Kotlin; Java; Firebase; Dart; UI/UX; Flutter; Android,SQLite,79.42,1
CAND_2850,Elena Kumar,Frontend React Engineer,6,0.4615,8,1,0,0.9,2,M.Tech / M.S / Ph.D,4,7,0,526,REST API; HTML5; Redux; Tailwind CSS; React; Vite,JavaScript; TypeScript; Next.js; CSS3; GraphQL; Webpack; Git,45.24,0
CAND_2851,Karthik Reddy,Backend Java Developer,2,0.1429,6,5,0,6.4,1,B.Tech / B.E / B.S,3,12,1,150,Redis; REST API,Java; Spring Boot; Microservices; SQL; PostgreSQL; MySQL; Hibernate; Kafka; Docker; AWS; Git; Maven,56.96,0
CAND_2852,Ananya Singh,Cloud & DevOps Engineer,9,0.6923,11,3,2,2.3,1,B.Tech / B.E / B.S,3,4,1,339,Kubernetes; Docker; Ansible; Bash; CI/CD; Jenkins; Python; AWS; GitHub Actions,Linux; Terraform; Prometheus; Git,75.31,1
CAND_2853,James Chen,Frontend React Engineer,5,0.3846,10,2,0,2.4,1,B.Tech / B.E / B.S,3,8,1,463,JavaScript; Next.js; TypeScript; GraphQL; Redux,React; HTML5; CSS3; Tailwind CSS; REST API; Webpack; Vite; Git,59.65,1
CAND_2854,Rohan Chen,Fullstack Software Engineer,11,0.7857,13,3,0,0.2,1,B.Tech / B.E / B.S,3,3,1,622,SQL; CSS3; HTML5; TypeScript; Docker; PostgreSQL; React; Git; REST API; MongoDB; Spring Boot,JavaScript; Node.js; Java,70.92,1
CAND_2855,Ananya Wilson,Cloud & DevOps Engineer,6,0.4615,16,2,1,3.3,2,M.Tech / M.S / Ph.D,1,7,0,436,Jenkins; Python; AWS; Git; Prometheus; Bash,Linux; Docker; Kubernetes; Terraform; CI/CD; GitHub Actions; Ansible,64.13,1
CAND_2856,Pooja Singh,Python / AI Engineer,9,0.6923,15,3,2,2.8,1,B.Tech / B.E / B.S,2,4,0,358,Git; TensorFlow; NumPy; REST API; Computer Vision; SQL; FastAPI; Python; Docker,PyTorch; Scikit-Learn; Pandas; NLP,78.63,1
CAND_2857,Rohan Patel,Mobile Application Developer,7,0.5833,10,4,1,1.6,1,B.Tech / B.E / B.S,1,5,0,704,Flutter; React Native; REST API; Java; Firebase; UI/UX; Swift,Dart; Android; Kotlin; SQLite; Git,65.53,1
CAND_2858,Vikram Verma,Fullstack Software Engineer,2,0.1429,6,1,1,1.2,1,B.Tech / B.E / B.S,3,12,1,697,PostgreSQL; TypeScript,React; JavaScript; Node.js; Java; Spring Boot; SQL; MongoDB; REST API; Git; Docker; HTML5; CSS3,27.69,0
CAND_2859,Aditi Iyer,Frontend React Engineer,8,0.6154,11,2,3,1.3,1,B.Tech / B.E / B.S,3,5,1,260,CSS3; Webpack; Vite; Git; JavaScript; React; REST API; TypeScript,Next.js; HTML5; Tailwind CSS; Redux; GraphQL,61.35,1
CAND_2860,Alex Reddy,Fullstack Software Engineer,6,0.4286,9,3,1,0.9,2,M.Tech / M.S / Ph.D,1,8,0,400,REST API; JavaScript; React; CSS3; Docker; Node.js,TypeScript; Java; Spring Boot; SQL; PostgreSQL; MongoDB; Git; HTML5,58.04,1
CAND_2861,Priya Johnson,Cloud & DevOps Engineer,11,0.8462,12,4,0,2.6,1,B.Tech / B.E / B.S,4,2,1,537,Docker; Terraform; Python; Prometheus; Ansible; Git; Jenkins; Bash; Kubernetes; GitHub Actions; Linux,AWS; CI/CD,81.0,1
CAND_2862,Michael Thomas,Frontend React Engineer,7,0.5385,11,1,0,1.5,1,B.Tech / B.E / B.S,2,6,0,389,TypeScript; Webpack; REST API; JavaScript; Redux; Next.js; CSS3,React; HTML5; Tailwind CSS; GraphQL; Vite; Git,48.47,0
CAND_2863,Pooja Verma,Cloud & DevOps Engineer,4,0.3077,6,2,0,0.4,1,B.Tech / B.E / B.S,2,9,1,592,CI/CD; Bash; Kubernetes; GitHub Actions,Linux; Docker; AWS; Terraform; Jenkins; Ansible; Python; Prometheus; Git,42.94,0
CAND_2864,Michael Smith,Python / AI Engineer,2,0.1538,6,1,0,5.9,1,B.Tech / B.E / B.S,3,11,1,485,Pandas; Git,Python; PyTorch; TensorFlow; Scikit-Learn; NumPy; SQL; FastAPI; Docker; NLP; Computer Vision; REST API,39.04,0
CAND_2865,David Brown,Backend Java Developer,5,0.3571,6,3,0,5.2,1,B.Tech / B.E / B.S,2,9,1,428,Git; SQL; Docker; PostgreSQL; REST API,Java; Spring Boot; Microservices; MySQL; Hibernate; Redis; Kafka; AWS; Maven,59.58,1
CAND_2866,Ananya Taylor,Backend Java Developer,6,0.4286,9,2,2,1.7,2,M.Tech / M.S / Ph.D,4,8,1,392,AWS; Microservices; Java; Spring Boot; Maven; Docker,REST API; SQL; PostgreSQL; MySQL; Hibernate; Redis; Kafka; Git,57.33,0
CAND_2867,Vikram Reddy,Cloud & DevOps Engineer,3,0.2308,9,1,3,0.8,1,B.Tech / B.E / B.S,2,10,1,303,Kubernetes; Git; Docker,Linux; AWS; Terraform; CI/CD; Jenkins; GitHub Actions; Ansible; Python; Bash; Prometheus,39.96,0
CAND_2868,Pooja Chen,Mobile Application Developer,6,0.5,11,2,0,0.3,2,M.Tech / M.S / Ph.D,4,6,1,290,Swift; SQLite; Android; Firebase; Java; Git,Flutter; Dart; React Native; Kotlin; REST API; UI/UX,58.02,1
CAND_2869,Sneha Miller,Mobile Application Developer,7,0.5833,8,1,0,0.4,1,B.Tech / B.E / B.S,2,5,0,327,SQLite; Kotlin; Android; Firebase; Flutter; React Native; Dart,Swift; Java; REST API; Git; UI/UX,48.01,0
CAND_2870,David Gupta,Frontend React Engineer,12,0.9231,16,0,1,6.7,1,B.Tech / B.E / B.S,1,1,1,393,JavaScript; React; Vite; HTML5; Tailwind CSS; TypeScript; REST API; Next.js; CSS3; GraphQL; Redux; Git,Webpack,73.29,1
CAND_2871,Michael Iyer,Frontend React Engineer,6,0.4615,10,2,1,0.5,1,B.Tech / B.E / B.S,2,7,1,323,Vite; Git; Tailwind CSS; CSS3; TypeScript; React,JavaScript; Next.js; HTML5; Redux; REST API; GraphQL; Webpack,59.14,1
CAND_2872,Priya Kumar,Cloud & DevOps Engineer,8,0.6154,10,4,1,0.9,1,B.Tech / B.E / B.S,1,5,1,594,Docker; GitHub Actions; CI/CD; Kubernetes; Linux; Python; Git; Terraform,AWS; Jenkins; Ansible; Bash; Prometheus,70.64,1
CAND_2873,Maya Wilson,Frontend React Engineer,9,0.6923,14,1,0,1.9,1,B.Tech / B.E / B.S,4,4,0,388,Next.js; Vite; TypeScript; Tailwind CSS; React; REST API; CSS3; Webpack; GraphQL,JavaScript; HTML5; Redux; Git,61.11,1
CAND_2874,Maya Smith,Frontend React Engineer,3,0.2308,6,0,0,0.1,1,B.Tech / B.E / B.S,3,10,0,330,React; JavaScript; Redux,TypeScript; Next.js; HTML5; CSS3; Tailwind CSS; REST API; GraphQL; Webpack; Vite; Git,21.29,0
CAND_2875,Daniel Gupta,Backend Java Developer,7,0.5,8,4,1,0.4,0,Diploma / Associate,2,7,0,419,Microservices; PostgreSQL; Docker; AWS; Redis; SQL; MySQL,Java; Spring Boot; REST API; Hibernate; Kafka; Git; Maven,54.31,0
CAND_2876,Daniel Anderson,Python / AI Engineer,8,0.6154,11,0,0,4.8,1,B.Tech / B.E / B.S,3,5,0,499,NLP; Scikit-Learn; SQL; Python; FastAPI; Pandas; Docker; REST API,PyTorch; TensorFlow; NumPy; Computer Vision; Git,60.6,1
CAND_2877,Aditi Rao,Frontend React Engineer,5,0.3846,7,2,4,1.8,1,B.Tech / B.E / B.S,1,8,1,557,React; Tailwind CSS; GraphQL; JavaScript; Redux,TypeScript; Next.js; HTML5; CSS3; REST API; Webpack; Vite; Git,54.27,0
CAND_2878,Sarah Taylor,Python / AI Engineer,6,0.4615,9,4,0,1.4,2,M.Tech / M.S / Ph.D,2,7,1,196,NLP; Scikit-Learn; NumPy; Git; REST API; FastAPI,Python; PyTorch; TensorFlow; Pandas; SQL; Docker; Computer Vision,63.7,1
CAND_2879,Karthik Rao,Mobile Application Developer,8,0.6667,11,1,1,2.5,1,B.Tech / B.E / B.S,4,4,0,331,Flutter; Android; SQLite; Kotlin; Java; React Native; UI/UX; REST API,Dart; Swift; Firebase; Git,60.2,1
CAND_2880,Ananya Verma,Backend Java Developer,5,0.3571,6,0,1,1.8,1,B.Tech / B.E / B.S,3,9,0,472,Maven; Hibernate; REST API; MySQL; Java,Spring Boot; Microservices; SQL; PostgreSQL; Redis; Kafka; Docker; AWS; Git,30.72,0
CAND_2881,Sarah Verma,Fullstack Software Engineer,7,0.5,9,3,1,0.7,2,M.Tech / M.S / Ph.D,4,7,1,361,HTML5; CSS3; Java; MongoDB; Git; SQL; React,JavaScript; TypeScript; Node.js; Spring Boot; PostgreSQL; REST API; Docker,71.0,1
CAND_2882,Daniel Rao,Python / AI Engineer,10,0.7692,13,3,0,0.9,1,B.Tech / B.E / B.S,2,3,1,478,Computer Vision; Python; FastAPI; NLP; Scikit-Learn; Pandas; SQL; REST API; PyTorch; Docker,TensorFlow; NumPy; Git,70.98,1
CAND_2883,Chloe Chen,Backend Java Developer,7,0.5,8,2,1,11.0,1,B.Tech / B.E / B.S,3,7,0,509,Redis; Docker; REST API; Java; MySQL; Spring Boot; PostgreSQL,Microservices; SQL; Hibernate; Kafka; AWS; Git; Maven,59.44,1
CAND_2884,Ananya Wilson,Fullstack Software Engineer,9,0.6429,16,5,1,1.2,1,B.Tech / B.E / B.S,3,5,1,675,JavaScript; TypeScript; Docker; Java; HTML5; Git; MongoDB; Node.js; CSS3,React; Spring Boot; SQL; PostgreSQL; REST API,73.78,1
CAND_2885,Sarah Gupta,Mobile Application Developer,8,0.6667,13,1,0,4.3,1,B.Tech / B.E / B.S,1,4,1,287,React Native; Swift; Dart; Kotlin; REST API; Firebase; Git; Java,Flutter; Android; SQLite; UI/UX,67.45,1
CAND_2886,Rohan Patel,Backend Java Developer,11,0.7857,14,3,4,0.3,0,Diploma / Associate,3,3,1,439,Maven; Spring Boot; Java; REST API; Git; SQL; Microservices; AWS; Docker; Hibernate; MySQL,PostgreSQL; Redis; Kafka,71.36,1
CAND_2887,Daniel Miller,Cloud & DevOps Engineer,3,0.2308,6,2,0,0.9,0,Diploma / Associate,5,10,1,432,Ansible; Docker; GitHub Actions,Linux; Kubernetes; AWS; Terraform; CI/CD; Jenkins; Python; Bash; Prometheus; Git,40.36,0
CAND_2888,Maya Kumar,Fullstack Software Engineer,7,0.5,13,2,0,0.8,1,B.Tech / B.E / B.S,2,7,1,414,Spring Boot; HTML5; JavaScript; CSS3; TypeScript; SQL; Node.js,React; Java; PostgreSQL; MongoDB; REST API; Git; Docker,56.46,0
CAND_2889,Chloe Kumar,Mobile Application Developer,7,0.5833,9,3,1,2.1,1,B.Tech / B.E / B.S,3,5,1,346,Flutter; SQLite; Dart; Git; React Native; REST API; Firebase,Android; Kotlin; Swift; Java; UI/UX,75.87,1
CAND_2890,Priya Davis,Mobile Application Developer,5,0.4167,8,1,0,1.0,1,B.Tech / B.E / B.S,3,7,1,403,REST API; Android; Firebase; Swift; Flutter,Dart; React Native; Kotlin; Java; SQLite; Git; UI/UX,38.89,0
CAND_2891,Alex Johnson,Cloud & DevOps Engineer,10,0.7692,14,2,2,2.2,1,B.Tech / B.E / B.S,3,3,1,526,Docker; Ansible; Jenkins; AWS; Kubernetes; Python; Terraform; CI/CD; GitHub Actions; Linux,Bash; Prometheus; Git,77.7,1
CAND_2892,Ananya Wilson,Python / AI Engineer,8,0.6154,12,2,1,0.2,1,B.Tech / B.E / B.S,3,5,1,351,Git; FastAPI; SQL; NumPy; NLP; Scikit-Learn; Python; Computer Vision,PyTorch; TensorFlow; Pandas; Docker; REST API,61.1,1
CAND_2893,Michael Gupta,Fullstack Software Engineer,9,0.6429,10,2,1,0.3,1,B.Tech / B.E / B.S,5,5,0,313,REST API; Spring Boot; React; Git; HTML5; CSS3; SQL; MongoDB; Docker,JavaScript; TypeScript; Node.js; Java; PostgreSQL,57.84,0
CAND_2894,Alex Taylor,Fullstack Software Engineer,8,0.5714,12,2,0,9.5,1,B.Tech / B.E / B.S,3,6,1,289,TypeScript; JavaScript; REST API; MongoDB; Git; HTML5; CSS3; Node.js,React; Java; Spring Boot; SQL; PostgreSQL; Docker,63.13,1
CAND_2895,Elena Miller,Python / AI Engineer,4,0.3077,6,0,0,3.8,1,B.Tech / B.E / B.S,2,9,0,521,REST API; NumPy; PyTorch; NLP,Python; TensorFlow; Scikit-Learn; Pandas; SQL; FastAPI; Docker; Computer Vision; Git,35.26,0
CAND_2896,Aditi Chen,Backend Java Developer,10,0.7143,16,1,0,2.7,1,B.Tech / B.E / B.S,3,4,1,290,SQL; Redis; MySQL; Maven; Java; Spring Boot; Kafka; Microservices; PostgreSQL; Git,REST API; Hibernate; Docker; AWS,70.84,1
CAND_2897,Karthik Johnson,Backend Java Developer,6,0.4286,10,3,3,0.3,1,B.Tech / B.E / B.S,4,8,1,543,SQL; PostgreSQL; MySQL; Spring Boot; Redis; Git,Java; Microservices; REST API; Hibernate; Kafka; Docker; AWS; Maven,62.42,1
CAND_2898,Rohan Wilson,Frontend React Engineer,5,0.3846,7,3,2,4.1,1,B.Tech / B.E / B.S,2,8,0,514,Vite; HTML5; Tailwind CSS; React; GraphQL,JavaScript; TypeScript; Next.js; CSS3; Redux; REST API; Webpack; Git,66.29,1
CAND_2899,Pooja Chen,Backend Java Developer,2,0.1429,4,3,0,1.5,2,M.Tech / M.S / Ph.D,1,12,1,460,AWS; Spring Boot,Java; Microservices; REST API; SQL; PostgreSQL; MySQL; Hibernate; Redis; Kafka; Docker; Git; Maven,46.75,0
CAND_2900,Vikram Davis,Python / AI Engineer,8,0.6154,10,2,0,2.6,1,B.Tech / B.E / B.S,3,5,1,551,NLP; PyTorch; NumPy; REST API; Git; Pandas; SQL; TensorFlow,Python; Scikit-Learn; FastAPI; Docker; Computer Vision,62.38,1
CAND_2901,Alex Reddy,Backend Java Developer,10,0.7143,12,0,2,0.2,2,M.Tech / M.S / Ph.D,2,4,0,403,Kafka; REST API; Maven; Spring Boot; Git; Java; SQL; Microservices; Hibernate; PostgreSQL,MySQL; Redis; Docker; AWS,50.6,0
CAND_2902,Rohan Miller,Python / AI Engineer,3,0.2308,7,2,4,1.0,1,B.Tech / B.E / B.S,4,10,1,373,REST API; Docker; Pandas,Python; PyTorch; TensorFlow; Scikit-Learn; NumPy; SQL; FastAPI; NLP; Computer Vision; Git,43.06,0
CAND_2903,Chloe Rao,Fullstack Software Engineer,7,0.5,10,2,0,0.7,1,B.Tech / B.E / B.S,1,7,1,315,SQL; HTML5; React; Java; CSS3; JavaScript; Spring Boot,TypeScript; Node.js; PostgreSQL; MongoDB; REST API; Git; Docker,53.47,0
CAND_2904,Karthik Verma,Backend Java Developer,8,0.5714,10,5,0,3.8,1,B.Tech / B.E / B.S,1,6,1,424,Spring Boot; Maven; Kafka; Java; Git; Hibernate; Docker; REST API,Microservices; SQL; PostgreSQL; MySQL; Redis; AWS,68.76,1
CAND_2905,Emily Johnson,Python / AI Engineer,1,0.0769,3,2,0,2.4,1,B.Tech / B.E / B.S,2,12,0,556,PyTorch,Python; TensorFlow; Scikit-Learn; Pandas; NumPy; SQL; FastAPI; Docker; NLP; Computer Vision; REST API; Git,30.87,0
CAND_2906,Karthik Nair,Python / AI Engineer,4,0.3077,6,2,1,2.3,1,B.Tech / B.E / B.S,3,9,0,410,Docker; Scikit-Learn; PyTorch; NumPy,Python; TensorFlow; Pandas; SQL; FastAPI; NLP; Computer Vision; REST API; Git,46.26,0
CAND_2907,Priya Nair,Mobile Application Developer,1,0.0833,4,2,0,0.1,1,B.Tech / B.E / B.S,3,11,0,503,SQLite,Flutter; Dart; React Native; Android; Kotlin; Swift; Java; Firebase; REST API; Git; UI/UX,27.65,0
CAND_2908,Sneha Sharma,Cloud & DevOps Engineer,9,0.6923,16,3,0,0.8,1,B.Tech / B.E / B.S,2,4,1,528,AWS; Prometheus; Kubernetes; Bash; Ansible; Git; GitHub Actions; Linux; Terraform,Docker; CI/CD; Jenkins; Python,68.92,1
CAND_2909,Karthik Anderson,Mobile Application Developer,11,0.9167,13,1,1,1.7,1,B.Tech / B.E / B.S,3,1,0,409,Android; Firebase; REST API; UI/UX; Flutter; SQLite; Dart; Kotlin; Java; Git; Swift,React Native,65.4,1
CAND_2910,Emily Iyer,Cloud & DevOps Engineer,6,0.4615,8,1,0,0.9,1,B.Tech / B.E / B.S,2,7,1,482,Python; Jenkins; Git; Terraform; Bash; AWS,Linux; Docker; Kubernetes; CI/CD; GitHub Actions; Ansible; Prometheus,46.2,0
CAND_2911,Maya Reddy,Mobile Application Developer,2,0.1667,4,3,3,3.3,2,M.Tech / M.S / Ph.D,3,10,1,549,Java; Kotlin,Flutter; Dart; React Native; Android; Swift; Firebase; REST API; SQLite; Git; UI/UX,62.64,0
CAND_2912,Maya Wilson,Fullstack Software Engineer,8,0.5714,12,3,0,3.5,0,Diploma / Associate,3,6,0,637,JavaScript; SQL; REST API; Node.js; Java; TypeScript; MongoDB; HTML5,React; Spring Boot; PostgreSQL; Git; Docker; CSS3,67.98,1
CAND_2913,James Reddy,Mobile Application Developer,6,0.5,9,2,0,1.1,2,M.Tech / M.S / Ph.D,2,6,0,541,Android; React Native; Flutter; UI/UX; REST API; Swift,Dart; Kotlin; Java; Firebase; SQLite; Git,49.86,0
CAND_2914,Aditi Patel,Mobile Application Developer,1,0.0833,3,2,1,1.1,1,B.Tech / B.E / B.S,6,11,1,283,Java,Flutter; Dart; React Native; Android; Kotlin; Swift; Firebase; REST API; SQLite; Git; UI/UX,40.51,0
CAND_2915,Vikram Gupta,Frontend React Engineer,11,0.8462,16,0,0,1.6,1,B.Tech / B.E / B.S,1,2,1,322,JavaScript; GraphQL; React; Next.js; Git; Webpack; Vite; Redux; TypeScript; REST API; Tailwind CSS,HTML5; CSS3,56.05,0
CAND_2916,Vikram Iyer,Mobile Application Developer,11,0.9167,14,2,1,5.8,1,B.Tech / B.E / B.S,3,1,0,543,Git; Dart; Swift; SQLite; Java; Android; REST API; Kotlin; React Native; UI/UX; Flutter,Firebase,83.1,1
CAND_2917,Vikram Gupta,Cloud & DevOps Engineer,4,0.3077,9,1,0,1.9,2,M.Tech / M.S / Ph.D,1,9,0,545,CI/CD; AWS; Bash; Prometheus,Linux; Docker; Kubernetes; Terraform; Jenkins; GitHub Actions; Ansible; Python; Git,37.4,0
CAND_2918,Elena Wilson,Frontend React Engineer,7,0.5385,9,1,2,2.7,2,M.Tech / M.S / Ph.D,1,6,1,329,Tailwind CSS; React; HTML5; Vite; Git; Redux; JavaScript,TypeScript; Next.js; CSS3; REST API; GraphQL; Webpack,54.17,0
CAND_2919,Aditi Verma,Mobile Application Developer,9,0.75,17,3,1,6.1,1,B.Tech / B.E / B.S,6,3,0,406,Firebase; REST API; Kotlin; Android; Java; Flutter; React Native; Dart; Swift,SQLite; Git; UI/UX,86.63,1
CAND_2920,Karthik Nair,Cloud & DevOps Engineer,9,0.6923,12,4,1,3.4,0,Diploma / Associate,3,4,0,186,Git; Linux; GitHub Actions; Ansible; Docker; Bash; Kubernetes; Jenkins; Python,AWS; Terraform; CI/CD; Prometheus,74.99,1
CAND_2921,Michael Gupta,Mobile Application Developer,7,0.5833,11,2,2,0.9,1,B.Tech / B.E / B.S,3,5,1,421,Kotlin; Firebase; Java; UI/UX; React Native; Android; Dart,Flutter; Swift; REST API; SQLite; Git,59.15,1
CAND_2922,Michael Iyer,Fullstack Software Engineer,6,0.4286,12,2,2,4.2,1,B.Tech / B.E / B.S,4,8,0,282,HTML5; Node.js; Git; PostgreSQL; SQL; CSS3,React; JavaScript; TypeScript; Java; Spring Boot; MongoDB; REST API; Docker,65.75,1
CAND_2923,Chloe Davis,Mobile Application Developer,4,0.3333,6,4,0,0.5,2,M.Tech / M.S / Ph.D,1,8,0,485,React Native; Dart; Kotlin; Swift,Flutter; Android; Java; Firebase; REST API; SQLite; Git; UI/UX,38.74,0
CAND_2924,Daniel Kumar,Mobile Application Developer,1,0.0833,5,4,0,0.9,1,B.Tech / B.E / B.S,2,11,1,393,Dart,Flutter; React Native; Android; Kotlin; Swift; Java; Firebase; REST API; SQLite; Git; UI/UX,39.23,0
CAND_2925,Karthik Davis,Frontend React Engineer,10,0.7692,10,4,2,7.3,1,B.Tech / B.E / B.S,3,3,1,376,Vite; Tailwind CSS; React; JavaScript; GraphQL; Next.js; TypeScript; Git; REST API; HTML5,CSS3; Redux; Webpack,88.12,1
CAND_2926,Elena Davis,Fullstack Software Engineer,13,0.9286,17,2,0,0.5,1,B.Tech / B.E / B.S,2,1,0,303,TypeScript; React; Spring Boot; MongoDB; SQL; Docker; HTML5; Node.js; JavaScript; Git; PostgreSQL; CSS3; Java,REST API,67.74,1
CAND_2927,Sarah Kumar,Mobile Application Developer,4,0.3333,7,2,0,1.9,1,B.Tech / B.E / B.S,2,8,1,414,Kotlin; SQLite; Android; Java,Flutter; Dart; React Native; Swift; Firebase; REST API; Git; UI/UX,51.49,0
CAND_2928,Maya Anderson,Python / AI Engineer,6,0.4615,9,4,0,0.3,1,B.Tech / B.E / B.S,3,7,0,502,NumPy; PyTorch; SQL; FastAPI; Scikit-Learn; Docker,Python; TensorFlow; Pandas; NLP; Computer Vision; REST API; Git,51.64,0
CAND_2929,Alex Verma,Frontend React Engineer,11,0.8462,11,2,0,5.1,2,M.Tech / M.S / Ph.D,3,2,0,410,CSS3; Redux; Next.js; REST API; Git; Vite; JavaScript; Webpack; HTML5; React; TypeScript,Tailwind CSS; GraphQL,81.79,1
CAND_2930,Rohan Reddy,Python / AI Engineer,5,0.3846,8,3,0,0.5,1,B.Tech / B.E / B.S,3,8,1,396,TensorFlow; Scikit-Learn; SQL; Python; REST API,PyTorch; Pandas; NumPy; FastAPI; Docker; NLP; Computer Vision; Git,45.68,0
CAND_2931,Michael Brown,Python / AI Engineer,2,0.1538,5,2,0,12.0,1,B.Tech / B.E / B.S,3,11,1,551,REST API; PyTorch,Python; TensorFlow; Scikit-Learn; Pandas; NumPy; SQL; FastAPI; Docker; NLP; Computer Vision; Git,46.02,0
CAND_2932,Sneha Miller,Cloud & DevOps Engineer,6,0.4615,10,0,1,1.3,0,Diploma / Associate,1,7,1,470,Prometheus; Kubernetes; AWS; Bash; Python; CI/CD,Linux; Docker; Terraform; Jenkins; GitHub Actions; Ansible; Git,37.82,0
CAND_2933,Sneha Verma,Frontend React Engineer,8,0.6154,8,2,0,2.3,1,B.Tech / B.E / B.S,2,5,1,475,React; GraphQL; Tailwind CSS; JavaScript; HTML5; Redux; Vite; Git,TypeScript; Next.js; CSS3; REST API; Webpack,67.89,1
CAND_2934,Alex Singh,Python / AI Engineer,4,0.3077,9,2,2,1.6,1,B.Tech / B.E / B.S,2,9,1,368,PyTorch; Git; Pandas; NLP,Python; TensorFlow; Scikit-Learn; NumPy; SQL; FastAPI; Docker; Computer Vision; REST API,54.6,0
CAND_2935,Chloe Singh,Fullstack Software Engineer,4,0.2857,6,2,0,2.2,1,B.Tech / B.E / B.S,2,10,1,386,PostgreSQL; Docker; Java; MongoDB,React; JavaScript; TypeScript; Node.js; Spring Boot; SQL; REST API; Git; HTML5; CSS3,44.99,0
CAND_2936,Priya Sharma,Cloud & DevOps Engineer,11,0.8462,17,4,0,1.2,1,B.Tech / B.E / B.S,2,2,0,439,AWS; Jenkins; CI/CD; Docker; Python; Git; Terraform; Kubernetes; Linux; GitHub Actions; Bash,Ansible; Prometheus,73.3,1
CAND_2937,Emily Smith,Cloud & DevOps Engineer,8,0.6154,12,3,1,0.6,1,B.Tech / B.E / B.S,2,5,0,579,Ansible; Prometheus; Kubernetes; Linux; Docker; Python; CI/CD; Bash,AWS; Terraform; Jenkins; GitHub Actions; Git,64.4,1
CAND_2938,Rahul Nair,Backend Java Developer,5,0.3571,6,3,2,1.2,1,B.Tech / B.E / B.S,1,9,0,380,REST API; AWS; Java; Microservices; Maven,Spring Boot; SQL; PostgreSQL; MySQL; Hibernate; Redis; Kafka; Docker; Git,52.47,0
CAND_2939,Rahul Gupta,Backend Java Developer,2,0.1429,4,1,0,2.4,1,B.Tech / B.E / B.S,4,12,1,297,SQL; Hibernate,Java; Spring Boot; Microservices; REST API; PostgreSQL; MySQL; Redis; Kafka; Docker; AWS; Git; Maven,34.78,0
CAND_2940,Aditi Taylor,Backend Java Developer,7,0.5,10,1,1,7.7,1,B.Tech / B.E / B.S,1,7,1,397,Kafka; Microservices; Java; Spring Boot; REST API; PostgreSQL; SQL,MySQL; Hibernate; Redis; Docker; AWS; Git; Maven,55.8,0
CAND_2941,Sarah Iyer,Mobile Application Developer,9,0.75,10,2,1,0.4,2,M.Tech / M.S / Ph.D,2,3,1,224,Dart; React Native; Firebase; Java; Flutter; UI/UX; Git; SQLite; REST API,Android; Kotlin; Swift,63.89,1
CAND_2942,Sarah Reddy,Fullstack Software Engineer,1,0.0714,5,3,1,0.0,0,Diploma / Associate,5,13,0,150,HTML5,React; JavaScript; TypeScript; Node.js; Java; Spring Boot; SQL; PostgreSQL; MongoDB; REST API; Git; Docker; CSS3,44.98,0
CAND_2943,Priya Gupta,Fullstack Software Engineer,6,0.4286,7,2,1,4.0,1,B.Tech / B.E / B.S,4,8,0,305,TypeScript; SQL; JavaScript; HTML5; Node.js; CSS3,React; Java; Spring Boot; PostgreSQL; MongoDB; REST API; Git; Docker,59.01,1
CAND_2944,Karthik Davis,Mobile Application Developer,7,0.5833,8,3,1,2.0,2,M.Tech / M.S / Ph.D,1,5,1,421,REST API; Git; UI/UX; Swift; Firebase; Dart; Kotlin,Flutter; React Native; Android; Java; SQLite,73.33,1
CAND_2945,Chloe Anderson,Backend Java Developer,11,0.7857,16,2,1,0.5,1,B.Tech / B.E / B.S,1,3,1,322,Hibernate; MySQL; Microservices; Kafka; Maven; SQL; PostgreSQL; AWS; Redis; Spring Boot; Java,REST API; Docker; Git,70.17,1
CAND_2946,Rahul Johnson,Frontend React Engineer,8,0.6154,11,2,0,1.4,1,B.Tech / B.E / B.S,1,5,0,414,Tailwind CSS; REST API; Redux; JavaScript; GraphQL; TypeScript; React; Vite,Next.js; HTML5; CSS3; Webpack; Git,55.53,0
CAND_2947,Chloe Reddy,Python / AI Engineer,6,0.4615,14,1,1,2.6,1,B.Tech / B.E / B.S,4,7,0,263,FastAPI; SQL; Computer Vision; NLP; TensorFlow; Python,PyTorch; Scikit-Learn; Pandas; NumPy; Docker; REST API; Git,59.39,1
CAND_2948,Daniel Nair,Python / AI Engineer,3,0.2308,6,4,0,0.4,1,B.Tech / B.E / B.S,1,10,0,446,Scikit-Learn; TensorFlow; Git,Python; PyTorch; Pandas; NumPy; SQL; FastAPI; Docker; NLP; Computer Vision; REST API,35.36,0
CAND_2949,Aditi Davis,Python / AI Engineer,10,0.7692,14,3,0,0.0,0,Diploma / Associate,6,3,0,283,Docker; PyTorch; Scikit-Learn; Git; NLP; REST API; TensorFlow; Pandas; NumPy; Python,SQL; FastAPI; Computer Vision,60.86,1
CAND_2950,Karthik Kumar,Frontend React Engineer,8,0.6154,15,3,3,1.9,2,M.Tech / M.S / Ph.D,1,5,0,460,REST API; TypeScript; Vite; React; Tailwind CSS; Redux; Git; JavaScript,Next.js; HTML5; CSS3; GraphQL; Webpack,74.67,1
CAND_2951,Vikram Singh,Mobile Application Developer,5,0.4167,8,3,0,0.3,1,B.Tech / B.E / B.S,2,7,1,382,Git; Dart; REST API; React Native; Firebase,Flutter; Android; Kotlin; Swift; Java; SQLite; UI/UX,52.81,0
CAND_2952,Rohan Brown,Mobile Application Developer,7,0.5833,14,3,0,0.8,1,B.Tech / B.E / B.S,3,5,0,607,Git; REST API; Dart; Swift; Firebase; SQLite; UI/UX,Flutter; React Native; Android; Kotlin; Java,64.62,1
CAND_2953,Karthik Chen,Fullstack Software Engineer,12,0.8571,17,2,1,5.0,1,B.Tech / B.E / B.S,1,2,1,179,React; HTML5; CSS3; Docker; Git; REST API; JavaScript; TypeScript; PostgreSQL; Java; MongoDB; Node.js,Spring Boot; SQL,87.71,1
CAND_2954,Rahul Wilson,Fullstack Software Engineer,7,0.5,9,4,2,1.7,1,B.Tech / B.E / B.S,5,7,1,346,PostgreSQL; HTML5; MongoDB; Git; Spring Boot; React; Docker,JavaScript; TypeScript; Node.js; Java; SQL; REST API; CSS3,73.5,1
CAND_2955,Vikram Smith,Frontend React Engineer,10,0.7692,17,2,0,0.4,1,B.Tech / B.E / B.S,2,3,0,506,Tailwind CSS; Webpack; JavaScript; REST API; HTML5; GraphQL; TypeScript; Vite; React; CSS3,Next.js; Redux; Git,61.73,1
CAND_2956,Maya Anderson,Python / AI Engineer,4,0.3077,6,1,1,0.4,1,B.Tech / B.E / B.S,2,9,1,345,FastAPI; Pandas; Git; Docker,Python; PyTorch; TensorFlow; Scikit-Learn; NumPy; SQL; NLP; Computer Vision; REST API,32.64,0
CAND_2957,Rohan Iyer,Backend Java Developer,7,0.5,8,2,2,7.3,0,Diploma / Associate,2,7,0,291,Maven; Git; SQL; Redis; Kafka; Java; PostgreSQL,Spring Boot; Microservices; REST API; MySQL; Hibernate; Docker; AWS,67.62,1
CAND_2958,David Wilson,Fullstack Software Engineer,10,0.7143,13,1,1,2.6,1,B.Tech / B.E / B.S,3,4,1,464,MongoDB; SQL; PostgreSQL; React; Git; REST API; CSS3; Spring Boot; TypeScript; JavaScript,Node.js; Java; Docker; HTML5,63.61,1
CAND_2959,David Smith,Mobile Application Developer,9,0.75,11,3,0,1.5,2,M.Tech / M.S / Ph.D,3,3,1,396,Swift; Dart; UI/UX; REST API; Kotlin; Firebase; Git; Android; Java,Flutter; React Native; SQLite,86.88,1
CAND_2960,James Reddy,Backend Java Developer,9,0.6429,14,2,1,0.2,1,B.Tech / B.E / B.S,3,5,0,469,MySQL; Microservices; SQL; Redis; REST API; PostgreSQL; Docker; Hibernate; Java,Spring Boot; Kafka; AWS; Git; Maven,58.2,1
CAND_2961,Emily Rao,Backend Java Developer,11,0.7857,12,1,0,0.1,1,B.Tech / B.E / B.S,2,3,0,229,Git; Kafka; MySQL; Java; Redis; Docker; Hibernate; Maven; REST API; Spring Boot; SQL,Microservices; PostgreSQL; AWS,47.48,0
CAND_2962,Sarah Thomas,Python / AI Engineer,11,0.8462,14,2,1,0.3,1,B.Tech / B.E / B.S,3,2,1,764,Docker; FastAPI; NLP; NumPy; Python; TensorFlow; PyTorch; Git; Computer Vision; REST API; Pandas,Scikit-Learn; SQL,67.58,1
CAND_2963,Sneha Johnson,Frontend React Engineer,7,0.5385,10,1,1,1.0,1,B.Tech / B.E / B.S,6,6,0,426,REST API; JavaScript; Git; Webpack; React; HTML5; CSS3,TypeScript; Next.js; Tailwind CSS; Redux; GraphQL; Vite,41.13,0
CAND_2964,Karthik Nair,Python / AI Engineer,3,0.2308,8,1,0,1.7,1,B.Tech / B.E / B.S,1,10,0,448,FastAPI; Git; Scikit-Learn,Python; PyTorch; TensorFlow; Pandas; NumPy; SQL; Docker; NLP; Computer Vision; REST API,33.5,0
CAND_2965,Daniel Gupta,Cloud & DevOps Engineer,4,0.3077,6,4,1,4.6,1,B.Tech / B.E / B.S,2,9,0,377,Prometheus; AWS; Ansible; Docker,Linux; Kubernetes; Terraform; CI/CD; Jenkins; GitHub Actions; Python; Bash; Git,55.58,0
CAND_2966,David Kumar,Backend Java Developer,6,0.4286,10,1,0,2.4,1,B.Tech / B.E / B.S,3,8,1,268,Microservices; Docker; Spring Boot; Maven; MySQL; SQL,Java; REST API; PostgreSQL; Hibernate; Redis; Kafka; AWS; Git,46.65,0
CAND_2967,Priya Davis,Python / AI Engineer,4,0.3077,7,4,2,4.4,1,B.Tech / B.E / B.S,1,9,1,320,Computer Vision; Git; REST API; Pandas,Python; PyTorch; TensorFlow; Scikit-Learn; NumPy; SQL; FastAPI; Docker; NLP,60.1,1
CAND_2968,Sarah Rao,Backend Java Developer,7,0.5,10,2,0,5.3,1,B.Tech / B.E / B.S,3,7,1,150,Java; REST API; MySQL; Microservices; PostgreSQL; Redis; AWS,Spring Boot; SQL; Hibernate; Kafka; Docker; Git; Maven,64.67,1
CAND_2969,Rahul Reddy,Frontend React Engineer,2,0.1538,7,2,0,2.1,1,B.Tech / B.E / B.S,3,11,0,256,Git; HTML5,React; JavaScript; TypeScript; Next.js; CSS3; Tailwind CSS; Redux; REST API; GraphQL; Webpack; Vite,41.08,0
CAND_2970,Rohan Taylor,Fullstack Software Engineer,5,0.3571,8,2,2,0.6,1,B.Tech / B.E / B.S,3,9,0,491,CSS3; SQL; Java; Git; HTML5,React; JavaScript; TypeScript; Node.js; Spring Boot; PostgreSQL; MongoDB; REST API; Docker,47.22,0
CAND_2971,Priya Smith,Frontend React Engineer,11,0.8462,19,1,0,1.3,1,B.Tech / B.E / B.S,3,2,1,390,Git; HTML5; React; TypeScript; Tailwind CSS; Next.js; CSS3; REST API; GraphQL; Vite; Redux,JavaScript; Webpack,59.55,1
CAND_2972,Priya Rao,Backend Java Developer,7,0.5,10,2,1,7.4,2,M.Tech / M.S / Ph.D,5,7,0,512,Maven; AWS; Java; Docker; Spring Boot; Hibernate; MySQL,Microservices; REST API; SQL; PostgreSQL; Redis; Kafka; Git,73.13,1
CAND_2973,Pooja Brown,Frontend React Engineer,4,0.3077,9,1,1,0.4,1,B.Tech / B.E / B.S,2,9,1,215,HTML5; REST API; GraphQL; Vite,React; JavaScript; TypeScript; Next.js; CSS3; Tailwind CSS; Redux; Webpack; Git,42.93,0
CAND_2974,Daniel Sharma,Backend Java Developer,4,0.2857,7,2,3,5.2,1,B.Tech / B.E / B.S,1,10,1,448,AWS; Spring Boot; PostgreSQL; REST API,Java; Microservices; SQL; MySQL; Hibernate; Redis; Kafka; Docker; Git; Maven,53.26,0
CAND_2975,Chloe Davis,Python / AI Engineer,10,0.7692,14,1,2,0.5,1,B.Tech / B.E / B.S,3,3,0,628,TensorFlow; Pandas; NumPy; Git; FastAPI; Python; Computer Vision; SQL; NLP; Docker,PyTorch; Scikit-Learn; REST API,61.72,1
CAND_2976,Pooja Verma,Frontend React Engineer,9,0.6923,10,4,4,3.8,1,B.Tech / B.E / B.S,3,4,1,414,Next.js; Git; Vite; Webpack; CSS3; GraphQL; Tailwind CSS; HTML5; TypeScript,React; JavaScript; Redux; REST API,78.63,1
CAND_2977,James Chen,Mobile Application Developer,9,0.75,12,2,0,0.2,1,B.Tech / B.E / B.S,5,3,0,294,Dart; Java; Android; React Native; UI/UX; Flutter; Git; Kotlin; SQLite,Swift; Firebase; REST API,59.17,1
CAND_2978,Daniel Taylor,Mobile Application Developer,8,0.6667,14,4,1,0.6,1,B.Tech / B.E / B.S,2,4,0,240,Dart; REST API; Flutter; Android; Git; Kotlin; SQLite; UI/UX,React Native; Swift; Java; Firebase,55.29,0
CAND_2979,Elena Gupta,Backend Java Developer,6,0.4286,9,1,1,3.3,1,B.Tech / B.E / B.S,3,8,0,581,MySQL; Docker; PostgreSQL; REST API; Java; Maven,Spring Boot; Microservices; SQL; Hibernate; Redis; Kafka; AWS; Git,56.45,0
CAND_2980,Aditi Patel,Fullstack Software Engineer,11,0.7857,13,3,0,1.1,1,B.Tech / B.E / B.S,4,3,1,355,HTML5; REST API; MongoDB; PostgreSQL; Spring Boot; SQL; JavaScript; Node.js; Java; Docker; React,TypeScript; Git; CSS3,74.96,1
CAND_2981,Aarav Nair,Backend Java Developer,11,0.7857,14,3,1,2.3,1,B.Tech / B.E / B.S,2,3,0,485,Maven; Java; Git; Kafka; Spring Boot; PostgreSQL; MySQL; AWS; SQL; Docker; Hibernate,Microservices; REST API; Redis,82.43,1
CAND_2982,Ananya Johnson,Frontend React Engineer,4,0.3077,9,0,1,0.0,2,M.Tech / M.S / Ph.D,1,9,0,284,Redux; Webpack; Git; HTML5,React; JavaScript; TypeScript; Next.js; CSS3; Tailwind CSS; REST API; GraphQL; Vite,24.04,0
CAND_2983,Pooja Thomas,Fullstack Software Engineer,7,0.5,14,2,1,3.9,1,B.Tech / B.E / B.S,4,7,1,530,Docker; SQL; React; REST API; Node.js; HTML5; Spring Boot,JavaScript; TypeScript; Java; PostgreSQL; MongoDB; Git; CSS3,69.57,1
CAND_2984,Maya Smith,Backend Java Developer,11,0.7857,11,1,0,0.9,1,B.Tech / B.E / B.S,3,3,0,277,Java; Spring Boot; SQL; Kafka; Git; Docker; AWS; Maven; Hibernate; Microservices; Redis,REST API; PostgreSQL; MySQL,58.41,1
CAND_2985,Ananya Johnson,Python / AI Engineer,6,0.4615,11,3,1,0.7,1,B.Tech / B.E / B.S,1,7,1,460,FastAPI; NumPy; Python; NLP; TensorFlow; SQL,PyTorch; Scikit-Learn; Pandas; Docker; Computer Vision; REST API; Git,55.63,0
CAND_2986,Rahul Nair,Mobile Application Developer,6,0.5,9,1,1,1.5,1,B.Tech / B.E / B.S,2,6,1,353,React Native; Android; SQLite; REST API; UI/UX; Flutter,Dart; Kotlin; Swift; Java; Firebase; Git,47.93,0
CAND_2987,Ananya Taylor,Frontend React Engineer,10,0.7692,17,3,1,0.4,1,B.Tech / B.E / B.S,3,3,1,591,CSS3; Git; Tailwind CSS; JavaScript; GraphQL; HTML5; React; Vite; TypeScript; REST API,Next.js; Redux; Webpack,73.81,1
CAND_2988,Daniel Miller,Cloud & DevOps Engineer,5,0.3846,8,3,1,1.8,2,M.Tech / M.S / Ph.D,1,8,1,553,Prometheus; Linux; CI/CD; Git; Bash,Docker; Kubernetes; AWS; Terraform; Jenkins; GitHub Actions; Ansible; Python,65.35,1
CAND_2989,Ananya Wilson,Cloud & DevOps Engineer,7,0.5385,11,5,2,2.1,1,B.Tech / B.E / B.S,3,6,1,450,Jenkins; Git; Linux; Ansible; Docker; Python; CI/CD,Kubernetes; AWS; Terraform; GitHub Actions; Bash; Prometheus,67.4,1
CAND_2990,Vikram Brown,Fullstack Software Engineer,9,0.6429,14,1,0,0.1,1,B.Tech / B.E / B.S,1,5,0,372,React; Node.js; CSS3; MongoDB; HTML5; Spring Boot; SQL; REST API; Java,JavaScript; TypeScript; PostgreSQL; Git; Docker,46.7,0
CAND_2991,Rohan Sharma,Cloud & DevOps Engineer,5,0.3846,7,3,1,5.8,1,B.Tech / B.E / B.S,3,8,0,362,Kubernetes; Bash; GitHub Actions; Docker; CI/CD,Linux; AWS; Terraform; Jenkins; Ansible; Python; Prometheus; Git,67.56,1
CAND_2992,Rahul Reddy,Backend Java Developer,3,0.2143,7,0,0,0.5,1,B.Tech / B.E / B.S,3,11,0,365,Git; REST API; SQL,Java; Spring Boot; Microservices; PostgreSQL; MySQL; Hibernate; Redis; Kafka; Docker; AWS; Maven,20.94,0
CAND_2993,Alex Smith,Fullstack Software Engineer,8,0.5714,10,2,1,1.7,1,B.Tech / B.E / B.S,3,6,1,405,CSS3; SQL; MongoDB; Docker; TypeScript; HTML5; JavaScript; Node.js,React; Java; Spring Boot; PostgreSQL; REST API; Git,62.13,1
CAND_2994,Elena Brown,Python / AI Engineer,4,0.3077,6,3,2,4.2,1,B.Tech / B.E / B.S,2,9,0,375,Computer Vision; TensorFlow; NLP; Scikit-Learn,Python; PyTorch; Pandas; NumPy; SQL; FastAPI; Docker; REST API; Git,61.65,1
CAND_2995,Daniel Kumar,Frontend React Engineer,9,0.6923,11,0,0,4.9,1,B.Tech / B.E / B.S,3,4,0,276,Vite; React; JavaScript; Next.js; HTML5; Git; Tailwind CSS; REST API; GraphQL,TypeScript; CSS3; Redux; Webpack,57.99,0
CAND_2996,Rahul Chen,Frontend React Engineer,5,0.3846,9,5,0,0.0,1,B.Tech / B.E / B.S,3,8,0,314,Next.js; Redux; Webpack; REST API; GraphQL,React; JavaScript; TypeScript; HTML5; CSS3; Tailwind CSS; Vite; Git,50.65,0
CAND_2997,Vikram Brown,Fullstack Software Engineer,10,0.7143,12,1,1,1.1,1,B.Tech / B.E / B.S,5,4,0,326,Node.js; CSS3; Git; Spring Boot; REST API; JavaScript; React; PostgreSQL; Docker; TypeScript,Java; SQL; MongoDB; HTML5,54.73,0
CAND_2998,Michael Sharma,Python / AI Engineer,11,0.8462,14,1,2,2.1,1,B.Tech / B.E / B.S,2,2,0,318,Python; Docker; NumPy; NLP; PyTorch; Pandas; TensorFlow; FastAPI; REST API; Git; SQL,Scikit-Learn; Computer Vision,72.48,1
CAND_2999,Michael Kumar,Python / AI Engineer,9,0.6923,16,1,1,8.4,1,B.Tech / B.E / B.S,2,4,1,309,Git; TensorFlow; SQL; NLP; Computer Vision; Docker; FastAPI; NumPy; REST API,Python; PyTorch; Scikit-Learn; Pandas,72.04,1
